-- MariaDB dump 10.19  Distrib 10.8.3-MariaDB, for osx10.17 (arm64)
--
-- Host: localhost    Database: my_car
-- ------------------------------------------------------
-- Server version	10.8.3-MariaDB

/*!40101 SET @OLD_CHARACTER_SET_CLIENT=@@CHARACTER_SET_CLIENT */;
/*!40101 SET @OLD_CHARACTER_SET_RESULTS=@@CHARACTER_SET_RESULTS */;
/*!40101 SET @OLD_COLLATION_CONNECTION=@@COLLATION_CONNECTION */;
/*!40101 SET NAMES utf8mb4 */;
/*!40103 SET @OLD_TIME_ZONE=@@TIME_ZONE */;
/*!40103 SET TIME_ZONE='+00:00' */;
/*!40014 SET @OLD_UNIQUE_CHECKS=@@UNIQUE_CHECKS, UNIQUE_CHECKS=0 */;
/*!40014 SET @OLD_FOREIGN_KEY_CHECKS=@@FOREIGN_KEY_CHECKS, FOREIGN_KEY_CHECKS=0 */;
/*!40101 SET @OLD_SQL_MODE=@@SQL_MODE, SQL_MODE='NO_AUTO_VALUE_ON_ZERO' */;
/*!40111 SET @OLD_SQL_NOTES=@@SQL_NOTES, SQL_NOTES=0 */;

--
-- Table structure for table `branches`
--

DROP TABLE IF EXISTS `branches`;
/*!40101 SET @saved_cs_client     = @@character_set_client */;
/*!40101 SET character_set_client = utf8 */;
CREATE TABLE `branches` (
  `id` bigint(20) NOT NULL AUTO_INCREMENT,
  `created_at` datetime(6) NOT NULL,
  `updated_at` datetime(6) NOT NULL,
  `name` varchar(100) NOT NULL,
  `address` varchar(200) NOT NULL,
  `latitude` double NOT NULL,
  `longitude` double NOT NULL,
  PRIMARY KEY (`id`)
) ENGINE=InnoDB AUTO_INCREMENT=15 DEFAULT CHARSET=utf8mb4;
/*!40101 SET character_set_client = @saved_cs_client */;

--
-- Dumping data for table `branches`
--

LOCK TABLES `branches` WRITE;
/*!40000 ALTER TABLE `branches` DISABLE KEYS */;
INSERT INTO `branches` VALUES
(1,'2022-07-07 07:40:00.000000','2022-07-07 07:40:00.000000','BMW 강남 전시장','서울특별시 강남구 도산대로 301',127.034110839609,37.52202559254),
(2,'2022-07-07 07:40:00.000000','2022-07-07 07:40:00.000000','BMW 삼성 전시장','서울특별시 강남구 영동대로 301',127.066667411329,37.5013458204344),
(3,'2022-07-07 07:40:00.000000','2022-07-07 07:40:00.000000','BMW 부천 전시장','경기도 부천시 경인로 96',126.765992384872,37.483698134572),
(4,'2022-07-07 07:40:00.000000','2022-07-07 07:40:00.000000','BMW 분당 전시장','경기도 성남시 분당구 서현로429번길 2',127.144554682494,37.3743698649541),
(5,'2022-07-07 07:40:00.000000','2022-07-07 07:40:00.000000','BMW 위례 스마트 쇼룸','경기도 하남시 위례대로 200, B401호, 1213호',127.148404124838,37.4801356884837),
(6,'2022-07-07 07:40:00.000000','2022-07-07 07:40:00.000000','BMW 의정부 전시장','경기도 의정부시 동일로 198',127.05791988224,37.706414341252),
(7,'2022-07-07 07:40:00.000000','2022-07-07 07:40:00.000000','BMW 대전 전시장','대전광역시 유성구 한밭대로492번길 8',127.353120213396,36.359325866979),
(8,'2022-07-07 07:40:00.000000','2022-07-07 07:40:00.000000','BMW 대전 아트앤사이언스 전시장','대전광역시 유성구 엑스포로 1, 6층 (도룡동)',127.3820651968,36.3751016880633),
(9,'2022-07-07 07:40:00.000000','2022-07-07 07:40:00.000000','BMW 구미 전시장','경상북도 구미시 구미대로 198',128.363303622342,36.104275355764),
(10,'2022-07-07 07:40:00.000000','2022-07-07 07:40:00.000000','BMW 김해 전시장','경상남도 김해시 김해대로2324번길 40-31(봉황동)',128.878796243924,35.2255515708606),
(11,'2022-07-07 07:40:00.000000','2022-07-07 07:40:00.000000','BMW 대구 전시장','대구광역시 수성구 동대구로 132',128.624885703101,35.8420799010038),
(12,'2022-07-07 07:40:00.000000','2022-07-07 07:40:00.000000','BMW 부산(남구) 전시장','부산광역시 남구 수영로 342',129.103165101124,35.1385706176281),
(13,'2022-07-07 07:40:00.000000','2022-07-07 07:40:00.000000','BMW 순천 전시장','전라남도 순천시 서면 백강로 609',127.513969390348,34.9845671514485),
(14,'2022-07-07 07:40:00.000000','2022-07-07 07:40:00.000000','BMW 광주 전시장','광주광역시 서구 죽봉대로 72',126.883795049984,35.1597608535698);
/*!40000 ALTER TABLE `branches` ENABLE KEYS */;
UNLOCK TABLES;

--
-- Table structure for table `cars`
--

DROP TABLE IF EXISTS `cars`;
/*!40101 SET @saved_cs_client     = @@character_set_client */;
/*!40101 SET character_set_client = utf8 */;
CREATE TABLE `cars` (
  `id` bigint(20) NOT NULL AUTO_INCREMENT,
  `created_at` datetime(6) NOT NULL,
  `updated_at` datetime(6) NOT NULL,
  `owner` varchar(15) NOT NULL,
  `car_number` varchar(15) NOT NULL,
  `phone_number` varchar(20) NOT NULL,
  `kakao_id` bigint(20) DEFAULT NULL,
  `car_name` varchar(50) NOT NULL,
  `trim` varchar(50) NOT NULL,
  `body_shape` varchar(50) NOT NULL,
  `color` varchar(50) NOT NULL,
  `model_year` varchar(50) NOT NULL,
  `first_registration_year` varchar(50) NOT NULL,
  `engine` varchar(50) NOT NULL,
  `transmission` varchar(50) NOT NULL,
  `manufacturer` varchar(50) NOT NULL,
  `factory_price` bigint(20) DEFAULT NULL,
  PRIMARY KEY (`id`),
  UNIQUE KEY `car_number` (`car_number`),
  UNIQUE KEY `cars_kakao_id_760b3f0d_uniq` (`kakao_id`)
) ENGINE=InnoDB AUTO_INCREMENT=22 DEFAULT CHARSET=utf8mb4;
/*!40101 SET character_set_client = @saved_cs_client */;

--
-- Dumping data for table `cars`
--

LOCK TABLES `cars` WRITE;
/*!40000 ALTER TABLE `cars` DISABLE KEYS */;
INSERT INTO `cars` VALUES
(1,'2022-07-12 08:18:24.312771','2022-07-12 08:18:24.315695','조하루','777코1664','010-1234-5678',123456,'5시리즈 (G30)','520d xDrive M 스포츠 플러스','준대형 세단','실외: Black metallic, 실내:Leather Mocha','2017','2017년 03월','디젤','오토 A/T','BMW',10000),
(2,'2022-07-12 08:47:51.517175','2022-07-12 08:47:51.517274','류하겸','777코1361','010-1234-5678',234556,'5시리즈 (G30)','520d xDrive M 스포츠 플러스','준대형 세단','실외: Black metallic, 실내:Leather Mocha','2017','2017년 03월','디젤','오토 A/T','BMW',10000),
(3,'2022-07-12 08:49:51.177704','2022-07-12 08:49:51.177761','한담이','777코1389','010-1234-5678',3445677,'5시리즈 (G30)','520d xDrive M 스포츠 플러스','준대형 세단','실외: Black metallic, 실내:Leather Mocha','2017','2017년 03월','디젤','오토 A/T','BMW',10000),
(4,'2022-07-12 09:32:20.278009','2022-07-12 09:32:20.278911','서용준','777코1304','010-1234-5678',567788,'5시리즈 (G30)','520d xDrive M 스포츠 플러스','준대형 세단','실외: Black metallic, 실내:Leather Mocha','2017','2017년 03월','디젤','오토 A/T','BMW',10000),
(5,'2022-07-12 11:09:00.888057','2022-07-12 11:09:00.888155','서용준','777코1305','010-1234-5678',123456789,'5시리즈 (G30)','520d xDrive M 스포츠 플러스','준대형 세단','실외: Black metallic, 실내:Leather Mocha','2017','2017년 03월','디젤','오토 A/T','BMW',10000),
(7,'2022-07-12 14:09:40.714014','2022-07-12 14:09:40.714082','서용준','777코1307','010-1234-5678',1234567890,'5시리즈 (G30)','520d xDrive M 스포츠 플러스','준대형 세단','실외: Black metallic, 실내:Leather Mocha','2017','2017년 03월','디젤','오토 A/T','BMW',10000),
(13,'2022-07-12 14:27:17.415953','2022-07-12 14:27:17.416033','류도건','777코1646','',2336190923,'5시리즈 (G30)','520d xDrive M 스포츠','준대형 세단','실외: Black metallic, 실내:Leather Mocha','2017','2017년 03월','디젤','오토 A/T','BMW',10000),
(15,'2022-07-13 19:55:22.310760','2022-07-13 19:55:22.310884','고건호','777코2351','010-1234-5678',6736190929,'5시리즈 (G30)','520d xDrive M 스포츠 플러스','준대형 세단','실외: Black metallic, 실내:Leather Mocha','2017','2017년 03월','디젤','오토 A/T','BMW',10000),
(18,'2022-07-13 19:59:47.147855','2022-07-13 19:59:47.147995','최민','777코2352','010-1234-5678',6736190930,'5시리즈 (G30)','520d xDrive M 스포츠 플러스','준대형 세단','실외: Black metallic, 실내:Leather Mocha','2017','2017년 03월','디젤','오토 A/T','BMW',10000),
(21,'2022-07-13 21:01:37.005805','2022-07-13 21:01:37.005874','조도하','777코2181','',2336190929,'7시리즈 (G11)','730Ld xDrive','대형 세단','실외: Black metallic, 실내:Leather Mocha','2016','2016년 01월','디젤','오토 A/T','BMW',17300);
/*!40000 ALTER TABLE `cars` ENABLE KEYS */;
UNLOCK TABLES;

--
-- Table structure for table `cars_completion`
--

DROP TABLE IF EXISTS `cars_completion`;
/*!40101 SET @saved_cs_client     = @@character_set_client */;
/*!40101 SET character_set_client = utf8 */;
CREATE TABLE `cars_completion` (
  `id` bigint(20) NOT NULL AUTO_INCREMENT,
  `created_at` datetime(6) NOT NULL,
  `updated_at` datetime(6) NOT NULL,
  `user_phone_number` varchar(20) NOT NULL,
  `owner` varchar(15) NOT NULL,
  `car_number` varchar(15) NOT NULL,
  `car_name` varchar(50) NOT NULL,
  `trim` varchar(50) NOT NULL,
  `body_shape` varchar(50) NOT NULL,
  `color` varchar(50) NOT NULL,
  `model_year` varchar(50) NOT NULL,
  `first_registration_year` varchar(50) NOT NULL,
  `engine` varchar(50) NOT NULL,
  `transmission` varchar(50) NOT NULL,
  `manufacturer` varchar(50) NOT NULL,
  `factory_price` bigint(20) NOT NULL,
  `kakao_id` bigint(20) NOT NULL,
  `sunroof` tinyint(1) NOT NULL,
  `navigation` tinyint(1) NOT NULL,
  `ventilation_seat` tinyint(1) NOT NULL,
  `heated_seat` tinyint(1) NOT NULL,
  `electric_seat` tinyint(1) NOT NULL,
  `smart_key` tinyint(1) NOT NULL,
  `leather_seat` tinyint(1) NOT NULL,
  `electric_folding_mirror` tinyint(1) NOT NULL,
  `accident_status` tinyint(1) NOT NULL,
  `spare_key` int(11) NOT NULL,
  `wheel_scratch` int(11) NOT NULL,
  `outer_plate_scratch` int(11) NOT NULL,
  `other_maintenance_repair` longtext NOT NULL,
  `other_special` longtext NOT NULL,
  `quote_requested` datetime(6) NOT NULL,
  `dealer_assigned` datetime(6) NOT NULL,
  `dealer_consulting` datetime(6) NOT NULL,
  `selling_requested` datetime(6) NOT NULL,
  `selling_completed` datetime(6) NOT NULL,
  `termination` datetime(6) NOT NULL,
  `process_state` varchar(100) NOT NULL,
  `dealer_name` varchar(20) NOT NULL,
  `branch_name` varchar(20) NOT NULL,
  `consulting_content` longtext NOT NULL,
  PRIMARY KEY (`id`),
  UNIQUE KEY `car_number` (`car_number`)
) ENGINE=InnoDB DEFAULT CHARSET=utf8mb4;
/*!40101 SET character_set_client = @saved_cs_client */;

--
-- Dumping data for table `cars_completion`
--

LOCK TABLES `cars_completion` WRITE;
/*!40000 ALTER TABLE `cars_completion` DISABLE KEYS */;
/*!40000 ALTER TABLE `cars_completion` ENABLE KEYS */;
UNLOCK TABLES;

--
-- Table structure for table `consulting`
--

DROP TABLE IF EXISTS `consulting`;
/*!40101 SET @saved_cs_client     = @@character_set_client */;
/*!40101 SET character_set_client = utf8 */;
CREATE TABLE `consulting` (
  `id` bigint(20) NOT NULL AUTO_INCREMENT,
  `created_at` datetime(6) NOT NULL,
  `updated_at` datetime(6) NOT NULL,
  `content` longtext NOT NULL,
  `dealer_id` bigint(20) NOT NULL,
  `estimate_id` bigint(20) NOT NULL,
  PRIMARY KEY (`id`),
  KEY `consulting_dealer_id_567053a1_fk_dealers_id` (`dealer_id`),
  KEY `consulting_estimate_id_6389cc8c_fk_estimates_id` (`estimate_id`),
  CONSTRAINT `consulting_dealer_id_567053a1_fk_dealers_id` FOREIGN KEY (`dealer_id`) REFERENCES `dealers` (`id`),
  CONSTRAINT `consulting_estimate_id_6389cc8c_fk_estimates_id` FOREIGN KEY (`estimate_id`) REFERENCES `estimates` (`id`)
) ENGINE=InnoDB AUTO_INCREMENT=7 DEFAULT CHARSET=utf8mb4;
/*!40101 SET character_set_client = @saved_cs_client */;

--
-- Dumping data for table `consulting`
--

LOCK TABLES `consulting` WRITE;
/*!40000 ALTER TABLE `consulting` DISABLE KEYS */;
INSERT INTO `consulting` VALUES
(1,'2022-07-12 08:46:34.370531','2022-07-13 18:15:19.846250','',62,1),
(3,'2022-07-13 17:50:37.303415','2022-07-13 20:15:10.993155','aaaczxccfsdfdsf',2,2),
(4,'2022-07-13 17:55:52.250356','2022-07-13 17:55:52.250493','',8,3),
(5,'2022-07-13 20:27:06.355690','2022-07-13 20:27:06.356587','',1,12),
(6,'2022-07-13 20:30:38.174787','2022-07-13 20:30:38.176121','',1,11);
/*!40000 ALTER TABLE `consulting` ENABLE KEYS */;
UNLOCK TABLES;

--
-- Table structure for table `dealers`
--

DROP TABLE IF EXISTS `dealers`;
/*!40101 SET @saved_cs_client     = @@character_set_client */;
/*!40101 SET character_set_client = utf8 */;
CREATE TABLE `dealers` (
  `id` bigint(20) NOT NULL AUTO_INCREMENT,
  `created_at` datetime(6) NOT NULL,
  `updated_at` datetime(6) NOT NULL,
  `level` varchar(200) NOT NULL,
  `dealer_id` varchar(100) NOT NULL,
  `dealer_password` varchar(200) NOT NULL,
  `name` varchar(50) NOT NULL,
  `branch_id` bigint(20) NOT NULL,
  PRIMARY KEY (`id`),
  KEY `dealers_branch_id_c09906b9_fk_branches_id` (`branch_id`),
  CONSTRAINT `dealers_branch_id_c09906b9_fk_branches_id` FOREIGN KEY (`branch_id`) REFERENCES `branches` (`id`)
) ENGINE=InnoDB AUTO_INCREMENT=285 DEFAULT CHARSET=utf8mb4;
/*!40101 SET character_set_client = @saved_cs_client */;

--
-- Dumping data for table `dealers`
--

LOCK TABLES `dealers` WRITE;
/*!40000 ALTER TABLE `dealers` DISABLE KEYS */;
INSERT INTO `dealers` VALUES
(1,'2022-07-07 07:40:00.000000','2022-07-07 07:40:00.000000','Showroom Manager','mycar_1234','$2b$12$rnr5/lt1FS5HFVR6E9Bjmu.akCSMN9mxTdTPgRAn0DsCaVd3QOlGS','이준',1),
(2,'2022-07-07 07:40:00.000000','2022-07-07 07:40:00.000000','Sales Consultant','mycar_1235','$2b$12$rnr5/lt1FS5HFVR6E9Bjmu.akCSMN9mxTdTPgRAn0DsCaVd3QOlGS','서준',1),
(3,'2022-07-07 07:40:00.000000','2022-07-07 07:40:00.000000','Sales Consultant','mycar_1236','$2b$12$rnr5/lt1FS5HFVR6E9Bjmu.akCSMN9mxTdTPgRAn0DsCaVd3QOlGS','하준',1),
(4,'2022-07-07 07:40:00.000000','2022-07-07 07:40:00.000000','Sales Consultant','mycar_1237','$2b$12$rnr5/lt1FS5HFVR6E9Bjmu.akCSMN9mxTdTPgRAn0DsCaVd3QOlGS','유준',1),
(5,'2022-07-07 07:40:00.000000','2022-07-07 07:40:00.000000','Sales Consultant','mycar_1238','$2b$12$rnr5/lt1FS5HFVR6E9Bjmu.akCSMN9mxTdTPgRAn0DsCaVd3QOlGS','수호',1),
(6,'2022-07-07 07:40:00.000000','2022-07-07 07:40:00.000000','Sales Consultant','mycar_1239','$2b$12$rnr5/lt1FS5HFVR6E9Bjmu.akCSMN9mxTdTPgRAn0DsCaVd3QOlGS','예준',1),
(7,'2022-07-07 07:40:00.000000','2022-07-07 07:40:00.000000','Sales Consultant','mycar_1240','$2b$12$rnr5/lt1FS5HFVR6E9Bjmu.akCSMN9mxTdTPgRAn0DsCaVd3QOlGS','도현',1),
(8,'2022-07-07 07:40:00.000000','2022-07-07 07:40:00.000000','Sales Consultant','mycar_1241','$2b$12$rnr5/lt1FS5HFVR6E9Bjmu.akCSMN9mxTdTPgRAn0DsCaVd3QOlGS','우진',1),
(9,'2022-07-07 07:40:00.000000','2022-07-07 07:40:00.000000','Sales Consultant','mycar_1242','$2b$12$rnr5/lt1FS5HFVR6E9Bjmu.akCSMN9mxTdTPgRAn0DsCaVd3QOlGS','민준',1),
(10,'2022-07-07 07:40:00.000000','2022-07-07 07:40:00.000000','Sales Consultant','mycar_1243','$2b$12$rnr5/lt1FS5HFVR6E9Bjmu.akCSMN9mxTdTPgRAn0DsCaVd3QOlGS','윤우',1),
(11,'2022-07-07 07:40:00.000000','2022-07-07 07:40:00.000000','Sales Consultant','mycar_1244','$2b$12$rnr5/lt1FS5HFVR6E9Bjmu.akCSMN9mxTdTPgRAn0DsCaVd3QOlGS','준우',1),
(12,'2022-07-07 07:40:00.000000','2022-07-07 07:40:00.000000','Sales Consultant','mycar_1245','$2b$12$rnr5/lt1FS5HFVR6E9Bjmu.akCSMN9mxTdTPgRAn0DsCaVd3QOlGS','건우',1),
(13,'2022-07-07 07:40:00.000000','2022-07-07 07:40:00.000000','Sales Consultant','mycar_1246','$2b$12$rnr5/lt1FS5HFVR6E9Bjmu.akCSMN9mxTdTPgRAn0DsCaVd3QOlGS','태오',1),
(14,'2022-07-07 07:40:00.000000','2022-07-07 07:40:00.000000','Sales Consultant','mycar_1247','$2b$12$rnr5/lt1FS5HFVR6E9Bjmu.akCSMN9mxTdTPgRAn0DsCaVd3QOlGS','준서',1),
(15,'2022-07-07 07:40:00.000000','2022-07-07 07:40:00.000000','Sales Consultant','mycar_1248','$2b$12$rnr5/lt1FS5HFVR6E9Bjmu.akCSMN9mxTdTPgRAn0DsCaVd3QOlGS','현우',1),
(16,'2022-07-07 07:40:00.000000','2022-07-07 07:40:00.000000','Sales Consultant','mycar_1249','$2b$12$rnr5/lt1FS5HFVR6E9Bjmu.akCSMN9mxTdTPgRAn0DsCaVd3QOlGS','지훈',1),
(17,'2022-07-07 07:40:00.000000','2022-07-07 07:40:00.000000','Sales Consultant','mycar_1250','$2b$12$rnr5/lt1FS5HFVR6E9Bjmu.akCSMN9mxTdTPgRAn0DsCaVd3QOlGS','지한',1),
(18,'2022-07-07 07:40:00.000000','2022-07-07 07:40:00.000000','Sales Consultant','mycar_1251','$2b$12$rnr5/lt1FS5HFVR6E9Bjmu.akCSMN9mxTdTPgRAn0DsCaVd3QOlGS','정우',1),
(19,'2022-07-07 07:40:00.000000','2022-07-07 07:40:00.000000','Sales Consultant','mycar_1252','$2b$12$rnr5/lt1FS5HFVR6E9Bjmu.akCSMN9mxTdTPgRAn0DsCaVd3QOlGS','시후',1),
(20,'2022-07-07 07:40:00.000000','2022-07-07 07:40:00.000000','Sales Consultant','mycar_1253','$2b$12$rnr5/lt1FS5HFVR6E9Bjmu.akCSMN9mxTdTPgRAn0DsCaVd3QOlGS','단우',1),
(21,'2022-07-07 07:40:00.000000','2022-07-07 07:40:00.000000','Showroom Manager','mycar_1254','$2b$12$rnr5/lt1FS5HFVR6E9Bjmu.akCSMN9mxTdTPgRAn0DsCaVd3QOlGS','승우',2),
(22,'2022-07-07 07:40:00.000000','2022-07-07 07:40:00.000000','Sales Consultant','mycar_1255','$2b$12$rnr5/lt1FS5HFVR6E9Bjmu.akCSMN9mxTdTPgRAn0DsCaVd3QOlGS','유찬',2),
(23,'2022-07-07 07:40:00.000000','2022-07-07 07:40:00.000000','Sales Consultant','mycar_1256','$2b$12$rnr5/lt1FS5HFVR6E9Bjmu.akCSMN9mxTdTPgRAn0DsCaVd3QOlGS','도율',2),
(24,'2022-07-07 07:40:00.000000','2022-07-07 07:40:00.000000','Sales Consultant','mycar_1257','$2b$12$rnr5/lt1FS5HFVR6E9Bjmu.akCSMN9mxTdTPgRAn0DsCaVd3QOlGS','우빈',2),
(25,'2022-07-07 07:40:00.000000','2022-07-07 07:40:00.000000','Sales Consultant','mycar_1258','$2b$12$rnr5/lt1FS5HFVR6E9Bjmu.akCSMN9mxTdTPgRAn0DsCaVd3QOlGS','이한',2),
(26,'2022-07-07 07:40:00.000000','2022-07-07 07:40:00.000000','Sales Consultant','mycar_1259','$2b$12$rnr5/lt1FS5HFVR6E9Bjmu.akCSMN9mxTdTPgRAn0DsCaVd3QOlGS','한결',2),
(27,'2022-07-07 07:40:00.000000','2022-07-07 07:40:00.000000','Sales Consultant','mycar_1260','$2b$12$rnr5/lt1FS5HFVR6E9Bjmu.akCSMN9mxTdTPgRAn0DsCaVd3QOlGS','주안',2),
(28,'2022-07-07 07:40:00.000000','2022-07-07 07:40:00.000000','Sales Consultant','mycar_1261','$2b$12$rnr5/lt1FS5HFVR6E9Bjmu.akCSMN9mxTdTPgRAn0DsCaVd3QOlGS','태윤',2),
(29,'2022-07-07 07:40:00.000000','2022-07-07 07:40:00.000000','Sales Consultant','mycar_1262','$2b$12$rnr5/lt1FS5HFVR6E9Bjmu.akCSMN9mxTdTPgRAn0DsCaVd3QOlGS','서호',2),
(30,'2022-07-07 07:40:00.000000','2022-07-07 07:40:00.000000','Sales Consultant','mycar_1263','$2b$12$rnr5/lt1FS5HFVR6E9Bjmu.akCSMN9mxTdTPgRAn0DsCaVd3QOlGS','아준',2),
(31,'2022-07-07 07:40:00.000000','2022-07-07 07:40:00.000000','Sales Consultant','mycar_1264','$2b$12$rnr5/lt1FS5HFVR6E9Bjmu.akCSMN9mxTdTPgRAn0DsCaVd3QOlGS','진우',2),
(32,'2022-07-07 07:40:00.000000','2022-07-07 07:40:00.000000','Sales Consultant','mycar_1265','$2b$12$rnr5/lt1FS5HFVR6E9Bjmu.akCSMN9mxTdTPgRAn0DsCaVd3QOlGS','윤재',2),
(33,'2022-07-07 07:40:00.000000','2022-07-07 07:40:00.000000','Sales Consultant','mycar_1266','$2b$12$rnr5/lt1FS5HFVR6E9Bjmu.akCSMN9mxTdTPgRAn0DsCaVd3QOlGS','서후',2),
(34,'2022-07-07 07:40:00.000000','2022-07-07 07:40:00.000000','Sales Consultant','mycar_1267','$2b$12$rnr5/lt1FS5HFVR6E9Bjmu.akCSMN9mxTdTPgRAn0DsCaVd3QOlGS','주호',2),
(35,'2022-07-07 07:40:00.000000','2022-07-07 07:40:00.000000','Sales Consultant','mycar_1268','$2b$12$rnr5/lt1FS5HFVR6E9Bjmu.akCSMN9mxTdTPgRAn0DsCaVd3QOlGS','재윤',2),
(36,'2022-07-07 07:40:00.000000','2022-07-07 07:40:00.000000','Sales Consultant','mycar_1269','$2b$12$rnr5/lt1FS5HFVR6E9Bjmu.akCSMN9mxTdTPgRAn0DsCaVd3QOlGS','재하',2),
(37,'2022-07-07 07:40:00.000000','2022-07-07 07:40:00.000000','Sales Consultant','mycar_1270','$2b$12$rnr5/lt1FS5HFVR6E9Bjmu.akCSMN9mxTdTPgRAn0DsCaVd3QOlGS','윤호',2),
(38,'2022-07-07 07:40:00.000000','2022-07-07 07:40:00.000000','Sales Consultant','mycar_1271','$2b$12$rnr5/lt1FS5HFVR6E9Bjmu.akCSMN9mxTdTPgRAn0DsCaVd3QOlGS','민재',2),
(39,'2022-07-07 07:40:00.000000','2022-07-07 07:40:00.000000','Sales Consultant','mycar_1272','$2b$12$rnr5/lt1FS5HFVR6E9Bjmu.akCSMN9mxTdTPgRAn0DsCaVd3QOlGS','준',2),
(40,'2022-07-07 07:40:00.000000','2022-07-07 07:40:00.000000','Sales Consultant','mycar_1273','$2b$12$rnr5/lt1FS5HFVR6E9Bjmu.akCSMN9mxTdTPgRAn0DsCaVd3QOlGS','이찬',2),
(41,'2022-07-07 07:40:00.000000','2022-07-07 07:40:00.000000','Showroom Manager','mycar_1274','$2b$12$rnr5/lt1FS5HFVR6E9Bjmu.akCSMN9mxTdTPgRAn0DsCaVd3QOlGS','도겸',3),
(42,'2022-07-07 07:40:00.000000','2022-07-07 07:40:00.000000','Sales Consultant','mycar_1275','$2b$12$rnr5/lt1FS5HFVR6E9Bjmu.akCSMN9mxTdTPgRAn0DsCaVd3QOlGS','도준',3),
(43,'2022-07-07 07:40:00.000000','2022-07-07 07:40:00.000000','Sales Consultant','mycar_1276','$2b$12$rnr5/lt1FS5HFVR6E9Bjmu.akCSMN9mxTdTPgRAn0DsCaVd3QOlGS','이도',3),
(44,'2022-07-07 07:40:00.000000','2022-07-07 07:40:00.000000','Sales Consultant','mycar_1277','$2b$12$rnr5/lt1FS5HFVR6E9Bjmu.akCSMN9mxTdTPgRAn0DsCaVd3QOlGS','선호',3),
(45,'2022-07-07 07:40:00.000000','2022-07-07 07:40:00.000000','Sales Consultant','mycar_1278','$2b$12$rnr5/lt1FS5HFVR6E9Bjmu.akCSMN9mxTdTPgRAn0DsCaVd3QOlGS','태양',3),
(46,'2022-07-07 07:40:00.000000','2022-07-07 07:40:00.000000','Sales Consultant','mycar_1279','$2b$12$rnr5/lt1FS5HFVR6E9Bjmu.akCSMN9mxTdTPgRAn0DsCaVd3QOlGS','도원',3),
(47,'2022-07-07 07:40:00.000000','2022-07-07 07:40:00.000000','Sales Consultant','mycar_1280','$2b$12$rnr5/lt1FS5HFVR6E9Bjmu.akCSMN9mxTdTPgRAn0DsCaVd3QOlGS','로건',3),
(48,'2022-07-07 07:40:00.000000','2022-07-07 07:40:00.000000','Sales Consultant','mycar_1281','$2b$12$rnr5/lt1FS5HFVR6E9Bjmu.akCSMN9mxTdTPgRAn0DsCaVd3QOlGS','민호',3),
(49,'2022-07-07 07:40:00.000000','2022-07-07 07:40:00.000000','Sales Consultant','mycar_1282','$2b$12$rnr5/lt1FS5HFVR6E9Bjmu.akCSMN9mxTdTPgRAn0DsCaVd3QOlGS','은찬',3),
(50,'2022-07-07 07:40:00.000000','2022-07-07 07:40:00.000000','Sales Consultant','mycar_1283','$2b$12$rnr5/lt1FS5HFVR6E9Bjmu.akCSMN9mxTdTPgRAn0DsCaVd3QOlGS','시훈',3),
(51,'2022-07-07 07:40:00.000000','2022-07-07 07:40:00.000000','Sales Consultant','mycar_1284','$2b$12$rnr5/lt1FS5HFVR6E9Bjmu.akCSMN9mxTdTPgRAn0DsCaVd3QOlGS','건',3),
(52,'2022-07-07 07:40:00.000000','2022-07-07 07:40:00.000000','Sales Consultant','mycar_1285','$2b$12$rnr5/lt1FS5HFVR6E9Bjmu.akCSMN9mxTdTPgRAn0DsCaVd3QOlGS','준호',3),
(53,'2022-07-07 07:40:00.000000','2022-07-07 07:40:00.000000','Sales Consultant','mycar_1286','$2b$12$rnr5/lt1FS5HFVR6E9Bjmu.akCSMN9mxTdTPgRAn0DsCaVd3QOlGS','지환',3),
(54,'2022-07-07 07:40:00.000000','2022-07-07 07:40:00.000000','Sales Consultant','mycar_1287','$2b$12$rnr5/lt1FS5HFVR6E9Bjmu.akCSMN9mxTdTPgRAn0DsCaVd3QOlGS','현준',3),
(55,'2022-07-07 07:40:00.000000','2022-07-07 07:40:00.000000','Sales Consultant','mycar_1288','$2b$12$rnr5/lt1FS5HFVR6E9Bjmu.akCSMN9mxTdTPgRAn0DsCaVd3QOlGS','도훈',3),
(56,'2022-07-07 07:40:00.000000','2022-07-07 07:40:00.000000','Sales Consultant','mycar_1289','$2b$12$rnr5/lt1FS5HFVR6E9Bjmu.akCSMN9mxTdTPgRAn0DsCaVd3QOlGS','정후',3),
(57,'2022-07-07 07:40:00.000000','2022-07-07 07:40:00.000000','Sales Consultant','mycar_1290','$2b$12$rnr5/lt1FS5HFVR6E9Bjmu.akCSMN9mxTdTPgRAn0DsCaVd3QOlGS','태하',3),
(58,'2022-07-07 07:40:00.000000','2022-07-07 07:40:00.000000','Sales Consultant','mycar_1291','$2b$12$rnr5/lt1FS5HFVR6E9Bjmu.akCSMN9mxTdTPgRAn0DsCaVd3QOlGS','태율',3),
(59,'2022-07-07 07:40:00.000000','2022-07-07 07:40:00.000000','Sales Consultant','mycar_1292','$2b$12$rnr5/lt1FS5HFVR6E9Bjmu.akCSMN9mxTdTPgRAn0DsCaVd3QOlGS','태준',3),
(60,'2022-07-07 07:40:00.000000','2022-07-07 07:40:00.000000','Sales Consultant','mycar_1293','$2b$12$rnr5/lt1FS5HFVR6E9Bjmu.akCSMN9mxTdTPgRAn0DsCaVd3QOlGS','재율',3),
(61,'2022-07-07 07:40:00.000000','2022-07-07 07:40:00.000000','Showroom Manager','mycar_1294','$2b$12$rnr5/lt1FS5HFVR6E9Bjmu.akCSMN9mxTdTPgRAn0DsCaVd3QOlGS','유건',4),
(62,'2022-07-07 07:40:00.000000','2022-07-07 07:40:00.000000','Sales Consultant','mycar_1295','$2b$12$rnr5/lt1FS5HFVR6E9Bjmu.akCSMN9mxTdTPgRAn0DsCaVd3QOlGS','승현',4),
(63,'2022-07-07 07:40:00.000000','2022-07-07 07:40:00.000000','Sales Consultant','mycar_1296','$2b$12$rnr5/lt1FS5HFVR6E9Bjmu.akCSMN9mxTdTPgRAn0DsCaVd3QOlGS','시완',4),
(64,'2022-07-07 07:40:00.000000','2022-07-07 07:40:00.000000','Sales Consultant','mycar_1297','$2b$12$rnr5/lt1FS5HFVR6E9Bjmu.akCSMN9mxTdTPgRAn0DsCaVd3QOlGS','연준',4),
(65,'2022-07-07 07:40:00.000000','2022-07-07 07:40:00.000000','Sales Consultant','mycar_1298','$2b$12$rnr5/lt1FS5HFVR6E9Bjmu.akCSMN9mxTdTPgRAn0DsCaVd3QOlGS','도영',4),
(66,'2022-07-07 07:40:00.000000','2022-07-07 07:40:00.000000','Sales Consultant','mycar_1299','$2b$12$rnr5/lt1FS5HFVR6E9Bjmu.akCSMN9mxTdTPgRAn0DsCaVd3QOlGS','민찬',4),
(67,'2022-07-07 07:40:00.000000','2022-07-07 07:40:00.000000','Sales Consultant','mycar_1300','$2b$12$rnr5/lt1FS5HFVR6E9Bjmu.akCSMN9mxTdTPgRAn0DsCaVd3QOlGS','도운',4),
(68,'2022-07-07 07:40:00.000000','2022-07-07 07:40:00.000000','Sales Consultant','mycar_1301','$2b$12$rnr5/lt1FS5HFVR6E9Bjmu.akCSMN9mxTdTPgRAn0DsCaVd3QOlGS','민우',4),
(69,'2022-07-07 07:40:00.000000','2022-07-07 07:40:00.000000','Sales Consultant','mycar_1302','$2b$12$rnr5/lt1FS5HFVR6E9Bjmu.akCSMN9mxTdTPgRAn0DsCaVd3QOlGS','하성',4),
(70,'2022-07-07 07:40:00.000000','2022-07-07 07:40:00.000000','Sales Consultant','mycar_1303','$2b$12$rnr5/lt1FS5HFVR6E9Bjmu.akCSMN9mxTdTPgRAn0DsCaVd3QOlGS','해준',4),
(71,'2022-07-07 07:40:00.000000','2022-07-07 07:40:00.000000','Sales Consultant','mycar_1304','$2b$12$rnr5/lt1FS5HFVR6E9Bjmu.akCSMN9mxTdTPgRAn0DsCaVd3QOlGS','시환',4),
(72,'2022-07-07 07:40:00.000000','2022-07-07 07:40:00.000000','Sales Consultant','mycar_1305','$2b$12$rnr5/lt1FS5HFVR6E9Bjmu.akCSMN9mxTdTPgRAn0DsCaVd3QOlGS','도진',4),
(73,'2022-07-07 07:40:00.000000','2022-07-07 07:40:00.000000','Sales Consultant','mycar_1306','$2b$12$rnr5/lt1FS5HFVR6E9Bjmu.akCSMN9mxTdTPgRAn0DsCaVd3QOlGS','예찬',4),
(74,'2022-07-07 07:40:00.000000','2022-07-07 07:40:00.000000','Sales Consultant','mycar_1307','$2b$12$rnr5/lt1FS5HFVR6E9Bjmu.akCSMN9mxTdTPgRAn0DsCaVd3QOlGS','태민',4),
(75,'2022-07-07 07:40:00.000000','2022-07-07 07:40:00.000000','Sales Consultant','mycar_1308','$2b$12$rnr5/lt1FS5HFVR6E9Bjmu.akCSMN9mxTdTPgRAn0DsCaVd3QOlGS','지혁',4),
(76,'2022-07-07 07:40:00.000000','2022-07-07 07:40:00.000000','Sales Consultant','mycar_1309','$2b$12$rnr5/lt1FS5HFVR6E9Bjmu.akCSMN9mxTdTPgRAn0DsCaVd3QOlGS','재현',4),
(77,'2022-07-07 07:40:00.000000','2022-07-07 07:40:00.000000','Sales Consultant','mycar_1310','$2b$12$rnr5/lt1FS5HFVR6E9Bjmu.akCSMN9mxTdTPgRAn0DsCaVd3QOlGS','신우',4),
(78,'2022-07-07 07:40:00.000000','2022-07-07 07:40:00.000000','Sales Consultant','mycar_1311','$2b$12$rnr5/lt1FS5HFVR6E9Bjmu.akCSMN9mxTdTPgRAn0DsCaVd3QOlGS','도건',4),
(79,'2022-07-07 07:40:00.000000','2022-07-07 07:40:00.000000','Sales Consultant','mycar_1312','$2b$12$rnr5/lt1FS5HFVR6E9Bjmu.akCSMN9mxTdTPgRAn0DsCaVd3QOlGS','산',4),
(80,'2022-07-07 07:40:00.000000','2022-07-07 07:40:00.000000','Sales Consultant','mycar_1313','$2b$12$rnr5/lt1FS5HFVR6E9Bjmu.akCSMN9mxTdTPgRAn0DsCaVd3QOlGS','연호',4),
(81,'2022-07-07 07:40:00.000000','2022-07-07 07:40:00.000000','Showroom Manager','mycar_1314','$2b$12$rnr5/lt1FS5HFVR6E9Bjmu.akCSMN9mxTdTPgRAn0DsCaVd3QOlGS','지완',5),
(82,'2022-07-07 07:40:00.000000','2022-07-07 07:40:00.000000','Sales Consultant','mycar_1315','$2b$12$rnr5/lt1FS5HFVR6E9Bjmu.akCSMN9mxTdTPgRAn0DsCaVd3QOlGS','찬',5),
(83,'2022-07-07 07:40:00.000000','2022-07-07 07:40:00.000000','Sales Consultant','mycar_1316','$2b$12$rnr5/lt1FS5HFVR6E9Bjmu.akCSMN9mxTdTPgRAn0DsCaVd3QOlGS','은성',5),
(84,'2022-07-07 07:40:00.000000','2022-07-07 07:40:00.000000','Sales Consultant','mycar_1317','$2b$12$rnr5/lt1FS5HFVR6E9Bjmu.akCSMN9mxTdTPgRAn0DsCaVd3QOlGS','재원',5),
(85,'2022-07-07 07:40:00.000000','2022-07-07 07:40:00.000000','Sales Consultant','mycar_1318','$2b$12$rnr5/lt1FS5HFVR6E9Bjmu.akCSMN9mxTdTPgRAn0DsCaVd3QOlGS','승호',5),
(86,'2022-07-07 07:40:00.000000','2022-07-07 07:40:00.000000','Sales Consultant','mycar_1319','$2b$12$rnr5/lt1FS5HFVR6E9Bjmu.akCSMN9mxTdTPgRAn0DsCaVd3QOlGS','태현',5),
(87,'2022-07-07 07:40:00.000000','2022-07-07 07:40:00.000000','Sales Consultant','mycar_1320','$2b$12$rnr5/lt1FS5HFVR6E9Bjmu.akCSMN9mxTdTPgRAn0DsCaVd3QOlGS','성준',5),
(88,'2022-07-07 07:40:00.000000','2022-07-07 07:40:00.000000','Sales Consultant','mycar_1321','$2b$12$rnr5/lt1FS5HFVR6E9Bjmu.akCSMN9mxTdTPgRAn0DsCaVd3QOlGS','리한',5),
(89,'2022-07-07 07:40:00.000000','2022-07-07 07:40:00.000000','Sales Consultant','mycar_1322','$2b$12$rnr5/lt1FS5HFVR6E9Bjmu.akCSMN9mxTdTPgRAn0DsCaVd3QOlGS','준혁',5),
(90,'2022-07-07 07:40:00.000000','2022-07-07 07:40:00.000000','Sales Consultant','mycar_1323','$2b$12$rnr5/lt1FS5HFVR6E9Bjmu.akCSMN9mxTdTPgRAn0DsCaVd3QOlGS','강민',5),
(91,'2022-07-07 07:40:00.000000','2022-07-07 07:40:00.000000','Sales Consultant','mycar_1324','$2b$12$rnr5/lt1FS5HFVR6E9Bjmu.akCSMN9mxTdTPgRAn0DsCaVd3QOlGS','예성',5),
(92,'2022-07-07 07:40:00.000000','2022-07-07 07:40:00.000000','Sales Consultant','mycar_1325','$2b$12$rnr5/lt1FS5HFVR6E9Bjmu.akCSMN9mxTdTPgRAn0DsCaVd3QOlGS','윤성',5),
(93,'2022-07-07 07:40:00.000000','2022-07-07 07:40:00.000000','Sales Consultant','mycar_1326','$2b$12$rnr5/lt1FS5HFVR6E9Bjmu.akCSMN9mxTdTPgRAn0DsCaVd3QOlGS','리호',5),
(94,'2022-07-07 07:40:00.000000','2022-07-07 07:40:00.000000','Sales Consultant','mycar_1327','$2b$12$rnr5/lt1FS5HFVR6E9Bjmu.akCSMN9mxTdTPgRAn0DsCaVd3QOlGS','우찬',5),
(95,'2022-07-07 07:40:00.000000','2022-07-07 07:40:00.000000','Sales Consultant','mycar_1328','$2b$12$rnr5/lt1FS5HFVR6E9Bjmu.akCSMN9mxTdTPgRAn0DsCaVd3QOlGS','리우',5),
(96,'2022-07-07 07:40:00.000000','2022-07-07 07:40:00.000000','Sales Consultant','mycar_1329','$2b$12$rnr5/lt1FS5HFVR6E9Bjmu.akCSMN9mxTdTPgRAn0DsCaVd3QOlGS','결',5),
(97,'2022-07-07 07:40:00.000000','2022-07-07 07:40:00.000000','Sales Consultant','mycar_1330','$2b$12$rnr5/lt1FS5HFVR6E9Bjmu.akCSMN9mxTdTPgRAn0DsCaVd3QOlGS','지성',5),
(98,'2022-07-07 07:40:00.000000','2022-07-07 07:40:00.000000','Sales Consultant','mycar_1331','$2b$12$rnr5/lt1FS5HFVR6E9Bjmu.akCSMN9mxTdTPgRAn0DsCaVd3QOlGS','인우',5),
(99,'2022-07-07 07:40:00.000000','2022-07-07 07:40:00.000000','Sales Consultant','mycar_1332','$2b$12$rnr5/lt1FS5HFVR6E9Bjmu.akCSMN9mxTdTPgRAn0DsCaVd3QOlGS','규빈',5),
(100,'2022-07-07 07:40:00.000000','2022-07-07 07:40:00.000000','Sales Consultant','mycar_1333','$2b$12$rnr5/lt1FS5HFVR6E9Bjmu.akCSMN9mxTdTPgRAn0DsCaVd3QOlGS','윤후',5),
(101,'2022-07-07 07:40:00.000000','2022-07-07 07:40:00.000000','Showroom Manager','mycar_1334','$2b$12$rnr5/lt1FS5HFVR6E9Bjmu.akCSMN9mxTdTPgRAn0DsCaVd3QOlGS','노아',6),
(102,'2022-07-07 07:40:00.000000','2022-07-07 07:40:00.000000','Sales Consultant','mycar_1335','$2b$12$rnr5/lt1FS5HFVR6E9Bjmu.akCSMN9mxTdTPgRAn0DsCaVd3QOlGS','규민',6),
(103,'2022-07-07 07:40:00.000000','2022-07-07 07:40:00.000000','Sales Consultant','mycar_1336','$2b$12$rnr5/lt1FS5HFVR6E9Bjmu.akCSMN9mxTdTPgRAn0DsCaVd3QOlGS','우준',6),
(104,'2022-07-07 07:40:00.000000','2022-07-07 07:40:00.000000','Sales Consultant','mycar_1337','$2b$12$rnr5/lt1FS5HFVR6E9Bjmu.akCSMN9mxTdTPgRAn0DsCaVd3QOlGS','준영',6),
(105,'2022-07-07 07:40:00.000000','2022-07-07 07:40:00.000000','Sales Consultant','mycar_1338','$2b$12$rnr5/lt1FS5HFVR6E9Bjmu.akCSMN9mxTdTPgRAn0DsCaVd3QOlGS','민성',6),
(106,'2022-07-07 07:40:00.000000','2022-07-07 07:40:00.000000','Sales Consultant','mycar_1339','$2b$12$rnr5/lt1FS5HFVR6E9Bjmu.akCSMN9mxTdTPgRAn0DsCaVd3QOlGS','동하',6),
(107,'2022-07-07 07:40:00.000000','2022-07-07 07:40:00.000000','Sales Consultant','mycar_1340','$2b$12$rnr5/lt1FS5HFVR6E9Bjmu.akCSMN9mxTdTPgRAn0DsCaVd3QOlGS','건율',6),
(108,'2022-07-07 07:40:00.000000','2022-07-07 07:40:00.000000','Sales Consultant','mycar_1341','$2b$12$rnr5/lt1FS5HFVR6E9Bjmu.akCSMN9mxTdTPgRAn0DsCaVd3QOlGS','우현',6),
(109,'2022-07-07 07:40:00.000000','2022-07-07 07:40:00.000000','Sales Consultant','mycar_1342','$2b$12$rnr5/lt1FS5HFVR6E9Bjmu.akCSMN9mxTdTPgRAn0DsCaVd3QOlGS','세준',6),
(110,'2022-07-07 07:40:00.000000','2022-07-07 07:40:00.000000','Sales Consultant','mycar_1343','$2b$12$rnr5/lt1FS5HFVR6E9Bjmu.akCSMN9mxTdTPgRAn0DsCaVd3QOlGS','건후',6),
(111,'2022-07-07 07:40:00.000000','2022-07-07 07:40:00.000000','Sales Consultant','mycar_1344','$2b$12$rnr5/lt1FS5HFVR6E9Bjmu.akCSMN9mxTdTPgRAn0DsCaVd3QOlGS','승민',6),
(112,'2022-07-07 07:40:00.000000','2022-07-07 07:40:00.000000','Sales Consultant','mycar_1345','$2b$12$rnr5/lt1FS5HFVR6E9Bjmu.akCSMN9mxTdTPgRAn0DsCaVd3QOlGS','정현',6),
(113,'2022-07-07 07:40:00.000000','2022-07-07 07:40:00.000000','Sales Consultant','mycar_1346','$2b$12$rnr5/lt1FS5HFVR6E9Bjmu.akCSMN9mxTdTPgRAn0DsCaVd3QOlGS','하담',6),
(114,'2022-07-07 07:40:00.000000','2022-07-07 07:40:00.000000','Sales Consultant','mycar_1347','$2b$12$rnr5/lt1FS5HFVR6E9Bjmu.akCSMN9mxTdTPgRAn0DsCaVd3QOlGS','원우',6),
(115,'2022-07-07 07:40:00.000000','2022-07-07 07:40:00.000000','Sales Consultant','mycar_1348','$2b$12$rnr5/lt1FS5HFVR6E9Bjmu.akCSMN9mxTdTPgRAn0DsCaVd3QOlGS','강',6),
(116,'2022-07-07 07:40:00.000000','2022-07-07 07:40:00.000000','Sales Consultant','mycar_1349','$2b$12$rnr5/lt1FS5HFVR6E9Bjmu.akCSMN9mxTdTPgRAn0DsCaVd3QOlGS','민건',6),
(117,'2022-07-07 07:40:00.000000','2022-07-07 07:40:00.000000','Sales Consultant','mycar_1350','$2b$12$rnr5/lt1FS5HFVR6E9Bjmu.akCSMN9mxTdTPgRAn0DsCaVd3QOlGS','태호',6),
(118,'2022-07-07 07:40:00.000000','2022-07-07 07:40:00.000000','Sales Consultant','mycar_1351','$2b$12$rnr5/lt1FS5HFVR6E9Bjmu.akCSMN9mxTdTPgRAn0DsCaVd3QOlGS','시헌',6),
(119,'2022-07-07 07:40:00.000000','2022-07-07 07:40:00.000000','Sales Consultant','mycar_1352','$2b$12$rnr5/lt1FS5HFVR6E9Bjmu.akCSMN9mxTdTPgRAn0DsCaVd3QOlGS','승재',6),
(120,'2022-07-07 07:40:00.000000','2022-07-07 07:40:00.000000','Sales Consultant','mycar_1353','$2b$12$rnr5/lt1FS5HFVR6E9Bjmu.akCSMN9mxTdTPgRAn0DsCaVd3QOlGS','승윤',6),
(121,'2022-07-07 07:40:00.000000','2022-07-07 07:40:00.000000','Showroom Manager','mycar_1354','$2b$12$rnr5/lt1FS5HFVR6E9Bjmu.akCSMN9mxTdTPgRAn0DsCaVd3QOlGS','준후',7),
(122,'2022-07-07 07:40:00.000000','2022-07-07 07:40:00.000000','Sales Consultant','mycar_1355','$2b$12$rnr5/lt1FS5HFVR6E9Bjmu.akCSMN9mxTdTPgRAn0DsCaVd3QOlGS','건호',7),
(123,'2022-07-07 07:40:00.000000','2022-07-07 07:40:00.000000','Sales Consultant','mycar_1356','$2b$12$rnr5/lt1FS5HFVR6E9Bjmu.akCSMN9mxTdTPgRAn0DsCaVd3QOlGS','지운',7),
(124,'2022-07-07 07:40:00.000000','2022-07-07 07:40:00.000000','Sales Consultant','mycar_1357','$2b$12$rnr5/lt1FS5HFVR6E9Bjmu.akCSMN9mxTdTPgRAn0DsCaVd3QOlGS','로한',7),
(125,'2022-07-07 07:40:00.000000','2022-07-07 07:40:00.000000','Sales Consultant','mycar_1358','$2b$12$rnr5/lt1FS5HFVR6E9Bjmu.akCSMN9mxTdTPgRAn0DsCaVd3QOlGS','우재',7),
(126,'2022-07-07 07:40:00.000000','2022-07-07 07:40:00.000000','Sales Consultant','mycar_1359','$2b$12$rnr5/lt1FS5HFVR6E9Bjmu.akCSMN9mxTdTPgRAn0DsCaVd3QOlGS','주한',7),
(127,'2022-07-07 07:40:00.000000','2022-07-07 07:40:00.000000','Sales Consultant','mycar_1360','$2b$12$rnr5/lt1FS5HFVR6E9Bjmu.akCSMN9mxTdTPgRAn0DsCaVd3QOlGS','건희',7),
(128,'2022-07-07 07:40:00.000000','2022-07-07 07:40:00.000000','Sales Consultant','mycar_1361','$2b$12$rnr5/lt1FS5HFVR6E9Bjmu.akCSMN9mxTdTPgRAn0DsCaVd3QOlGS','윤찬',7),
(129,'2022-07-07 07:40:00.000000','2022-07-07 07:40:00.000000','Sales Consultant','mycar_1362','$2b$12$rnr5/lt1FS5HFVR6E9Bjmu.akCSMN9mxTdTPgRAn0DsCaVd3QOlGS','강준',7),
(130,'2022-07-07 07:40:00.000000','2022-07-07 07:40:00.000000','Sales Consultant','mycar_1363','$2b$12$rnr5/lt1FS5HFVR6E9Bjmu.akCSMN9mxTdTPgRAn0DsCaVd3QOlGS','수혁',7),
(131,'2022-07-07 07:40:00.000000','2022-07-07 07:40:00.000000','Sales Consultant','mycar_1364','$2b$12$rnr5/lt1FS5HFVR6E9Bjmu.akCSMN9mxTdTPgRAn0DsCaVd3QOlGS','승준',7),
(132,'2022-07-07 07:40:00.000000','2022-07-07 07:40:00.000000','Sales Consultant','mycar_1365','$2b$12$rnr5/lt1FS5HFVR6E9Bjmu.akCSMN9mxTdTPgRAn0DsCaVd3QOlGS','주환',7),
(133,'2022-07-07 07:40:00.000000','2022-07-07 07:40:00.000000','Sales Consultant','mycar_1366','$2b$12$rnr5/lt1FS5HFVR6E9Bjmu.akCSMN9mxTdTPgRAn0DsCaVd3QOlGS','찬율',7),
(134,'2022-07-07 07:40:00.000000','2022-07-07 07:40:00.000000','Sales Consultant','mycar_1367','$2b$12$rnr5/lt1FS5HFVR6E9Bjmu.akCSMN9mxTdTPgRAn0DsCaVd3QOlGS','성민',7),
(135,'2022-07-07 07:40:00.000000','2022-07-07 07:40:00.000000','Sales Consultant','mycar_1368','$2b$12$rnr5/lt1FS5HFVR6E9Bjmu.akCSMN9mxTdTPgRAn0DsCaVd3QOlGS','정민',7),
(136,'2022-07-07 07:40:00.000000','2022-07-07 07:40:00.000000','Sales Consultant','mycar_1369','$2b$12$rnr5/lt1FS5HFVR6E9Bjmu.akCSMN9mxTdTPgRAn0DsCaVd3QOlGS','강우',7),
(137,'2022-07-07 07:40:00.000000','2022-07-07 07:40:00.000000','Sales Consultant','mycar_1370','$2b$12$rnr5/lt1FS5HFVR6E9Bjmu.akCSMN9mxTdTPgRAn0DsCaVd3QOlGS','재민',7),
(138,'2022-07-07 07:40:00.000000','2022-07-07 07:40:00.000000','Sales Consultant','mycar_1371','$2b$12$rnr5/lt1FS5HFVR6E9Bjmu.akCSMN9mxTdTPgRAn0DsCaVd3QOlGS','도빈',7),
(139,'2022-07-07 07:40:00.000000','2022-07-07 07:40:00.000000','Sales Consultant','mycar_1372','$2b$12$rnr5/lt1FS5HFVR6E9Bjmu.akCSMN9mxTdTPgRAn0DsCaVd3QOlGS','유호',7),
(140,'2022-07-07 07:40:00.000000','2022-07-07 07:40:00.000000','Sales Consultant','mycar_1373','$2b$12$rnr5/lt1FS5HFVR6E9Bjmu.akCSMN9mxTdTPgRAn0DsCaVd3QOlGS','윤건',7),
(141,'2022-07-07 07:40:00.000000','2022-07-07 07:40:00.000000','Showroom Manager','mycar_1374','$2b$12$rnr5/lt1FS5HFVR6E9Bjmu.akCSMN9mxTdTPgRAn0DsCaVd3QOlGS','찬영',8),
(142,'2022-07-07 07:40:00.000000','2022-07-07 07:40:00.000000','Sales Consultant','mycar_1375','$2b$12$rnr5/lt1FS5HFVR6E9Bjmu.akCSMN9mxTdTPgRAn0DsCaVd3QOlGS','로윤',8),
(143,'2022-07-07 07:40:00.000000','2022-07-07 07:40:00.000000','Sales Consultant','mycar_1376','$2b$12$rnr5/lt1FS5HFVR6E9Bjmu.akCSMN9mxTdTPgRAn0DsCaVd3QOlGS','준수',8),
(144,'2022-07-07 07:40:00.000000','2022-07-07 07:40:00.000000','Sales Consultant','mycar_1377','$2b$12$rnr5/lt1FS5HFVR6E9Bjmu.akCSMN9mxTdTPgRAn0DsCaVd3QOlGS','원',8),
(145,'2022-07-07 07:40:00.000000','2022-07-07 07:40:00.000000','Sales Consultant','mycar_1378','$2b$12$rnr5/lt1FS5HFVR6E9Bjmu.akCSMN9mxTdTPgRAn0DsCaVd3QOlGS','동윤',8),
(146,'2022-07-07 07:40:00.000000','2022-07-07 07:40:00.000000','Sales Consultant','mycar_1379','$2b$12$rnr5/lt1FS5HFVR6E9Bjmu.akCSMN9mxTdTPgRAn0DsCaVd3QOlGS','주완',8),
(147,'2022-07-07 07:40:00.000000','2022-07-07 07:40:00.000000','Sales Consultant','mycar_1380','$2b$12$rnr5/lt1FS5HFVR6E9Bjmu.akCSMN9mxTdTPgRAn0DsCaVd3QOlGS','현호',8),
(148,'2022-07-07 07:40:00.000000','2022-07-07 07:40:00.000000','Sales Consultant','mycar_1381','$2b$12$rnr5/lt1FS5HFVR6E9Bjmu.akCSMN9mxTdTPgRAn0DsCaVd3QOlGS','호준',8),
(149,'2022-07-07 07:40:00.000000','2022-07-07 07:40:00.000000','Sales Consultant','mycar_1382','$2b$12$rnr5/lt1FS5HFVR6E9Bjmu.akCSMN9mxTdTPgRAn0DsCaVd3QOlGS','민혁',8),
(150,'2022-07-07 07:40:00.000000','2022-07-07 07:40:00.000000','Sales Consultant','mycar_1383','$2b$12$rnr5/lt1FS5HFVR6E9Bjmu.akCSMN9mxTdTPgRAn0DsCaVd3QOlGS','강현',8),
(151,'2022-07-07 07:40:00.000000','2022-07-07 07:40:00.000000','Sales Consultant','mycar_1384','$2b$12$rnr5/lt1FS5HFVR6E9Bjmu.akCSMN9mxTdTPgRAn0DsCaVd3QOlGS','정훈',8),
(152,'2022-07-07 07:40:00.000000','2022-07-07 07:40:00.000000','Sales Consultant','mycar_1385','$2b$12$rnr5/lt1FS5HFVR6E9Bjmu.akCSMN9mxTdTPgRAn0DsCaVd3QOlGS','승빈',8),
(153,'2022-07-07 07:40:00.000000','2022-07-07 07:40:00.000000','Sales Consultant','mycar_1386','$2b$12$rnr5/lt1FS5HFVR6E9Bjmu.akCSMN9mxTdTPgRAn0DsCaVd3QOlGS','해든',8),
(154,'2022-07-07 07:40:00.000000','2022-07-07 07:40:00.000000','Sales Consultant','mycar_1387','$2b$12$rnr5/lt1FS5HFVR6E9Bjmu.akCSMN9mxTdTPgRAn0DsCaVd3QOlGS','은준',8),
(155,'2022-07-07 07:40:00.000000','2022-07-07 07:40:00.000000','Sales Consultant','mycar_1388','$2b$12$rnr5/lt1FS5HFVR6E9Bjmu.akCSMN9mxTdTPgRAn0DsCaVd3QOlGS','주영',8),
(156,'2022-07-07 07:40:00.000000','2022-07-07 07:40:00.000000','Sales Consultant','mycar_1389','$2b$12$rnr5/lt1FS5HFVR6E9Bjmu.akCSMN9mxTdTPgRAn0DsCaVd3QOlGS','우성',8),
(157,'2022-07-07 07:40:00.000000','2022-07-07 07:40:00.000000','Sales Consultant','mycar_1390','$2b$12$rnr5/lt1FS5HFVR6E9Bjmu.akCSMN9mxTdTPgRAn0DsCaVd3QOlGS','태건',8),
(158,'2022-07-07 07:40:00.000000','2022-07-07 07:40:00.000000','Sales Consultant','mycar_1391','$2b$12$rnr5/lt1FS5HFVR6E9Bjmu.akCSMN9mxTdTPgRAn0DsCaVd3QOlGS','시준',8),
(159,'2022-07-07 07:40:00.000000','2022-07-07 07:40:00.000000','Sales Consultant','mycar_1392','$2b$12$rnr5/lt1FS5HFVR6E9Bjmu.akCSMN9mxTdTPgRAn0DsCaVd3QOlGS','해성',8),
(160,'2022-07-07 07:40:00.000000','2022-07-07 07:40:00.000000','Sales Consultant','mycar_1393','$2b$12$rnr5/lt1FS5HFVR6E9Bjmu.akCSMN9mxTdTPgRAn0DsCaVd3QOlGS','동현',8),
(161,'2022-07-07 07:40:00.000000','2022-07-07 07:40:00.000000','Showroom Manager','mycar_1394','$2b$12$rnr5/lt1FS5HFVR6E9Bjmu.akCSMN9mxTdTPgRAn0DsCaVd3QOlGS','상윤',9),
(162,'2022-07-07 07:40:00.000000','2022-07-07 07:40:00.000000','Sales Consultant','mycar_1395','$2b$12$rnr5/lt1FS5HFVR6E9Bjmu.akCSMN9mxTdTPgRAn0DsCaVd3QOlGS','한율',9),
(163,'2022-07-07 07:40:00.000000','2022-07-07 07:40:00.000000','Sales Consultant','mycar_1396','$2b$12$rnr5/lt1FS5HFVR6E9Bjmu.akCSMN9mxTdTPgRAn0DsCaVd3QOlGS','승유',9),
(164,'2022-07-07 07:40:00.000000','2022-07-07 07:40:00.000000','Sales Consultant','mycar_1397','$2b$12$rnr5/lt1FS5HFVR6E9Bjmu.akCSMN9mxTdTPgRAn0DsCaVd3QOlGS','재훈',9),
(165,'2022-07-07 07:40:00.000000','2022-07-07 07:40:00.000000','Sales Consultant','mycar_1398','$2b$12$rnr5/lt1FS5HFVR6E9Bjmu.akCSMN9mxTdTPgRAn0DsCaVd3QOlGS','지웅',9),
(166,'2022-07-07 07:40:00.000000','2022-07-07 07:40:00.000000','Sales Consultant','mycar_1399','$2b$12$rnr5/lt1FS5HFVR6E9Bjmu.akCSMN9mxTdTPgRAn0DsCaVd3QOlGS','하겸',9),
(167,'2022-07-07 07:40:00.000000','2022-07-07 07:40:00.000000','Sales Consultant','mycar_1400','$2b$12$rnr5/lt1FS5HFVR6E9Bjmu.akCSMN9mxTdTPgRAn0DsCaVd3QOlGS','우영',9),
(168,'2022-07-07 07:40:00.000000','2022-07-07 07:40:00.000000','Sales Consultant','mycar_1401','$2b$12$rnr5/lt1FS5HFVR6E9Bjmu.akCSMN9mxTdTPgRAn0DsCaVd3QOlGS','예건',9),
(169,'2022-07-07 07:40:00.000000','2022-07-07 07:40:00.000000','Sales Consultant','mycar_1402','$2b$12$rnr5/lt1FS5HFVR6E9Bjmu.akCSMN9mxTdTPgRAn0DsCaVd3QOlGS','준성',9),
(170,'2022-07-07 07:40:00.000000','2022-07-07 07:40:00.000000','Sales Consultant','mycar_1403','$2b$12$rnr5/lt1FS5HFVR6E9Bjmu.akCSMN9mxTdTPgRAn0DsCaVd3QOlGS','주혁',9),
(171,'2022-07-07 07:40:00.000000','2022-07-07 07:40:00.000000','Sales Consultant','mycar_1404','$2b$12$rnr5/lt1FS5HFVR6E9Bjmu.akCSMN9mxTdTPgRAn0DsCaVd3QOlGS','호',9),
(172,'2022-07-07 07:40:00.000000','2022-07-07 07:40:00.000000','Sales Consultant','mycar_1405','$2b$12$rnr5/lt1FS5HFVR6E9Bjmu.akCSMN9mxTdTPgRAn0DsCaVd3QOlGS','연후',9),
(173,'2022-07-07 07:40:00.000000','2022-07-07 07:40:00.000000','Sales Consultant','mycar_1406','$2b$12$rnr5/lt1FS5HFVR6E9Bjmu.akCSMN9mxTdTPgRAn0DsCaVd3QOlGS','찬우',9),
(174,'2022-07-07 07:40:00.000000','2022-07-07 07:40:00.000000','Sales Consultant','mycar_1407','$2b$12$rnr5/lt1FS5HFVR6E9Bjmu.akCSMN9mxTdTPgRAn0DsCaVd3QOlGS','모건',9),
(175,'2022-07-07 07:40:00.000000','2022-07-07 07:40:00.000000','Sales Consultant','mycar_1408','$2b$12$rnr5/lt1FS5HFVR6E9Bjmu.akCSMN9mxTdTPgRAn0DsCaVd3QOlGS','여준',9),
(176,'2022-07-07 07:40:00.000000','2022-07-07 07:40:00.000000','Sales Consultant','mycar_1409','$2b$12$rnr5/lt1FS5HFVR6E9Bjmu.akCSMN9mxTdTPgRAn0DsCaVd3QOlGS','성현',9),
(177,'2022-07-07 07:40:00.000000','2022-07-07 07:40:00.000000','Sales Consultant','mycar_1410','$2b$12$rnr5/lt1FS5HFVR6E9Bjmu.akCSMN9mxTdTPgRAn0DsCaVd3QOlGS','건하',9),
(178,'2022-07-07 07:40:00.000000','2022-07-07 07:40:00.000000','Sales Consultant','mycar_1411','$2b$12$rnr5/lt1FS5HFVR6E9Bjmu.akCSMN9mxTdTPgRAn0DsCaVd3QOlGS','로빈',9),
(179,'2022-07-07 07:40:00.000000','2022-07-07 07:40:00.000000','Sales Consultant','mycar_1412','$2b$12$rnr5/lt1FS5HFVR6E9Bjmu.akCSMN9mxTdTPgRAn0DsCaVd3QOlGS','준이',9),
(180,'2022-07-07 07:40:00.000000','2022-07-07 07:40:00.000000','Sales Consultant','mycar_1413','$2b$12$rnr5/lt1FS5HFVR6E9Bjmu.akCSMN9mxTdTPgRAn0DsCaVd3QOlGS','태경',9),
(181,'2022-07-07 07:40:00.000000','2022-07-07 07:40:00.000000','Showroom Manager','mycar_1414','$2b$12$rnr5/lt1FS5HFVR6E9Bjmu.akCSMN9mxTdTPgRAn0DsCaVd3QOlGS','인호',10),
(182,'2022-07-07 07:40:00.000000','2022-07-07 07:40:00.000000','Sales Consultant','mycar_1415','$2b$12$rnr5/lt1FS5HFVR6E9Bjmu.akCSMN9mxTdTPgRAn0DsCaVd3QOlGS','세훈',10),
(183,'2022-07-07 07:40:00.000000','2022-07-07 07:40:00.000000','Sales Consultant','mycar_1416','$2b$12$rnr5/lt1FS5HFVR6E9Bjmu.akCSMN9mxTdTPgRAn0DsCaVd3QOlGS','찬희',10),
(184,'2022-07-07 07:40:00.000000','2022-07-07 07:40:00.000000','Sales Consultant','mycar_1417','$2b$12$rnr5/lt1FS5HFVR6E9Bjmu.akCSMN9mxTdTPgRAn0DsCaVd3QOlGS','성윤',10),
(185,'2022-07-07 07:40:00.000000','2022-07-07 07:40:00.000000','Sales Consultant','mycar_1418','$2b$12$rnr5/lt1FS5HFVR6E9Bjmu.akCSMN9mxTdTPgRAn0DsCaVd3QOlGS','원준',10),
(186,'2022-07-07 07:40:00.000000','2022-07-07 07:40:00.000000','Sales Consultant','mycar_1419','$2b$12$rnr5/lt1FS5HFVR6E9Bjmu.akCSMN9mxTdTPgRAn0DsCaVd3QOlGS','이건',10),
(187,'2022-07-07 07:40:00.000000','2022-07-07 07:40:00.000000','Sales Consultant','mycar_1420','$2b$12$rnr5/lt1FS5HFVR6E9Bjmu.akCSMN9mxTdTPgRAn0DsCaVd3QOlGS','승원',10),
(188,'2022-07-07 07:40:00.000000','2022-07-07 07:40:00.000000','Sales Consultant','mycar_1421','$2b$12$rnr5/lt1FS5HFVR6E9Bjmu.akCSMN9mxTdTPgRAn0DsCaVd3QOlGS','범준',10),
(189,'2022-07-07 07:40:00.000000','2022-07-07 07:40:00.000000','Sales Consultant','mycar_1422','$2b$12$rnr5/lt1FS5HFVR6E9Bjmu.akCSMN9mxTdTPgRAn0DsCaVd3QOlGS','민규',10),
(190,'2022-07-07 07:40:00.000000','2022-07-07 07:40:00.000000','Sales Consultant','mycar_1423','$2b$12$rnr5/lt1FS5HFVR6E9Bjmu.akCSMN9mxTdTPgRAn0DsCaVd3QOlGS','리오',10),
(191,'2022-07-07 07:40:00.000000','2022-07-07 07:40:00.000000','Sales Consultant','mycar_1424','$2b$12$rnr5/lt1FS5HFVR6E9Bjmu.akCSMN9mxTdTPgRAn0DsCaVd3QOlGS','민결',10),
(192,'2022-07-07 07:40:00.000000','2022-07-07 07:40:00.000000','Sales Consultant','mycar_1425','$2b$12$rnr5/lt1FS5HFVR6E9Bjmu.akCSMN9mxTdTPgRAn0DsCaVd3QOlGS','지용',10),
(193,'2022-07-07 07:40:00.000000','2022-07-07 07:40:00.000000','Sales Consultant','mycar_1426','$2b$12$rnr5/lt1FS5HFVR6E9Bjmu.akCSMN9mxTdTPgRAn0DsCaVd3QOlGS','재호',10),
(194,'2022-07-07 07:40:00.000000','2022-07-07 07:40:00.000000','Sales Consultant','mycar_1427','$2b$12$rnr5/lt1FS5HFVR6E9Bjmu.akCSMN9mxTdTPgRAn0DsCaVd3QOlGS','용준',10),
(195,'2022-07-07 07:40:00.000000','2022-07-07 07:40:00.000000','Sales Consultant','mycar_1428','$2b$12$rnr5/lt1FS5HFVR6E9Bjmu.akCSMN9mxTdTPgRAn0DsCaVd3QOlGS','승후',10),
(196,'2022-07-07 07:40:00.000000','2022-07-07 07:40:00.000000','Sales Consultant','mycar_1429','$2b$12$rnr5/lt1FS5HFVR6E9Bjmu.akCSMN9mxTdTPgRAn0DsCaVd3QOlGS','현진',10),
(197,'2022-07-07 07:40:00.000000','2022-07-07 07:40:00.000000','Sales Consultant','mycar_1430','$2b$12$rnr5/lt1FS5HFVR6E9Bjmu.akCSMN9mxTdTPgRAn0DsCaVd3QOlGS','재준',10),
(198,'2022-07-07 07:40:00.000000','2022-07-07 07:40:00.000000','Sales Consultant','mycar_1431','$2b$12$rnr5/lt1FS5HFVR6E9Bjmu.akCSMN9mxTdTPgRAn0DsCaVd3QOlGS','동욱',10),
(199,'2022-07-07 07:40:00.000000','2022-07-07 07:40:00.000000','Sales Consultant','mycar_1432','$2b$12$rnr5/lt1FS5HFVR6E9Bjmu.akCSMN9mxTdTPgRAn0DsCaVd3QOlGS','성빈',10),
(200,'2022-07-07 07:40:00.000000','2022-07-07 07:40:00.000000','Sales Consultant','mycar_1433','$2b$12$rnr5/lt1FS5HFVR6E9Bjmu.akCSMN9mxTdTPgRAn0DsCaVd3QOlGS','요한',10),
(201,'2022-07-07 07:40:00.000000','2022-07-07 07:40:00.000000','Showroom Manager','mycar_1434','$2b$12$rnr5/lt1FS5HFVR6E9Bjmu.akCSMN9mxTdTPgRAn0DsCaVd3QOlGS','혜성',11),
(202,'2022-07-07 07:40:00.000000','2022-07-07 07:40:00.000000','Sales Consultant','mycar_1435','$2b$12$rnr5/lt1FS5HFVR6E9Bjmu.akCSMN9mxTdTPgRAn0DsCaVd3QOlGS','도헌',11),
(203,'2022-07-07 07:40:00.000000','2022-07-07 07:40:00.000000','Sales Consultant','mycar_1436','$2b$12$rnr5/lt1FS5HFVR6E9Bjmu.akCSMN9mxTdTPgRAn0DsCaVd3QOlGS','이환',11),
(204,'2022-07-07 07:40:00.000000','2022-07-07 07:40:00.000000','Sales Consultant','mycar_1437','$2b$12$rnr5/lt1FS5HFVR6E9Bjmu.akCSMN9mxTdTPgRAn0DsCaVd3QOlGS','현승',11),
(205,'2022-07-07 07:40:00.000000','2022-07-07 07:40:00.000000','Sales Consultant','mycar_1438','$2b$12$rnr5/lt1FS5HFVR6E9Bjmu.akCSMN9mxTdTPgRAn0DsCaVd3QOlGS','이헌',11),
(206,'2022-07-07 07:40:00.000000','2022-07-07 07:40:00.000000','Sales Consultant','mycar_1439','$2b$12$rnr5/lt1FS5HFVR6E9Bjmu.akCSMN9mxTdTPgRAn0DsCaVd3QOlGS','채우',11),
(207,'2022-07-07 07:40:00.000000','2022-07-07 07:40:00.000000','Sales Consultant','mycar_1440','$2b$12$rnr5/lt1FS5HFVR6E9Bjmu.akCSMN9mxTdTPgRAn0DsCaVd3QOlGS','은후',11),
(208,'2022-07-07 07:40:00.000000','2022-07-07 07:40:00.000000','Sales Consultant','mycar_1441','$2b$12$rnr5/lt1FS5HFVR6E9Bjmu.akCSMN9mxTdTPgRAn0DsCaVd3QOlGS','루이',11),
(209,'2022-07-07 07:40:00.000000','2022-07-07 07:40:00.000000','Sales Consultant','mycar_1442','$2b$12$rnr5/lt1FS5HFVR6E9Bjmu.akCSMN9mxTdTPgRAn0DsCaVd3QOlGS','서한',11),
(210,'2022-07-07 07:40:00.000000','2022-07-07 07:40:00.000000','Sales Consultant','mycar_1443','$2b$12$rnr5/lt1FS5HFVR6E9Bjmu.akCSMN9mxTdTPgRAn0DsCaVd3QOlGS','효준',11),
(211,'2022-07-07 07:40:00.000000','2022-07-07 07:40:00.000000','Sales Consultant','mycar_1444','$2b$12$rnr5/lt1FS5HFVR6E9Bjmu.akCSMN9mxTdTPgRAn0DsCaVd3QOlGS','현민',11),
(212,'2022-07-07 07:40:00.000000','2022-07-07 07:40:00.000000','Sales Consultant','mycar_1445','$2b$12$rnr5/lt1FS5HFVR6E9Bjmu.akCSMN9mxTdTPgRAn0DsCaVd3QOlGS','한서',11),
(213,'2022-07-07 07:40:00.000000','2022-07-07 07:40:00.000000','Sales Consultant','mycar_1446','$2b$12$rnr5/lt1FS5HFVR6E9Bjmu.akCSMN9mxTdTPgRAn0DsCaVd3QOlGS','한솔',11),
(214,'2022-07-07 07:40:00.000000','2022-07-07 07:40:00.000000','Sales Consultant','mycar_1447','$2b$12$rnr5/lt1FS5HFVR6E9Bjmu.akCSMN9mxTdTPgRAn0DsCaVd3QOlGS','영준',11),
(215,'2022-07-07 07:40:00.000000','2022-07-07 07:40:00.000000','Sales Consultant','mycar_1448','$2b$12$rnr5/lt1FS5HFVR6E9Bjmu.akCSMN9mxTdTPgRAn0DsCaVd3QOlGS','태우',11),
(216,'2022-07-07 07:40:00.000000','2022-07-07 07:40:00.000000','Sales Consultant','mycar_1449','$2b$12$rnr5/lt1FS5HFVR6E9Bjmu.akCSMN9mxTdTPgRAn0DsCaVd3QOlGS','태온',11),
(217,'2022-07-07 07:40:00.000000','2022-07-07 07:40:00.000000','Sales Consultant','mycar_1450','$2b$12$rnr5/lt1FS5HFVR6E9Bjmu.akCSMN9mxTdTPgRAn0DsCaVd3QOlGS','해담',11),
(218,'2022-07-07 07:40:00.000000','2022-07-07 07:40:00.000000','Sales Consultant','mycar_1451','$2b$12$rnr5/lt1FS5HFVR6E9Bjmu.akCSMN9mxTdTPgRAn0DsCaVd3QOlGS','진호',11),
(219,'2022-07-07 07:40:00.000000','2022-07-07 07:40:00.000000','Sales Consultant','mycar_1452','$2b$12$rnr5/lt1FS5HFVR6E9Bjmu.akCSMN9mxTdTPgRAn0DsCaVd3QOlGS','휘',11),
(220,'2022-07-07 07:40:00.000000','2022-07-07 07:40:00.000000','Sales Consultant','mycar_1453','$2b$12$rnr5/lt1FS5HFVR6E9Bjmu.akCSMN9mxTdTPgRAn0DsCaVd3QOlGS','가람',11),
(221,'2022-07-07 07:40:00.000000','2022-07-07 07:40:00.000000','Showroom Manager','mycar_1454','$2b$12$rnr5/lt1FS5HFVR6E9Bjmu.akCSMN9mxTdTPgRAn0DsCaVd3QOlGS','민율',12),
(222,'2022-07-07 07:40:00.000000','2022-07-07 07:40:00.000000','Sales Consultant','mycar_1455','$2b$12$rnr5/lt1FS5HFVR6E9Bjmu.akCSMN9mxTdTPgRAn0DsCaVd3QOlGS','채운',12),
(223,'2022-07-07 07:40:00.000000','2022-07-07 07:40:00.000000','Sales Consultant','mycar_1456','$2b$12$rnr5/lt1FS5HFVR6E9Bjmu.akCSMN9mxTdTPgRAn0DsCaVd3QOlGS','현수',12),
(224,'2022-07-07 07:40:00.000000','2022-07-07 07:40:00.000000','Sales Consultant','mycar_1457','$2b$12$rnr5/lt1FS5HFVR6E9Bjmu.akCSMN9mxTdTPgRAn0DsCaVd3QOlGS','겸',12),
(225,'2022-07-07 07:40:00.000000','2022-07-07 07:40:00.000000','Sales Consultant','mycar_1458','$2b$12$rnr5/lt1FS5HFVR6E9Bjmu.akCSMN9mxTdTPgRAn0DsCaVd3QOlGS','재우',12),
(226,'2022-07-07 07:40:00.000000','2022-07-07 07:40:00.000000','Sales Consultant','mycar_1459','$2b$12$rnr5/lt1FS5HFVR6E9Bjmu.akCSMN9mxTdTPgRAn0DsCaVd3QOlGS','민석',12),
(227,'2022-07-07 07:40:00.000000','2022-07-07 07:40:00.000000','Sales Consultant','mycar_1460','$2b$12$rnr5/lt1FS5HFVR6E9Bjmu.akCSMN9mxTdTPgRAn0DsCaVd3QOlGS','범',12),
(228,'2022-07-07 07:40:00.000000','2022-07-07 07:40:00.000000','Sales Consultant','mycar_1461','$2b$12$rnr5/lt1FS5HFVR6E9Bjmu.akCSMN9mxTdTPgRAn0DsCaVd3QOlGS','동우',12),
(229,'2022-07-07 07:40:00.000000','2022-07-07 07:40:00.000000','Sales Consultant','mycar_1462','$2b$12$rnr5/lt1FS5HFVR6E9Bjmu.akCSMN9mxTdTPgRAn0DsCaVd3QOlGS','훈',12),
(230,'2022-07-07 07:40:00.000000','2022-07-07 07:40:00.000000','Sales Consultant','mycar_1463','$2b$12$rnr5/lt1FS5HFVR6E9Bjmu.akCSMN9mxTdTPgRAn0DsCaVd3QOlGS','유성',12),
(231,'2022-07-07 07:40:00.000000','2022-07-07 07:40:00.000000','Sales Consultant','mycar_1464','$2b$12$rnr5/lt1FS5HFVR6E9Bjmu.akCSMN9mxTdTPgRAn0DsCaVd3QOlGS','한울',12),
(232,'2022-07-07 07:40:00.000000','2022-07-07 07:40:00.000000','Sales Consultant','mycar_1465','$2b$12$rnr5/lt1FS5HFVR6E9Bjmu.akCSMN9mxTdTPgRAn0DsCaVd3QOlGS','태영',12),
(233,'2022-07-07 07:40:00.000000','2022-07-07 07:40:00.000000','Sales Consultant','mycar_1466','$2b$12$rnr5/lt1FS5HFVR6E9Bjmu.akCSMN9mxTdTPgRAn0DsCaVd3QOlGS','민수',12),
(234,'2022-07-07 07:40:00.000000','2022-07-07 07:40:00.000000','Sales Consultant','mycar_1467','$2b$12$rnr5/lt1FS5HFVR6E9Bjmu.akCSMN9mxTdTPgRAn0DsCaVd3QOlGS','강윤',12),
(235,'2022-07-07 07:40:00.000000','2022-07-07 07:40:00.000000','Sales Consultant','mycar_1468','$2b$12$rnr5/lt1FS5HFVR6E9Bjmu.akCSMN9mxTdTPgRAn0DsCaVd3QOlGS','호윤',12),
(236,'2022-07-07 07:40:00.000000','2022-07-07 07:40:00.000000','Sales Consultant','mycar_1469','$2b$12$rnr5/lt1FS5HFVR6E9Bjmu.akCSMN9mxTdTPgRAn0DsCaVd3QOlGS','유겸',12),
(237,'2022-07-07 07:40:00.000000','2022-07-07 07:40:00.000000','Sales Consultant','mycar_1470','$2b$12$rnr5/lt1FS5HFVR6E9Bjmu.akCSMN9mxTdTPgRAn0DsCaVd3QOlGS','세진',12),
(238,'2022-07-07 07:40:00.000000','2022-07-07 07:40:00.000000','Sales Consultant','mycar_1471','$2b$12$rnr5/lt1FS5HFVR6E9Bjmu.akCSMN9mxTdTPgRAn0DsCaVd3QOlGS','로원',12),
(239,'2022-07-07 07:40:00.000000','2022-07-07 07:40:00.000000','Sales Consultant','mycar_1472','$2b$12$rnr5/lt1FS5HFVR6E9Bjmu.akCSMN9mxTdTPgRAn0DsCaVd3QOlGS','리환',12),
(240,'2022-07-07 07:40:00.000000','2022-07-07 07:40:00.000000','Sales Consultant','mycar_1473','$2b$12$rnr5/lt1FS5HFVR6E9Bjmu.akCSMN9mxTdTPgRAn0DsCaVd3QOlGS','시언',12),
(241,'2022-07-07 07:40:00.000000','2022-07-07 07:40:00.000000','Showroom Manager','mycar_1474','$2b$12$rnr5/lt1FS5HFVR6E9Bjmu.akCSMN9mxTdTPgRAn0DsCaVd3QOlGS','다니엘',13),
(242,'2022-07-07 07:40:00.000000','2022-07-07 07:40:00.000000','Sales Consultant','mycar_1475','$2b$12$rnr5/lt1FS5HFVR6E9Bjmu.akCSMN9mxTdTPgRAn0DsCaVd3QOlGS','동훈',13),
(243,'2022-07-07 07:40:00.000000','2022-07-07 07:40:00.000000','Sales Consultant','mycar_1476','$2b$12$rnr5/lt1FS5HFVR6E9Bjmu.akCSMN9mxTdTPgRAn0DsCaVd3QOlGS','태훈',13),
(244,'2022-07-07 07:40:00.000000','2022-07-07 07:40:00.000000','Sales Consultant','mycar_1477','$2b$12$rnr5/lt1FS5HFVR6E9Bjmu.akCSMN9mxTdTPgRAn0DsCaVd3QOlGS','승찬',13),
(245,'2022-07-07 07:40:00.000000','2022-07-07 07:40:00.000000','Sales Consultant','mycar_1478','$2b$12$rnr5/lt1FS5HFVR6E9Bjmu.akCSMN9mxTdTPgRAn0DsCaVd3QOlGS','상우',13),
(246,'2022-07-07 07:40:00.000000','2022-07-07 07:40:00.000000','Sales Consultant','mycar_1479','$2b$12$rnr5/lt1FS5HFVR6E9Bjmu.akCSMN9mxTdTPgRAn0DsCaVd3QOlGS','희찬',13),
(247,'2022-07-07 07:40:00.000000','2022-07-07 07:40:00.000000','Sales Consultant','mycar_1480','$2b$12$rnr5/lt1FS5HFVR6E9Bjmu.akCSMN9mxTdTPgRAn0DsCaVd3QOlGS','담호',13),
(248,'2022-07-07 07:40:00.000000','2022-07-07 07:40:00.000000','Sales Consultant','mycar_1481','$2b$12$rnr5/lt1FS5HFVR6E9Bjmu.akCSMN9mxTdTPgRAn0DsCaVd3QOlGS','우혁',13),
(249,'2022-07-07 07:40:00.000000','2022-07-07 07:40:00.000000','Sales Consultant','mycar_1482','$2b$12$rnr5/lt1FS5HFVR6E9Bjmu.akCSMN9mxTdTPgRAn0DsCaVd3QOlGS','태환',13),
(250,'2022-07-07 07:40:00.000000','2022-07-07 07:40:00.000000','Sales Consultant','mycar_1483','$2b$12$rnr5/lt1FS5HFVR6E9Bjmu.akCSMN9mxTdTPgRAn0DsCaVd3QOlGS','세윤',13),
(251,'2022-07-07 07:40:00.000000','2022-07-07 07:40:00.000000','Sales Consultant','mycar_1484','$2b$12$rnr5/lt1FS5HFVR6E9Bjmu.akCSMN9mxTdTPgRAn0DsCaVd3QOlGS','재영',13),
(252,'2022-07-07 07:40:00.000000','2022-07-07 07:40:00.000000','Sales Consultant','mycar_1485','$2b$12$rnr5/lt1FS5HFVR6E9Bjmu.akCSMN9mxTdTPgRAn0DsCaVd3QOlGS','윤준',13),
(253,'2022-07-07 07:40:00.000000','2022-07-07 07:40:00.000000','Sales Consultant','mycar_1486','$2b$12$rnr5/lt1FS5HFVR6E9Bjmu.akCSMN9mxTdTPgRAn0DsCaVd3QOlGS','다호',13),
(254,'2022-07-07 07:40:00.000000','2022-07-07 07:40:00.000000','Sales Consultant','mycar_1487','$2b$12$rnr5/lt1FS5HFVR6E9Bjmu.akCSMN9mxTdTPgRAn0DsCaVd3QOlGS','동준',13),
(255,'2022-07-07 07:40:00.000000','2022-07-07 07:40:00.000000','Sales Consultant','mycar_1488','$2b$12$rnr5/lt1FS5HFVR6E9Bjmu.akCSMN9mxTdTPgRAn0DsCaVd3QOlGS','도유',13),
(256,'2022-07-07 07:40:00.000000','2022-07-07 07:40:00.000000','Sales Consultant','mycar_1489','$2b$12$rnr5/lt1FS5HFVR6E9Bjmu.akCSMN9mxTdTPgRAn0DsCaVd3QOlGS','상현',13),
(257,'2022-07-07 07:40:00.000000','2022-07-07 07:40:00.000000','Sales Consultant','mycar_1490','$2b$12$rnr5/lt1FS5HFVR6E9Bjmu.akCSMN9mxTdTPgRAn0DsCaVd3QOlGS','대현',13),
(258,'2022-07-07 07:40:00.000000','2022-07-07 07:40:00.000000','Sales Consultant','mycar_1491','$2b$12$rnr5/lt1FS5HFVR6E9Bjmu.akCSMN9mxTdTPgRAn0DsCaVd3QOlGS','윤수',13),
(259,'2022-07-07 07:40:00.000000','2022-07-07 07:40:00.000000','Sales Consultant','mycar_1492','$2b$12$rnr5/lt1FS5HFVR6E9Bjmu.akCSMN9mxTdTPgRAn0DsCaVd3QOlGS','희성',13),
(260,'2022-07-07 07:40:00.000000','2022-07-07 07:40:00.000000','Sales Consultant','mycar_1493','$2b$12$rnr5/lt1FS5HFVR6E9Bjmu.akCSMN9mxTdTPgRAn0DsCaVd3QOlGS','재혁',13),
(261,'2022-07-07 07:40:00.000000','2022-07-07 07:40:00.000000','Showroom Manager','mycar_1494','$2b$12$rnr5/lt1FS5HFVR6E9Bjmu.akCSMN9mxTdTPgRAn0DsCaVd3QOlGS','환희',14),
(262,'2022-07-07 07:40:00.000000','2022-07-07 07:40:00.000000','Sales Consultant','mycar_1495','$2b$12$rnr5/lt1FS5HFVR6E9Bjmu.akCSMN9mxTdTPgRAn0DsCaVd3QOlGS','현성',14),
(263,'2022-07-07 07:40:00.000000','2022-07-07 07:40:00.000000','Sales Consultant','mycar_1496','$2b$12$rnr5/lt1FS5HFVR6E9Bjmu.akCSMN9mxTdTPgRAn0DsCaVd3QOlGS','정안',14),
(264,'2022-07-07 07:40:00.000000','2022-07-07 07:40:00.000000','Sales Consultant','mycar_1497','$2b$12$rnr5/lt1FS5HFVR6E9Bjmu.akCSMN9mxTdTPgRAn0DsCaVd3QOlGS','환',14),
(265,'2022-07-07 07:40:00.000000','2022-07-07 07:40:00.000000','Sales Consultant','mycar_1498','$2b$12$rnr5/lt1FS5HFVR6E9Bjmu.akCSMN9mxTdTPgRAn0DsCaVd3QOlGS','준휘',14),
(266,'2022-07-07 07:40:00.000000','2022-07-07 07:40:00.000000','Sales Consultant','mycar_1499','$2b$12$rnr5/lt1FS5HFVR6E9Bjmu.akCSMN9mxTdTPgRAn0DsCaVd3QOlGS','루안',14),
(267,'2022-07-07 07:40:00.000000','2022-07-07 07:40:00.000000','Sales Consultant','mycar_1500','$2b$12$rnr5/lt1FS5HFVR6E9Bjmu.akCSMN9mxTdTPgRAn0DsCaVd3QOlGS','호진',14),
(268,'2022-07-07 07:40:00.000000','2022-07-07 07:40:00.000000','Sales Consultant','mycar_1501','$2b$12$rnr5/lt1FS5HFVR6E9Bjmu.akCSMN9mxTdTPgRAn0DsCaVd3QOlGS','동연',14),
(269,'2022-07-07 07:40:00.000000','2022-07-07 07:40:00.000000','Sales Consultant','mycar_1502','$2b$12$rnr5/lt1FS5HFVR6E9Bjmu.akCSMN9mxTdTPgRAn0DsCaVd3QOlGS','준원',14),
(270,'2022-07-07 07:40:00.000000','2022-07-07 07:40:00.000000','Sales Consultant','mycar_1503','$2b$12$rnr5/lt1FS5HFVR6E9Bjmu.akCSMN9mxTdTPgRAn0DsCaVd3QOlGS','노엘',14),
(271,'2022-07-07 07:40:00.000000','2022-07-07 07:40:00.000000','Sales Consultant','mycar_1504','$2b$12$rnr5/lt1FS5HFVR6E9Bjmu.akCSMN9mxTdTPgRAn0DsCaVd3QOlGS','성우',14),
(272,'2022-07-07 07:40:00.000000','2022-07-07 07:40:00.000000','Sales Consultant','mycar_1505','$2b$12$rnr5/lt1FS5HFVR6E9Bjmu.akCSMN9mxTdTPgRAn0DsCaVd3QOlGS','지석',14),
(273,'2022-07-07 07:40:00.000000','2022-07-07 07:40:00.000000','Sales Consultant','mycar_1506','$2b$12$rnr5/lt1FS5HFVR6E9Bjmu.akCSMN9mxTdTPgRAn0DsCaVd3QOlGS','승훈',14),
(274,'2022-07-07 07:40:00.000000','2022-07-07 07:40:00.000000','Sales Consultant','mycar_1507','$2b$12$rnr5/lt1FS5HFVR6E9Bjmu.akCSMN9mxTdTPgRAn0DsCaVd3QOlGS','현빈',14),
(275,'2022-07-07 07:40:00.000000','2022-07-07 07:40:00.000000','Sales Consultant','mycar_1508','$2b$12$rnr5/lt1FS5HFVR6E9Bjmu.akCSMN9mxTdTPgRAn0DsCaVd3QOlGS','한준',14),
(276,'2022-07-07 07:40:00.000000','2022-07-07 07:40:00.000000','Sales Consultant','mycar_1509','$2b$12$rnr5/lt1FS5HFVR6E9Bjmu.akCSMN9mxTdTPgRAn0DsCaVd3QOlGS','다훈',14),
(277,'2022-07-07 07:40:00.000000','2022-07-07 07:40:00.000000','Sales Consultant','mycar_1510','$2b$12$rnr5/lt1FS5HFVR6E9Bjmu.akCSMN9mxTdTPgRAn0DsCaVd3QOlGS','희준',14),
(278,'2022-07-07 07:40:00.000000','2022-07-07 07:40:00.000000','Sales Consultant','mycar_1511','$2b$12$rnr5/lt1FS5HFVR6E9Bjmu.akCSMN9mxTdTPgRAn0DsCaVd3QOlGS','유신',14),
(279,'2022-07-07 07:40:00.000000','2022-07-07 07:40:00.000000','Sales Consultant','mycar_1512','$2b$12$rnr5/lt1FS5HFVR6E9Bjmu.akCSMN9mxTdTPgRAn0DsCaVd3QOlGS','선준',14),
(280,'2022-07-07 07:40:00.000000','2022-07-07 07:40:00.000000','Sales Consultant','mycar_1513','$2b$12$rnr5/lt1FS5HFVR6E9Bjmu.akCSMN9mxTdTPgRAn0DsCaVd3QOlGS','이삭',14),
(281,'2022-07-12 21:34:15.902132','2022-07-12 21:34:15.903390','Sales Consultant','test1234','$2b$12$13HTRRwtagxmFfBf8kG6KuTeQGL57b0L3lfWw2W5N4Q..FL5v2/qG','최쫄병',1),
(282,'2022-07-13 12:17:11.946318','2022-07-13 12:17:11.946349','Sales Consultant','test1235','$2b$12$NfXFZrfxdEbWWIzZCAhNEeF0YN73saloIjrD9su.J3pMUxtGJZ/3.','최쫄병',1),
(283,'2022-07-13 12:35:30.417737','2022-07-13 12:35:30.417770','Sales Consultant','test1237','$2b$12$UoIvMMjElgfkV7gEkFevC.n9pZ4keJq7ye.JIWN31/O5WENi4N7wq','최쫄병',1),
(284,'2022-07-13 13:07:24.236379','2022-07-13 13:07:24.236416','Sales Consultant','test1238','$2b$12$sOEzG6VW2m8EmFSWlTFMl.DxcTE7Sz3vX48jrfunDrX2NPCBVjVdO','최쫄병',1);
/*!40000 ALTER TABLE `dealers` ENABLE KEYS */;
UNLOCK TABLES;

--
-- Table structure for table `django_content_type`
--

DROP TABLE IF EXISTS `django_content_type`;
/*!40101 SET @saved_cs_client     = @@character_set_client */;
/*!40101 SET character_set_client = utf8 */;
CREATE TABLE `django_content_type` (
  `id` int(11) NOT NULL AUTO_INCREMENT,
  `app_label` varchar(100) NOT NULL,
  `model` varchar(100) NOT NULL,
  PRIMARY KEY (`id`),
  UNIQUE KEY `django_content_type_app_label_model_76bd3d3b_uniq` (`app_label`,`model`)
) ENGINE=InnoDB AUTO_INCREMENT=18 DEFAULT CHARSET=utf8mb4;
/*!40101 SET character_set_client = @saved_cs_client */;

--
-- Dumping data for table `django_content_type`
--

LOCK TABLES `django_content_type` WRITE;
/*!40000 ALTER TABLE `django_content_type` DISABLE KEYS */;
INSERT INTO `django_content_type` VALUES
(8,'cars','car'),
(9,'cars','completion'),
(11,'cars','insurancehistory'),
(10,'cars','transactionhistory'),
(1,'contenttypes','contenttype'),
(5,'dealers','branch'),
(7,'dealers','consulting'),
(6,'dealers','dealer'),
(3,'estimates','estimate'),
(4,'estimates','estimatecarimage'),
(14,'notifications','quotenotification'),
(12,'notifications','salesprocess'),
(13,'notifications','usernotification'),
(2,'sessions','session'),
(15,'testcar','testcar'),
(17,'testcar','testinsurancehistory'),
(16,'testcar','testtransactionhistory');
/*!40000 ALTER TABLE `django_content_type` ENABLE KEYS */;
UNLOCK TABLES;

--
-- Table structure for table `django_migrations`
--

DROP TABLE IF EXISTS `django_migrations`;
/*!40101 SET @saved_cs_client     = @@character_set_client */;
/*!40101 SET character_set_client = utf8 */;
CREATE TABLE `django_migrations` (
  `id` bigint(20) NOT NULL AUTO_INCREMENT,
  `app` varchar(255) NOT NULL,
  `name` varchar(255) NOT NULL,
  `applied` datetime(6) NOT NULL,
  PRIMARY KEY (`id`)
) ENGINE=InnoDB AUTO_INCREMENT=16 DEFAULT CHARSET=utf8mb4;
/*!40101 SET character_set_client = @saved_cs_client */;

--
-- Dumping data for table `django_migrations`
--

LOCK TABLES `django_migrations` WRITE;
/*!40000 ALTER TABLE `django_migrations` DISABLE KEYS */;
INSERT INTO `django_migrations` VALUES
(1,'cars','0001_initial','2022-07-11 14:06:38.140940'),
(2,'contenttypes','0001_initial','2022-07-11 14:06:38.462615'),
(3,'contenttypes','0002_remove_content_type_name','2022-07-11 14:06:38.899378'),
(4,'estimates','0001_initial','2022-07-11 14:06:39.512825'),
(5,'dealers','0001_initial','2022-07-11 14:06:40.419986'),
(6,'notifications','0001_initial','2022-07-11 14:06:41.530481'),
(7,'sessions','0001_initial','2022-07-11 14:06:41.845521'),
(8,'testcar','0001_initial','2022-07-11 14:06:42.572150'),
(9,'estimates','0002_alter_estimatecarimage_image','2022-07-12 07:35:08.906935'),
(10,'estimates','0003_estimatecarimage_created_at_and_more','2022-07-12 07:35:09.750402'),
(11,'notifications','0002_rename_name_usernotification_content','2022-07-12 07:35:09.763971'),
(12,'dealers','0002_alter_branch_latitude_alter_branch_longitude','2022-07-12 07:39:49.946085'),
(13,'notifications','0003_alter_usernotification_content','2022-07-12 08:36:14.677198'),
(14,'cars','0002_alter_car_kakao_id','2022-07-12 09:33:48.511088'),
(15,'estimates','0003_alter_estimatecarimage_image_info','2022-07-13 15:15:10.317335');
/*!40000 ALTER TABLE `django_migrations` ENABLE KEYS */;
UNLOCK TABLES;

--
-- Table structure for table `django_session`
--

DROP TABLE IF EXISTS `django_session`;
/*!40101 SET @saved_cs_client     = @@character_set_client */;
/*!40101 SET character_set_client = utf8 */;
CREATE TABLE `django_session` (
  `session_key` varchar(40) NOT NULL,
  `session_data` longtext NOT NULL,
  `expire_date` datetime(6) NOT NULL,
  PRIMARY KEY (`session_key`),
  KEY `django_session_expire_date_a5c62663` (`expire_date`)
) ENGINE=InnoDB DEFAULT CHARSET=utf8mb4;
/*!40101 SET character_set_client = @saved_cs_client */;

--
-- Dumping data for table `django_session`
--

LOCK TABLES `django_session` WRITE;
/*!40000 ALTER TABLE `django_session` DISABLE KEYS */;
/*!40000 ALTER TABLE `django_session` ENABLE KEYS */;
UNLOCK TABLES;

--
-- Table structure for table `estimate_car_images`
--

DROP TABLE IF EXISTS `estimate_car_images`;
/*!40101 SET @saved_cs_client     = @@character_set_client */;
/*!40101 SET character_set_client = utf8 */;
CREATE TABLE `estimate_car_images` (
  `id` bigint(20) NOT NULL AUTO_INCREMENT,
  `image_info` varchar(200) DEFAULT NULL,
  `image` varchar(100) DEFAULT NULL,
  `estimate_id` bigint(20) NOT NULL,
  PRIMARY KEY (`id`),
  KEY `estimate_car_images_estimate_id_6c48de9d_fk_estimates_id` (`estimate_id`),
  CONSTRAINT `estimate_car_images_estimate_id_6c48de9d_fk_estimates_id` FOREIGN KEY (`estimate_id`) REFERENCES `estimates` (`id`)
) ENGINE=InnoDB AUTO_INCREMENT=229 DEFAULT CHARSET=utf8mb4;
/*!40101 SET character_set_client = @saved_cs_client */;

--
-- Dumping data for table `estimate_car_images`
--

LOCK TABLES `estimate_car_images` WRITE;
/*!40000 ALTER TABLE `estimate_car_images` DISABLE KEYS */;
INSERT INTO `estimate_car_images` VALUES
(157,'[0]','images/dice_cube.png',4),
(158,'[1]','images/bolt.png',4),
(159,'[2]','images/booster_R61VM4k.png',4),
(160,'[3]','images/back.png',4),
(161,'[4]','images/crown_SDpFvPV.png',4),
(162,'[5]','images/dice_X1XPXEB.png',4),
(163,'[6]','images/ranking.png',4),
(164,'[7]','images/notification_1_복사.png',4),
(215,'[0]','images/20220427_055313946_iOS.jpeg',1),
(216,'[1]','images/KakaoTalk_Photo_2022-05-21-18-15-48-7.jpeg',1),
(217,'[2]','images/KakaoTalk_Photo_2022-05-21-18-15-48-9.jpeg',1),
(218,'[0]','images/20220427_055313946_iOS_fhnW2Ws.jpeg',11),
(219,'[1]','images/KakaoTalk_Photo_2022-05-21-18-15-48-7_H4MiYCr.jpeg',11),
(220,'[2]','images/KakaoTalk_Photo_2022-05-21-18-15-48-9_siUy7tG.jpeg',11),
(221,'[3]','images/20220427_055313946_iOS.jpeg',11),
(222,'[0]','images/20220427_055313946_iOS_bfcUvbc.jpeg',12),
(223,'[1]','images/KakaoTalk_Photo_2022-05-21-18-15-48-7_o6n5kvb.jpeg',12),
(224,'[2]','images/KakaoTalk_Photo_2022-05-21-18-15-48-9_Lw9yVTi.jpeg',12),
(225,'[0]','images/blob',13),
(226,'[1]','images/blob_b5Ive3s',13),
(227,'[2]','images/blob_2ayoAQ8',13),
(228,'[3]','images/blob_d5xBnMX',13);
/*!40000 ALTER TABLE `estimate_car_images` ENABLE KEYS */;
UNLOCK TABLES;

--
-- Table structure for table `estimates`
--

DROP TABLE IF EXISTS `estimates`;
/*!40101 SET @saved_cs_client     = @@character_set_client */;
/*!40101 SET character_set_client = utf8 */;
CREATE TABLE `estimates` (
  `id` bigint(20) NOT NULL AUTO_INCREMENT,
  `created_at` datetime(6) NOT NULL,
  `updated_at` datetime(6) NOT NULL,
  `mileage` varchar(100) DEFAULT NULL,
  `address` varchar(100) DEFAULT NULL,
  `phone_number` varchar(30) DEFAULT NULL,
  `sunroof` tinyint(1) NOT NULL,
  `navigation` tinyint(1) NOT NULL,
  `ventilation_seat` tinyint(1) NOT NULL,
  `heated_seat` tinyint(1) NOT NULL,
  `electric_seat` tinyint(1) NOT NULL,
  `leather_seat` tinyint(1) NOT NULL,
  `smart_key` tinyint(1) NOT NULL,
  `electric_folding_mirror` tinyint(1) NOT NULL,
  `accident_status` longtext DEFAULT NULL,
  `spare_key` int(11) NOT NULL,
  `wheel_scratch` int(11) NOT NULL,
  `outer_plate_scratch` int(11) NOT NULL,
  `other_maintenance_repair` longtext DEFAULT NULL,
  `other_special` longtext DEFAULT NULL,
  `process_state` varchar(100) DEFAULT NULL,
  `car_id` bigint(20) NOT NULL,
  PRIMARY KEY (`id`),
  KEY `estimates_car_id_bff566df_fk_cars_id` (`car_id`),
  CONSTRAINT `estimates_car_id_bff566df_fk_cars_id` FOREIGN KEY (`car_id`) REFERENCES `cars` (`id`)
) ENGINE=InnoDB AUTO_INCREMENT=14 DEFAULT CHARSET=utf8mb4;
/*!40101 SET character_set_client = @saved_cs_client */;

--
-- Dumping data for table `estimates`
--

LOCK TABLES `estimates` WRITE;
/*!40000 ALTER TABLE `estimates` DISABLE KEYS */;
INSERT INTO `estimates` VALUES
(1,'2022-07-12 08:18:34.864677','2022-07-13 18:01:06.511629','70000','경기 광주시 오포읍 새말길 167번길 27-1','',0,0,0,0,0,0,0,0,'',0,0,0,'','','사진등록',1),
(2,'2022-07-12 08:48:17.772544','2022-07-12 08:48:35.885117','70000','경기 광주시 오포읍 새말길 167번길 27-1','',0,0,0,0,0,0,0,0,'',0,0,0,'','','신청완료',2),
(3,'2022-07-12 09:35:48.806410','2022-07-13 17:16:23.805869','70000','서울특별시 강남구 역삼동 테헤란로5길 7','',0,0,0,0,0,0,0,0,'',0,0,0,'','','사진등록',4),
(4,'2022-07-12 09:48:48.612630','2022-07-13 17:31:29.250543','888','','',1,1,0,0,0,0,0,0,'',1,1,1,'','','사진등록',3),
(6,'2022-07-12 11:09:45.563488','2022-07-12 11:09:45.563603',NULL,NULL,NULL,0,0,0,0,0,0,0,0,NULL,0,0,0,NULL,NULL,'시세조회',5),
(10,'2022-07-13 10:55:53.864308','2022-07-13 11:16:37.877498','123',NULL,NULL,1,1,1,0,0,0,0,0,'123',3,3,3,'123','123','사진등록',13),
(11,'2022-07-13 19:55:33.855600','2022-07-13 19:57:05.348527','89000','서울특별시 강남구 역삼동 테헤란로5길 7','010-1234-5678',1,1,1,1,1,1,1,1,'',2,2,2,'','','신청완료',15),
(12,'2022-07-13 19:59:56.324616','2022-07-13 20:00:05.931116','89000','서울특별시 강남구 역삼동 테헤란로5길 7','010-1234-5678',1,1,1,1,1,1,1,1,'',2,2,2,'','','신청완료',18),
(13,'2022-07-13 21:01:37.066952','2022-07-13 23:14:35.625371','123456',NULL,NULL,1,1,1,1,0,0,0,0,'ㅁㄴㅇㄹ',1,0,1,'','','사진등록',21);
/*!40000 ALTER TABLE `estimates` ENABLE KEYS */;
UNLOCK TABLES;

--
-- Table structure for table `insurance_histories`
--

DROP TABLE IF EXISTS `insurance_histories`;
/*!40101 SET @saved_cs_client     = @@character_set_client */;
/*!40101 SET character_set_client = utf8 */;
CREATE TABLE `insurance_histories` (
  `id` bigint(20) NOT NULL AUTO_INCREMENT,
  `history` varchar(50) NOT NULL,
  `car_id` bigint(20) NOT NULL,
  PRIMARY KEY (`id`),
  KEY `insurance_histories_car_id_08f7d92a_fk_cars_id` (`car_id`),
  CONSTRAINT `insurance_histories_car_id_08f7d92a_fk_cars_id` FOREIGN KEY (`car_id`) REFERENCES `cars` (`id`)
) ENGINE=InnoDB AUTO_INCREMENT=43 DEFAULT CHARSET=utf8mb4;
/*!40101 SET character_set_client = @saved_cs_client */;

--
-- Dumping data for table `insurance_histories`
--

LOCK TABLES `insurance_histories` WRITE;
/*!40000 ALTER TABLE `insurance_histories` DISABLE KEYS */;
INSERT INTO `insurance_histories` VALUES
(1,'2022년 05월 07일 [ 680만원 ]',1),
(2,'2022년 05월 07일 [ 680만원 ]',2),
(3,'2022년 05월 07일 [ 680만원 ]',3),
(4,'2022년 05월 07일 [ 680만원 ]',4),
(5,'2022년 05월 07일 [ 680만원 ]',5),
(6,'2022년 05월 07일 [ 680만원 ]',7),
(39,'2022년 05월 07일 [ 680만원 ]',15),
(40,'2022년 05월 07일 [ 680만원 ]',18),
(41,'2022년 01월 27일 [ 180만원 ]',21),
(42,'2022년 7월 중고차 구매',21);
/*!40000 ALTER TABLE `insurance_histories` ENABLE KEYS */;
UNLOCK TABLES;

--
-- Table structure for table `quote_notifications`
--

DROP TABLE IF EXISTS `quote_notifications`;
/*!40101 SET @saved_cs_client     = @@character_set_client */;
/*!40101 SET character_set_client = utf8 */;
CREATE TABLE `quote_notifications` (
  `id` bigint(20) NOT NULL AUTO_INCREMENT,
  `created_at` datetime(6) NOT NULL,
  `updated_at` datetime(6) NOT NULL,
  `dealer_assign` tinyint(1) NOT NULL,
  `branch_id` bigint(20) NOT NULL,
  `sales_process_id` bigint(20) NOT NULL,
  PRIMARY KEY (`id`),
  KEY `quote_notifications_branch_id_4bf961f1_fk_branches_id` (`branch_id`),
  KEY `quote_notifications_sales_process_id_dd3d82f6_fk_sales_pro` (`sales_process_id`),
  CONSTRAINT `quote_notifications_branch_id_4bf961f1_fk_branches_id` FOREIGN KEY (`branch_id`) REFERENCES `branches` (`id`),
  CONSTRAINT `quote_notifications_sales_process_id_dd3d82f6_fk_sales_pro` FOREIGN KEY (`sales_process_id`) REFERENCES `sales_process` (`id`)
) ENGINE=InnoDB AUTO_INCREMENT=10 DEFAULT CHARSET=utf8mb4;
/*!40101 SET character_set_client = @saved_cs_client */;

--
-- Dumping data for table `quote_notifications`
--

LOCK TABLES `quote_notifications` WRITE;
/*!40000 ALTER TABLE `quote_notifications` DISABLE KEYS */;
INSERT INTO `quote_notifications` VALUES
(5,'2022-07-12 08:36:19.154260','2022-07-12 08:46:34.392648',0,1,5),
(6,'2022-07-12 08:48:36.379085','2022-07-13 17:50:37.319711',0,1,6),
(7,'2022-07-12 09:35:58.032687','2022-07-13 17:55:52.267464',0,1,7),
(8,'2022-07-13 19:56:55.292346','2022-07-13 20:30:38.413533',1,1,8),
(9,'2022-07-13 20:00:06.460380','2022-07-13 20:27:06.403310',1,1,9);
/*!40000 ALTER TABLE `quote_notifications` ENABLE KEYS */;
UNLOCK TABLES;

--
-- Table structure for table `sales_process`
--

DROP TABLE IF EXISTS `sales_process`;
/*!40101 SET @saved_cs_client     = @@character_set_client */;
/*!40101 SET character_set_client = utf8 */;
CREATE TABLE `sales_process` (
  `id` bigint(20) NOT NULL AUTO_INCREMENT,
  `quote_requested` datetime(6) DEFAULT NULL,
  `dealer_assigned` datetime(6) DEFAULT NULL,
  `dealer_consulting` datetime(6) DEFAULT NULL,
  `selling_requested` datetime(6) DEFAULT NULL,
  `selling_completed` datetime(6) DEFAULT NULL,
  `termination` datetime(6) DEFAULT NULL,
  `process_state` varchar(100) DEFAULT NULL,
  `estimate_id` bigint(20) NOT NULL,
  PRIMARY KEY (`id`),
  KEY `sales_process_estimate_id_40fbd6fa_fk_estimates_id` (`estimate_id`),
  CONSTRAINT `sales_process_estimate_id_40fbd6fa_fk_estimates_id` FOREIGN KEY (`estimate_id`) REFERENCES `estimates` (`id`)
) ENGINE=InnoDB AUTO_INCREMENT=10 DEFAULT CHARSET=utf8mb4;
/*!40101 SET character_set_client = @saved_cs_client */;

--
-- Dumping data for table `sales_process`
--

LOCK TABLES `sales_process` WRITE;
/*!40000 ALTER TABLE `sales_process` DISABLE KEYS */;
INSERT INTO `sales_process` VALUES
(5,'2022-07-12 08:36:18.967597','2022-07-12 08:46:34.379375','2022-07-12 09:03:21.272196','2022-07-12 09:03:34.764108','2022-07-13 18:15:19.832525','2022-07-13 18:01:59.798539','판매완료',1),
(6,'2022-07-12 08:48:35.890274','2022-07-13 17:50:37.311361',NULL,NULL,'2022-07-13 18:07:12.965351','2022-07-13 18:07:29.057827','딜러배정',2),
(7,'2022-07-12 09:35:57.530200','2022-07-13 17:55:52.257427',NULL,'2022-07-13 18:08:06.138917','2022-07-13 18:08:20.018245','2022-07-13 18:08:58.039034','상담종료',3),
(8,'2022-07-13 19:56:54.561569','2022-07-13 20:30:38.393778',NULL,NULL,NULL,NULL,'딜러배정',11),
(9,'2022-07-13 20:00:05.933649','2022-07-13 20:27:06.377487',NULL,NULL,NULL,NULL,'딜러배정',12);
/*!40000 ALTER TABLE `sales_process` ENABLE KEYS */;
UNLOCK TABLES;

--
-- Table structure for table `test_cars`
--

DROP TABLE IF EXISTS `test_cars`;
/*!40101 SET @saved_cs_client     = @@character_set_client */;
/*!40101 SET character_set_client = utf8 */;
CREATE TABLE `test_cars` (
  `id` bigint(20) NOT NULL AUTO_INCREMENT,
  `number` varchar(15) NOT NULL,
  `owner` varchar(100) NOT NULL,
  `manufacturer` varchar(50) NOT NULL,
  `car_name` varchar(50) NOT NULL,
  `trim` varchar(50) NOT NULL,
  `body_shape` varchar(50) NOT NULL,
  `color` varchar(50) NOT NULL,
  `model_year` varchar(50) NOT NULL,
  `first_registration_year` varchar(50) NOT NULL,
  `mileage` varchar(50) NOT NULL,
  `engine` varchar(50) NOT NULL,
  `transmission` varchar(50) NOT NULL,
  `factory_price` bigint(20) NOT NULL,
  `transaction_price` bigint(20) NOT NULL,
  PRIMARY KEY (`id`)
) ENGINE=InnoDB AUTO_INCREMENT=1346 DEFAULT CHARSET=utf8mb4;
/*!40101 SET character_set_client = @saved_cs_client */;

--
-- Dumping data for table `test_cars`
--

LOCK TABLES `test_cars` WRITE;
/*!40000 ALTER TABLE `test_cars` DISABLE KEYS */;
INSERT INTO `test_cars` VALUES
(1,'777코1313','전해담','BMW','3시리즈 (G20)','320i','중형세단','실외: Black metallic, 실내:Leather Mocha','2021','2021년 03월','1,069','가솔린','오토 A/T',10000,9999),
(2,'777코2421','서연호','BMW','3시리즈 (G20)','M340i','중형세단','실외: Black metallic, 실내:Leather Mocha','2021','2020년 11월','3,230','가솔린','오토 A/T',10000,7290),
(3,'777코2424','전시윤','BMW','3시리즈 (G20)','M340i','중형세단','실외: Black metallic, 실내:Leather Mocha','2020','2020년 08월','9,747','가솔린','오토 A/T',10000,6700),
(4,'777코2425','홍우진','BMW','3시리즈 (G20)','M340i','중형세단','실외: Black metallic, 실내:Leather Mocha','2020','2020년 08월','5,630','가솔린','오토 A/T',10000,6550),
(5,'777코2422','장해린','BMW','3시리즈 (G20)','M340i','중형세단','실외: Black metallic, 실내:Leather Mocha','2020','2019년 11월','23,436','가솔린','오토 A/T',10000,6500),
(6,'777코2423','경서온','BMW','3시리즈 (G20)','M340i','중형세단','실외: Black metallic, 실내:Leather Mocha','2020','2019년 11월','18,500','가솔린','오토 A/T',10000,6099),
(7,'777코1387','조하민','BMW','3시리즈 (G20)','330i xDrive M 스포츠','중형세단','실외: Black metallic, 실내:Leather Mocha','2019','2019년 07월','33,458','가솔린','오토 A/T',10000,5630),
(8,'777코1362','서동현','BMW','3시리즈 (G20)','330e M 스포츠','중형세단','실외: Black metallic, 실내:Leather Mocha','2021','2020년 12월','9,269','가솔린+전기','오토 A/T',10000,5490),
(9,'777코1363','기상윤','BMW','3시리즈 (G20)','330e M 스포츠','중형세단','실외: Black metallic, 실내:Leather Mocha','2021','2020년 12월','6,469','가솔린+전기','오토 A/T',10000,5490),
(10,'777코1365','윤가원','BMW','3시리즈 (G20)','330e M 스포츠','중형세단','실외: Black metallic, 실내:Leather Mocha','2020','2020년 07월','12,800','가솔린+전기','오토 A/T',10000,5300),
(11,'777코1385','권한율','BMW','3시리즈 (G20)','330i xDrive 럭셔리','중형세단','실외: Black metallic, 실내:Leather Mocha','2021','2020년 12월','3,569','가솔린','오토 A/T',10000,5300),
(12,'777코1388','전채안','BMW','3시리즈 (G20)','330i xDrive M 스포츠','중형세단','실외: Black metallic, 실내:Leather Mocha','2019','2019년 10월','16,819','가솔린','오토 A/T',10000,5288),
(13,'777코1359','황승유','BMW','3시리즈 (G20)','330e 럭셔리','중형세단','실외: Black metallic, 실내:Leather Mocha','2021','2020년 12월','7,188','가솔린+전기','오토 A/T',10000,5250),
(14,'777코1360','고은수','BMW','3시리즈 (G20)','330e 럭셔리','중형세단','실외: Black metallic, 실내:Leather Mocha','2021','2021년 01월','10,406','가솔린+전기','오토 A/T',10000,5250),
(15,'777코1364','안재훈','BMW','3시리즈 (G20)','330e M 스포츠','중형세단','실외: Black metallic, 실내:Leather Mocha','2021','2020년 12월','9,628','가솔린+전기','오토 A/T',10000,5200),
(16,'777코1265','송지웅','BMW','3시리즈 (G20)','320d 투어링 M 스포츠','중형세단','실외: Black metallic, 실내:Leather Mocha','2021','2020년 12월','500','디젤','오토 A/T',10000,4999),
(17,'777코1386','박세이','BMW','3시리즈 (G20)','330i xDrive 럭셔리','중형세단','실외: Black metallic, 실내:Leather Mocha','2019','2019년 09월','21,723','가솔린','오토 A/T',10000,4990),
(18,'777코1366','장소정','BMW','3시리즈 (G20)','330e M 스포츠','중형세단','실외: Black metallic, 실내:Leather Mocha','2020','2020년 07월','11,054','가솔린+전기','오토 A/T',10000,4980),
(19,'777코1361','류하겸','BMW','3시리즈 (G20)','330e 럭셔리','중형세단','실외: Black metallic, 실내:Leather Mocha','2020','2020년 12월','4,513','가솔린+전기','오토 A/T',10000,4979),
(20,'777코1375','한미나','BMW','3시리즈 (G20)','330i M 스포츠','중형세단','실외: Black metallic, 실내:Leather Mocha','2020','2020년 02월','29,086','가솔린','오토 A/T',10000,4950),
(21,'777코1389','한담이','BMW','3시리즈 (G20)','330i xDrive M 스포츠','중형세단','실외: Black metallic, 실내:Leather Mocha','2019','2019년 11월','11,211','가솔린','오토 A/T',10000,4900),
(22,'777코1369','홍하니','BMW','3시리즈 (G20)','330i 럭셔리','중형세단','실외: Black metallic, 실내:Leather Mocha','2020','2020년 03월','9,752','가솔린','오토 A/T',10000,4869),
(23,'777코1376','을온유','BMW','3시리즈 (G20)','330i M 스포츠','중형세단','실외: Black metallic, 실내:Leather Mocha','2019','2019년 05월','16,880','가솔린','오토 A/T',10000,4850),
(24,'777코1304','서용준','BMW','3시리즈 (G20)','320d xDrive M 스포츠','중형세단','실외: Black metallic, 실내:Leather Mocha','2021','2021년 01월','10,581','디젤','오토 A/T',10000,4800),
(25,'777코1390','김연지','BMW','3시리즈 (G20)','330i xDrive M 스포츠','중형세단','실외: Black metallic, 실내:Leather Mocha','2019','2019년 12월','21,700','가솔린','오토 A/T',10000,4800),
(26,'777코1268','계승후','BMW','3시리즈 (G20)','320d 투어링 M 스포츠','중형세단','실외: Black metallic, 실내:Leather Mocha','2021','2021년 01월','10,988','디젤','오토 A/T',10000,4750),
(27,'777코1391','문태연','BMW','3시리즈 (G20)','330i xDrive M 스포츠','중형세단','실외: Black metallic, 실내:Leather Mocha','2019','2019년 03월','46,987','가솔린','오토 A/T',10000,4750),
(28,'777코1377','권도하','BMW','3시리즈 (G20)','330i M 스포츠','중형세단','실외: Black metallic, 실내:Leather Mocha','2019','2019년 05월','23,685','가솔린','오토 A/T',10000,4720),
(29,'777코1271','권지율','BMW','3시리즈 (G20)','320d M 스포츠','중형세단','실외: Black metallic, 실내:Leather Mocha','2021','2020년 10월','6,298','디젤','오토 A/T',10000,4700),
(30,'777코1272','무지완','BMW','3시리즈 (G20)','320d M 스포츠','중형세단','실외: Black metallic, 실내:Leather Mocha','2021','2020년 11월','7,741','디젤','오토 A/T',10000,4700),
(31,'777코1275','서정우','BMW','3시리즈 (G20)','320d M 스포츠','중형세단','실외: Black metallic, 실내:Leather Mocha','2020','2020년 09월','12,620','디젤','오토 A/T',10000,4700),
(32,'777코1298','권로하','BMW','3시리즈 (G20)','320d xDrive 럭셔리','중형세단','실외: Black metallic, 실내:Leather Mocha','2021','2020년 11월','4,812','디젤','오토 A/T',10000,4700),
(33,'777코1303','황찬','BMW','3시리즈 (G20)','320d xDrive M 스포츠','중형세단','실외: Black metallic, 실내:Leather Mocha','2021','2020년 11월','3,528','디젤','오토 A/T',10000,4700),
(34,'777코1333','홍효준','BMW','3시리즈 (G20)','320i 투어링 럭셔리','중형세단','실외: Black metallic, 실내:Leather Mocha','2021','2021년 02월','2,200','가솔린','오토 A/T',10000,4700),
(35,'777코1378','홍세나','BMW','3시리즈 (G20)','330i M 스포츠','중형세단','실외: Black metallic, 실내:Leather Mocha','2019','2019년 10월','43,550','가솔린','오토 A/T',10000,4690),
(36,'777코1379','양지효','BMW','3시리즈 (G20)','330i M 스포츠','중형세단','실외: Black metallic, 실내:Leather Mocha','2019','2019년 03월','36,082','가솔린','오토 A/T',10000,4660),
(37,'777코1276','고현민','BMW','3시리즈 (G20)','320d M 스포츠','중형세단','실외: Black metallic, 실내:Leather Mocha','2021','2021년 02월','11,065','디젤','오토 A/T',10000,4650),
(38,'777코1305','고주원','BMW','3시리즈 (G20)','320d xDrive M 스포츠','중형세단','실외: Black metallic, 실내:Leather Mocha','2020','2020년 08월','14,726','디젤','오토 A/T',10000,4650),
(39,'777코1380','김다예','BMW','3시리즈 (G20)','330i M 스포츠','중형세단','실외: Black metallic, 실내:Leather Mocha','2019','2019년 04월','39,100','가솔린','오토 A/T',10000,4615),
(40,'777코1244','황하랑','BMW','3시리즈 (G20)','320d 럭셔리','중형세단','실외: Black metallic, 실내:Leather Mocha','2021','2020년 10월','6,755','디젤','오토 A/T',10000,4600),
(41,'777코1250','무시후','BMW','3시리즈 (G20)','320d 럭셔리','중형세단','실외: Black metallic, 실내:Leather Mocha','2020','2020년 09월','3,112','디젤','오토 A/T',10000,4600),
(42,'777코1273','안은성','BMW','3시리즈 (G20)','320d M 스포츠','중형세단','실외: Black metallic, 실내:Leather Mocha','2021','2020년 11월','6,414','디젤','오토 A/T',10000,4600),
(43,'777코1367','을연희','BMW','3시리즈 (G20)','330e M 스포츠','중형세단','실외: Black metallic, 실내:Leather Mocha','2020','2020년 07월','7,926','가솔린+전기','오토 A/T',10000,4600),
(44,'777코1266','송유하','BMW','3시리즈 (G20)','320d 투어링 M 스포츠','중형세단','실외: Black metallic, 실내:Leather Mocha','2021','2020년 11월','4,100','디젤','오토 A/T',10000,4599),
(45,'777코1355','홍진호','BMW','3시리즈 (G20)','320i M 스포츠 블랙수트 에디션','중형세단','실외: Black metallic, 실내:Leather Mocha','2021','2021년 03월','2,290','가솔린','오토 A/T',10000,4598),
(46,'777코1321','서한서','BMW','3시리즈 (G20)','320i 럭셔리','중형세단','실외: Black metallic, 실내:Leather Mocha','2021','2021년 02월','2,203','가솔린','오토 A/T',10000,4570),
(47,'777코1245','안하람','BMW','3시리즈 (G20)','320d 럭셔리','중형세단','실외: Black metallic, 실내:Leather Mocha','2021','2020년 10월','10,085','디젤','오토 A/T',10000,4550),
(48,'777코1267','류이수','BMW','3시리즈 (G20)','320d 투어링 M 스포츠','중형세단','실외: Black metallic, 실내:Leather Mocha','2021','2020년 11월','6,262','디젤','오토 A/T',10000,4550),
(49,'777코1392','술샛별','BMW','3시리즈 (G20)','330i xDrive M 스포츠','중형세단','실외: Black metallic, 실내:Leather Mocha','2019','2019년 11월','34,203','가솔린','오토 A/T',10000,4550),
(50,'777코1381','황솜','BMW','3시리즈 (G20)','330i M 스포츠','중형세단','실외: Black metallic, 실내:Leather Mocha','2019','2019년 05월','27,500','가솔린','오토 A/T',10000,4544),
(51,'777코1246','송아준','BMW','3시리즈 (G20)','320d 럭셔리','중형세단','실외: Black metallic, 실내:Leather Mocha','2021','2020년 10월','8,773','디젤','오토 A/T',10000,4500),
(52,'777코1277','서민준','BMW','3시리즈 (G20)','320d M 스포츠','중형세단','실외: Black metallic, 실내:Leather Mocha','2020','2020년 08월','3,154','디젤','오토 A/T',10000,4500),
(53,'777코1278','백세령','BMW','3시리즈 (G20)','320d M 스포츠','중형세단','실외: Black metallic, 실내:Leather Mocha','2020','2020년 05월','16,679','디젤','오토 A/T',10000,4500),
(54,'777코1269','권시안','BMW','3시리즈 (G20)','320d 투어링 M 스포츠','중형세단','실외: Black metallic, 실내:Leather Mocha','2020','2020년 09월','2,922','디젤','오토 A/T',10000,4490),
(55,'777코1356','한슬기','BMW','3시리즈 (G20)','330e','중형세단','실외: Black metallic, 실내:Leather Mocha','2020','2020년 07월','10,562','가솔린+전기','오토 A/T',10000,4490),
(56,'777코1370','묘윤진','BMW','3시리즈 (G20)','330i 럭셔리','중형세단','실외: Black metallic, 실내:Leather Mocha','2020','2020년 07월','24,463','가솔린','오토 A/T',10000,4490),
(57,'777코1382','서린','BMW','3시리즈 (G20)','330i M 스포츠','중형세단','실외: Black metallic, 실내:Leather Mocha','2019','2019년 06월','70,929','가솔린','오토 A/T',10000,4490),
(58,'777코1279','병이랑','BMW','3시리즈 (G20)','320d M 스포츠','중형세단','실외: Black metallic, 실내:Leather Mocha','2019','2019년 06월','30,993','디젤','오토 A/T',10000,4480),
(59,'777코1270','황율','BMW','3시리즈 (G20)','320d 투어링 M 스포츠','중형세단','실외: Black metallic, 실내:Leather Mocha','2020','2020년 09월','9,704','디젤','오토 A/T',10000,4450),
(60,'777코1280','최다정','BMW','3시리즈 (G20)','320d M 스포츠','중형세단','실외: Black metallic, 실내:Leather Mocha','2019','2019년 09월','29,348','디젤','오토 A/T',10000,4450),
(61,'777코1322','안하진','BMW','3시리즈 (G20)','320i 럭셔리','중형세단','실외: Black metallic, 실내:Leather Mocha','2020','2020년 09월','26,187','가솔린','오토 A/T',10000,4450),
(62,'777코1353','류진우','BMW','3시리즈 (G20)','320i M 스포츠','중형세단','실외: Black metallic, 실내:Leather Mocha','2020','2020년 10월','9,695','가솔린','오토 A/T',10000,4450),
(63,'777코1247','전재원','BMW','3시리즈 (G20)','320d 럭셔리','중형세단','실외: Black metallic, 실내:Leather Mocha','2021','2020년 11월','7,687','디젤','오토 A/T',10000,4440),
(64,'777코1281','권현진','BMW','3시리즈 (G20)','320d M 스포츠','중형세단','실외: Black metallic, 실내:Leather Mocha','2021','2021년 01월','10,810','디젤','오토 A/T',10000,4400),
(65,'777코1299','송단우','BMW','3시리즈 (G20)','320d xDrive 럭셔리','중형세단','실외: Black metallic, 실내:Leather Mocha','2020','2020년 09월','3,452','디젤','오토 A/T',10000,4400),
(66,'777코1371','서하경','BMW','3시리즈 (G20)','330i 럭셔리','중형세단','실외: Black metallic, 실내:Leather Mocha','2019','2019년 11월','30,319','가솔린','오토 A/T',10000,4400),
(67,'777코1383','고지인','BMW','3시리즈 (G20)','330i M 스포츠','중형세단','실외: Black metallic, 실내:Leather Mocha','2019','2019년 10월','23,262','가솔린','오토 A/T',10000,4400),
(68,'777코1357','서이준','BMW','3시리즈 (G20)','330e','중형세단','실외: Black metallic, 실내:Leather Mocha','2020','2020년 07월','6,424','가솔린+전기','오토 A/T',10000,4399),
(69,'777코1248','전윤재','BMW','3시리즈 (G20)','320d 럭셔리','중형세단','실외: Black metallic, 실내:Leather Mocha','2021','2020년 10월','6,844','디젤','오토 A/T',10000,4390),
(70,'777코1306','안아연','BMW','3시리즈 (G20)','320d xDrive M 스포츠','중형세단','실외: Black metallic, 실내:Leather Mocha','2019','2019년 05월','45,000','디젤','오토 A/T',10000,4390),
(71,'777코1323','류지오','BMW','3시리즈 (G20)','320i 럭셔리','중형세단','실외: Black metallic, 실내:Leather Mocha','2020','2020년 09월','14,274','가솔린','오토 A/T',10000,4390),
(72,'777코1282','이은우','BMW','3시리즈 (G20)','320d M 스포츠','중형세단','실외: Black metallic, 실내:Leather Mocha','2019','2019년 04월','22,388','디젤','오토 A/T',10000,4370),
(73,'777코1300','병윤우','BMW','3시리즈 (G20)','320d xDrive 럭셔리','중형세단','실외: Black metallic, 실내:Leather Mocha','2020','2020년 08월','6,986','디젤','오토 A/T',10000,4350),
(74,'777코1334','홍서후','BMW','3시리즈 (G20)','320i M 스포츠','중형세단','실외: Black metallic, 실내:Leather Mocha','2021','2020년 10월','10,577','가솔린','오토 A/T',10000,4350),
(75,'777코1335','홍승호','BMW','3시리즈 (G20)','320i M 스포츠','중형세단','실외: Black metallic, 실내:Leather Mocha','2021','2020년 11월','4,622','가솔린','오토 A/T',10000,4350),
(76,'777코1283','갑담','BMW','3시리즈 (G20)','320d M 스포츠','중형세단','실외: Black metallic, 실내:Leather Mocha','2019','2019년 09월','20,365','디젤','오토 A/T',10000,4340),
(77,'777코1251','권지후','BMW','3시리즈 (G20)','320d 럭셔리','중형세단','실외: Black metallic, 실내:Leather Mocha','2020','2020년 08월','3,201','디젤','오토 A/T',10000,4300),
(78,'777코1252','허주현','BMW','3시리즈 (G20)','320d 럭셔리','중형세단','실외: Black metallic, 실내:Leather Mocha','2020','2020년 05월','20,172','디젤','오토 A/T',10000,4300),
(79,'777코1314','고주호','BMW','3시리즈 (G20)','320i 럭셔리','중형세단','실외: Black metallic, 실내:Leather Mocha','2021','2020년 10월','4,656','가솔린','오토 A/T',10000,4300),
(80,'777코1336','서재윤','BMW','3시리즈 (G20)','320i M 스포츠','중형세단','실외: Black metallic, 실내:Leather Mocha','2021','2020년 10월','3,328','가솔린','오토 A/T',10000,4300),
(81,'777코1358','갑서준','BMW','3시리즈 (G20)','330e','중형세단','실외: Black metallic, 실내:Leather Mocha','2020','2020년 07월','3,677','가솔린+전기','오토 A/T',10000,4300),
(82,'777코1368','황준우','BMW','3시리즈 (G20)','330e M 스포츠','중형세단','실외: Black metallic, 실내:Leather Mocha','2020','2020년 08월','9,662','가솔린+전기','오토 A/T',10000,4300),
(83,'777코1372','손다경','BMW','3시리즈 (G20)','330i 럭셔리','중형세단','실외: Black metallic, 실내:Leather Mocha','2019','2019년 03월','18,156','가솔린','오토 A/T',10000,4300),
(84,'777코1274','신재하','BMW','3시리즈 (G20)','320d M 스포츠','중형세단','실외: Black metallic, 실내:Leather Mocha','2021','2020년 10월','9,127','디젤','오토 A/T',10000,4290),
(85,'777코1337','고태현','BMW','3시리즈 (G20)','320i M 스포츠','중형세단','실외: Black metallic, 실내:Leather Mocha','2021','2020년 11월','7,352','가솔린','오토 A/T',10000,4290),
(86,'777코1338','권윤호','BMW','3시리즈 (G20)','320i M 스포츠','중형세단','실외: Black metallic, 실내:Leather Mocha','2021','2020년 10월','8,227','가솔린','오토 A/T',10000,4290),
(87,'777코1339','황민재','BMW','3시리즈 (G20)','320i M 스포츠','중형세단','실외: Black metallic, 실내:Leather Mocha','2021','2020년 10월','9,464','가솔린','오토 A/T',10000,4290),
(88,'777코1340','안재이','BMW','3시리즈 (G20)','320i M 스포츠','중형세단','실외: Black metallic, 실내:Leather Mocha','2021','2020년 10월','7,309','가솔린','오토 A/T',10000,4290),
(89,'777코1341','서성준','BMW','3시리즈 (G20)','320i M 스포츠','중형세단','실외: Black metallic, 실내:Leather Mocha','2021','2020년 11월','4,996','가솔린','오토 A/T',10000,4280),
(90,'777코1249','송하율','BMW','3시리즈 (G20)','320d 럭셔리','중형세단','실외: Black metallic, 실내:Leather Mocha','2021','2020년 10월','8,118','디젤','오토 A/T',10000,4270),
(91,'777코1253','미루다','BMW','3시리즈 (G20)','320d 럭셔리','중형세단','실외: Black metallic, 실내:Leather Mocha','2021','2021년 07월','100','디젤','오토 A/T',10000,4260),
(92,'777코1254','배서인','BMW','3시리즈 (G20)','320d 럭셔리','중형세단','실외: Black metallic, 실내:Leather Mocha','2019','2019년 03월','12,059','디젤','오토 A/T',10000,4250),
(93,'777코1255','권하준','BMW','3시리즈 (G20)','320d 럭셔리','중형세단','실외: Black metallic, 실내:Leather Mocha','2020','2020년 07월','12,000','디젤','오토 A/T',10000,4250),
(94,'777코1296','안이든','BMW','3시리즈 (G20)','320d xDrive','중형세단','실외: Black metallic, 실내:Leather Mocha','2020','2020년 08월','9,304','디젤','오토 A/T',10000,4250),
(95,'777코1373','송나경','BMW','3시리즈 (G20)','330i 럭셔리','중형세단','실외: Black metallic, 실내:Leather Mocha','2019','2019년 05월','35,656','가솔린','오토 A/T',10000,4250),
(96,'777코1324','진율희','BMW','3시리즈 (G20)','320i 럭셔리','중형세단','실외: Black metallic, 실내:Leather Mocha','2020','2020년 05월','10,463','가솔린','오토 A/T',10000,4240),
(97,'777코1256','이봄이','BMW','3시리즈 (G20)','320d 럭셔리','중형세단','실외: Black metallic, 실내:Leather Mocha','2020','2020년 04월','16,023','디젤','오토 A/T',10000,4230),
(98,'777코1325','전채리','BMW','3시리즈 (G20)','320i 럭셔리','중형세단','실외: Black metallic, 실내:Leather Mocha','2020','2020년 06월','18,593','가솔린','오토 A/T',10000,4220),
(99,'777코1264','전우영','BMW','3시리즈 (G20)','320d 투어링','중형세단','실외: Black metallic, 실내:Leather Mocha','2020','2020년 12월','10,314','디젤','오토 A/T',10000,4200),
(100,'777코1315','류수현','BMW','3시리즈 (G20)','320i 럭셔리','중형세단','실외: Black metallic, 실내:Leather Mocha','2021','2020년 10월','4,395','가솔린','오토 A/T',10000,4200),
(101,'777코1316','홍예건','BMW','3시리즈 (G20)','320i 럭셔리','중형세단','실외: Black metallic, 실내:Leather Mocha','2021','2020년 12월','9,480','가솔린','오토 A/T',10000,4200),
(102,'777코1326','홍보나','BMW','3시리즈 (G20)','320i 럭셔리','중형세단','실외: Black metallic, 실내:Leather Mocha','2020','2020년 06월','16,184','가솔린','오토 A/T',10000,4200),
(103,'777코1342','기리한','BMW','3시리즈 (G20)','320i M 스포츠','중형세단','실외: Black metallic, 실내:Leather Mocha','2021','2020년 11월','8,450','가솔린','오토 A/T',10000,4200),
(104,'777코1234','문은혜','BMW','3시리즈 (G20)','320d','중형세단','실외: Black metallic, 실내:Leather Mocha','2019','2019년 10월','33,772','디젤','오토 A/T',10000,4199),
(105,'777코1284','자예안','BMW','3시리즈 (G20)','320d M 스포츠','중형세단','실외: Black metallic, 실내:Leather Mocha','2020','2020년 02월','23,979','디젤','오토 A/T',10000,4199),
(106,'777코1257','송은호','BMW','3시리즈 (G20)','320d 럭셔리','중형세단','실외: Black metallic, 실내:Leather Mocha','2020','2020년 08월','11,530','디젤','오토 A/T',10000,4190),
(107,'777코1285','이다솔','BMW','3시리즈 (G20)','320d M 스포츠','중형세단','실외: Black metallic, 실내:Leather Mocha','2019','2019년 12월','13,235','디젤','오토 A/T',10000,4190),
(108,'777코1327','전준','BMW','3시리즈 (G20)','320i 럭셔리','중형세단','실외: Black metallic, 실내:Leather Mocha','2020','2020년 10월','7,650','가솔린','오토 A/T',10000,4190),
(109,'777코1286','백이봄','BMW','3시리즈 (G20)','320d M 스포츠','중형세단','실외: Black metallic, 실내:Leather Mocha','2019','2019년 07월','12,458','디젤','오토 A/T',10000,4170),
(110,'777코1287','조이솜','BMW','3시리즈 (G20)','320d M 스포츠','중형세단','실외: Black metallic, 실내:Leather Mocha','2019','2019년 03월','51,914','디젤','오토 A/T',10000,4150),
(111,'777코1317','권준혁','BMW','3시리즈 (G20)','320i 럭셔리','중형세단','실외: Black metallic, 실내:Leather Mocha','2021','2020년 11월','3,239','가솔린','오토 A/T',10000,4150),
(112,'777코1318','황강민','BMW','3시리즈 (G20)','320i 럭셔리','중형세단','실외: Black metallic, 실내:Leather Mocha','2021','2020년 11월','8,984','가솔린','오토 A/T',10000,4150),
(113,'777코1328','고준성','BMW','3시리즈 (G20)','320i 럭셔리','중형세단','실외: Black metallic, 실내:Leather Mocha','2020','2020년 12월','8,451','가솔린','오토 A/T',10000,4150),
(114,'777코1329','홍이찬','BMW','3시리즈 (G20)','320i 럭셔리','중형세단','실외: Black metallic, 실내:Leather Mocha','2020','2020년 10월','6,808','가솔린','오토 A/T',10000,4150),
(115,'777코1330','고나원','BMW','3시리즈 (G20)','320i 럭셔리','중형세단','실외: Black metallic, 실내:Leather Mocha','2020','2020년 06월','11,503','가솔린','오토 A/T',10000,4150),
(116,'777코1343','안현서','BMW','3시리즈 (G20)','320i M 스포츠','중형세단','실외: Black metallic, 실내:Leather Mocha','2021','2020년 11월','8,039','가솔린','오토 A/T',10000,4150),
(117,'777코1344','송예성','BMW','3시리즈 (G20)','320i M 스포츠','중형세단','실외: Black metallic, 실내:Leather Mocha','2021','2020년 11월','9,460','가솔린','오토 A/T',10000,4150),
(118,'777코1345','류유진','BMW','3시리즈 (G20)','320i M 스포츠','중형세단','실외: Black metallic, 실내:Leather Mocha','2021','2020년 11월','9,337','가솔린','오토 A/T',10000,4150),
(119,'777코1331','고도겸','BMW','3시리즈 (G20)','320i 럭셔리','중형세단','실외: Black metallic, 실내:Leather Mocha','2020','2020년 10월','6,782','가솔린','오토 A/T',10000,4130),
(120,'777코1258','박보아','BMW','3시리즈 (G20)','320d 럭셔리','중형세단','실외: Black metallic, 실내:Leather Mocha','2020','2020년 04월','31,900','디젤','오토 A/T',10000,4100),
(121,'777코1259','김하선','BMW','3시리즈 (G20)','320d 럭셔리','중형세단','실외: Black metallic, 실내:Leather Mocha','2020','2020년 05월','28,825','디젤','오토 A/T',10000,4100),
(122,'777코1260','류도하','BMW','3시리즈 (G20)','320d 럭셔리','중형세단','실외: Black metallic, 실내:Leather Mocha','2020','2020년 08월','3,744','디젤','오토 A/T',10000,4100),
(123,'777코1288','권윤채','BMW','3시리즈 (G20)','320d M 스포츠','중형세단','실외: Black metallic, 실내:Leather Mocha','2019','2019년 08월','25,229','디젤','오토 A/T',10000,4100),
(124,'777코1289','박현','BMW','3시리즈 (G20)','320d M 스포츠','중형세단','실외: Black metallic, 실내:Leather Mocha','2019','2019년 12월','20,293','디젤','오토 A/T',10000,4100),
(125,'777코1319','전윤성','BMW','3시리즈 (G20)','320i 럭셔리','중형세단','실외: Black metallic, 실내:Leather Mocha','2021','2020년 11월','9,293','가솔린','오토 A/T',10000,4100),
(126,'777코1320','홍리호','BMW','3시리즈 (G20)','320i 럭셔리','중형세단','실외: Black metallic, 실내:Leather Mocha','2021','2020년 11월','8,806','가솔린','오토 A/T',10000,4100),
(127,'777코1332','황재준','BMW','3시리즈 (G20)','320i 럭셔리','중형세단','실외: Black metallic, 실내:Leather Mocha','2021','2021년 01월','10,913','가솔린','오토 A/T',10000,4100),
(128,'777코1346','서아인','BMW','3시리즈 (G20)','320i M 스포츠','중형세단','실외: Black metallic, 실내:Leather Mocha','2021','2020년 10월','10,589','가솔린','오토 A/T',10000,4100),
(129,'777코1290','기수안','BMW','3시리즈 (G20)','320d M 스포츠','중형세단','실외: Black metallic, 실내:Leather Mocha','2019','2019년 11월','28,407','디젤','오토 A/T',10000,4099),
(130,'777코1347','고하빈','BMW','3시리즈 (G20)','320i M 스포츠','중형세단','실외: Black metallic, 실내:Leather Mocha','2021','2020년 11월','8,620','가솔린','오토 A/T',10000,4090),
(131,'777코1235','최도담','BMW','3시리즈 (G20)','320d','중형세단','실외: Black metallic, 실내:Leather Mocha','2019','2019년 12월','4,561','디젤','오토 A/T',10000,4050),
(132,'777코1236','강은재','BMW','3시리즈 (G20)','320d','중형세단','실외: Black metallic, 실내:Leather Mocha','2019','2019년 09월','4,335','디젤','오토 A/T',10000,4050),
(133,'777코1308','서주혁','BMW','3시리즈 (G20)','320i','중형세단','실외: Black metallic, 실내:Leather Mocha','2021','2020년 12월','6,327','가솔린','오토 A/T',10000,4050),
(134,'777코1309','서우찬','BMW','3시리즈 (G20)','320i','중형세단','실외: Black metallic, 실내:Leather Mocha','2021','2020년 11월','3,848','가솔린','오토 A/T',10000,4050),
(135,'777코1354','이혜빈','BMW','3시리즈 (G20)','320i M 스포츠','중형세단','실외: Black metallic, 실내:Leather Mocha','2020','2020년 05월','5,800','가솔린','오토 A/T',10000,4050),
(136,'777코1384','류이수','BMW','3시리즈 (G20)','330i M 스포츠','중형세단','실외: Black metallic, 실내:Leather Mocha','2019','2019년 05월','34,665','가솔린','오토 A/T',10000,4050),
(137,'777코1261','양유솔','BMW','3시리즈 (G20)','320d 럭셔리','중형세단','실외: Black metallic, 실내:Leather Mocha','2019','2019년 10월','34,500','디젤','오토 A/T',10000,4042),
(138,'777코1237','박하라','BMW','3시리즈 (G20)','320d','중형세단','실외: Black metallic, 실내:Leather Mocha','2020','2020년 05월','23,616','디젤','오토 A/T',10000,4040),
(139,'777코1291','손나엘','BMW','3시리즈 (G20)','320d M 스포츠','중형세단','실외: Black metallic, 실내:Leather Mocha','2019','2019년 10월','21,971','디젤','오토 A/T',10000,4040),
(140,'777코1348','경리우','BMW','3시리즈 (G20)','320i M 스포츠','중형세단','실외: Black metallic, 실내:Leather Mocha','2021','2020년 11월','6,358','가솔린','오토 A/T',10000,4040),
(141,'777코1349','권결','BMW','3시리즈 (G20)','320i M 스포츠','중형세단','실외: Black metallic, 실내:Leather Mocha','2021','2020년 11월','6,795','가솔린','오토 A/T',10000,4040),
(142,'777코1292','권은설','BMW','3시리즈 (G20)','320d M 스포츠','중형세단','실외: Black metallic, 실내:Leather Mocha','2019','2019년 11월','16,728','디젤','오토 A/T',10000,4000),
(143,'777코1310','황지성','BMW','3시리즈 (G20)','320i','중형세단','실외: Black metallic, 실내:Leather Mocha','2021','2020년 11월','4,209','가솔린','오토 A/T',10000,4000),
(144,'777코1293','전한나','BMW','3시리즈 (G20)','320d M 스포츠','중형세단','실외: Black metallic, 실내:Leather Mocha','2019','2019년 05월','47,408','디젤','오토 A/T',10000,3999),
(145,'777코1294','황시우','BMW','3시리즈 (G20)','320d M 스포츠','중형세단','실외: Black metallic, 실내:Leather Mocha','2020','2020년 07월','6,317','디젤','오토 A/T',10000,3999),
(146,'777코1238','병지예','BMW','3시리즈 (G20)','320d','중형세단','실외: Black metallic, 실내:Leather Mocha','2019','2019년 12월','13,748','디젤','오토 A/T',10000,3990),
(147,'777코1311','안인우','BMW','3시리즈 (G20)','320i','중형세단','실외: Black metallic, 실내:Leather Mocha','2021','2020년 11월','7,340','가솔린','오토 A/T',10000,3990),
(148,'777코1374','최아은','BMW','3시리즈 (G20)','330i 럭셔리','중형세단','실외: Black metallic, 실내:Leather Mocha','2020','2020년 04월','8,683','가솔린','오토 A/T',10000,3984),
(149,'777코1239','문도윤','BMW','3시리즈 (G20)','320d','중형세단','실외: Black metallic, 실내:Leather Mocha','2020','2020년 06월','15,037','디젤','오토 A/T',10000,3980),
(150,'777코1350','송규빈','BMW','3시리즈 (G20)','320i M 스포츠','중형세단','실외: Black metallic, 실내:Leather Mocha','2021','2020년 11월','760','가솔린','오토 A/T',10000,3980),
(151,'777코1240','박시하','BMW','3시리즈 (G20)','320d','중형세단','실외: Black metallic, 실내:Leather Mocha','2019','2019년 04월','24,355','디젤','오토 A/T',10000,3950),
(152,'777코1241','양세리','BMW','3시리즈 (G20)','320d','중형세단','실외: Black metallic, 실내:Leather Mocha','2020','2020년 06월','18,852','디젤','오토 A/T',10000,3950),
(153,'777코1351','임시원','BMW','3시리즈 (G20)','320i M 스포츠','중형세단','실외: Black metallic, 실내:Leather Mocha','2021','2020년 10월','6,023','가솔린','오토 A/T',10000,3950),
(154,'777코1262','백소예','BMW','3시리즈 (G20)','320d 럭셔리','중형세단','실외: Black metallic, 실내:Leather Mocha','2019','2019년 03월','39,629','디젤','오토 A/T',10000,3870),
(155,'777코1242','최가령','BMW','3시리즈 (G20)','320d','중형세단','실외: Black metallic, 실내:Leather Mocha','2020','2020년 05월','22,986','디젤','오토 A/T',10000,3850),
(156,'777코1297','강민설','BMW','3시리즈 (G20)','320d xDrive','중형세단','실외: Black metallic, 실내:Leather Mocha','2019','2019년 12월','38,227','디젤','오토 A/T',10000,3849),
(157,'777코1301','황해온','BMW','3시리즈 (G20)','320d xDrive 럭셔리','중형세단','실외: Black metallic, 실내:Leather Mocha','2019','2019년 11월','19,945','디젤','오토 A/T',10000,3840),
(158,'777코1302','조다나','BMW','3시리즈 (G20)','320d xDrive 럭셔리','중형세단','실외: Black metallic, 실내:Leather Mocha','2019','2019년 12월','8,557','디젤','오토 A/T',10000,3800),
(159,'777코1307','안리온','BMW','3시리즈 (G20)','320d xDrive M 스포츠','중형세단','실외: Black metallic, 실내:Leather Mocha','2019','2019년 11월','39,417','디젤','오토 A/T',10000,3800),
(160,'777코1423','윤선유','BMW','5시리즈 (G30)','520d 럭셔리 플러스','준대형 세단','실외: Black metallic, 실내:Leather Mocha','2020','2019년 12월','29,100','디젤','오토 A/T',10000,9999),
(161,'777코1664','조하루','BMW','5시리즈 (G30)','520d xDrive M 스포츠 플러스','준대형 세단','실외: Black metallic, 실내:Leather Mocha','2017','2017년 03월','109,448','디젤','오토 A/T',10000,9999),
(162,'777코2027','손모건','BMW','5시리즈 (G30)','530i xDrive M 스포츠 플러스','준대형 세단','실외: Black metallic, 실내:Leather Mocha','2017','2017년 07월','92,013','가솔린','오토 A/T',10000,9999),
(163,'777코2459','류윤후','BMW','5시리즈 (G30)','M550i xDrive','준대형 세단','실외: Black metallic, 실내:Leather Mocha','2021','2020년 11월','3,001','가솔린','오토 A/T',10000,9300),
(164,'777코2460','전노아','BMW','5시리즈 (G30)','M550i xDrive','준대형 세단','실외: Black metallic, 실내:Leather Mocha','2021','2020년 11월','8,568','가솔린','오토 A/T',10000,9200),
(165,'777코2461','홍규민','BMW','5시리즈 (G30)','M550i xDrive','준대형 세단','실외: Black metallic, 실내:Leather Mocha','2021','2020년 11월','9,475','가솔린','오토 A/T',10000,9200),
(166,'777코2462','고선율','BMW','5시리즈 (G30)','M550i xDrive','준대형 세단','실외: Black metallic, 실내:Leather Mocha','2021','2020년 11월','6,971','가솔린','오토 A/T',10000,9200),
(167,'777코2463','서우준','BMW','5시리즈 (G30)','M550i xDrive','준대형 세단','실외: Black metallic, 실내:Leather Mocha','2021','2020년 11월','11,014','가솔린','오토 A/T',10000,9200),
(168,'777코2464','신준영','BMW','5시리즈 (G30)','M550i xDrive','준대형 세단','실외: Black metallic, 실내:Leather Mocha','2021','2020년 11월','8,319','가솔린','오토 A/T',10000,9200),
(169,'777코2465','권서안','BMW','5시리즈 (G30)','M550i xDrive','준대형 세단','실외: Black metallic, 실내:Leather Mocha','2021','2020년 11월','3,186','가솔린','오토 A/T',10000,9200),
(170,'777코2466','경호','BMW','5시리즈 (G30)','M550i xDrive','준대형 세단','실외: Black metallic, 실내:Leather Mocha','2021','2020년 12월','5,482','가솔린','오토 A/T',10000,9200),
(171,'777코2467','황해솔','BMW','5시리즈 (G30)','M550i xDrive','준대형 세단','실외: Black metallic, 실내:Leather Mocha','2021','2020년 11월','10,101','가솔린','오토 A/T',10000,9200),
(172,'777코2468','안민성','BMW','5시리즈 (G30)','M550i xDrive','준대형 세단','실외: Black metallic, 실내:Leather Mocha','2021','2020년 11월','8,264','가솔린','오토 A/T',10000,9100),
(173,'777코2469','송동하','BMW','5시리즈 (G30)','M550i xDrive','준대형 세단','실외: Black metallic, 실내:Leather Mocha','2021','2020년 11월','6,031','가솔린','오토 A/T',10000,8900),
(174,'777코2470','류다원','BMW','5시리즈 (G30)','M550i xDrive','준대형 세단','실외: Black metallic, 실내:Leather Mocha','2021','2020년 11월','4,977','가솔린','오토 A/T',10000,8800),
(175,'777코2089','안도윤','BMW','5시리즈 (G30)','540i xDrive 럭셔리 플러스','준대형 세단','실외: Black metallic, 실내:Leather Mocha','2020','2020년 07월','28,000','가솔린','오토 A/T',10000,7900),
(176,'777코2444','황서안','BMW','5시리즈 (G30)','M550d xDrive','준대형 세단','실외: Black metallic, 실내:Leather Mocha','2019','2019년 02월','14,000','디젤','오토 A/T',10000,7800),
(177,'777코2098','전승우','BMW','5시리즈 (G30)','540i xDrive M 스포츠 플러스','준대형 세단','실외: Black metallic, 실내:Leather Mocha','2021','2020년 09월','8,311','가솔린','오토 A/T',10000,7500),
(178,'777코2445','계시현','BMW','5시리즈 (G30)','M550d xDrive','준대형 세단','실외: Black metallic, 실내:Leather Mocha','2018','2018년 12월','13,586','디젤','오토 A/T',10000,7390),
(179,'777코2446','송이재','BMW','5시리즈 (G30)','M550d xDrive','준대형 세단','실외: Black metallic, 실내:Leather Mocha','2019','2019년 11월','21,100','디젤','오토 A/T',10000,7390),
(180,'777코2088','안채민','BMW','5시리즈 (G30)','540i xDrive 럭셔리','준대형 세단','실외: Black metallic, 실내:Leather Mocha','2021','2021년 01월','11,906','가솔린','오토 A/T',10000,7100),
(181,'777코2447','배유미','BMW','5시리즈 (G30)','M550d xDrive','준대형 세단','실외: Black metallic, 실내:Leather Mocha','2019','2019년 10월','24,956','디젤','오토 A/T',10000,7100),
(182,'777코2448','박채이','BMW','5시리즈 (G30)','M550d xDrive','준대형 세단','실외: Black metallic, 실내:Leather Mocha','2018','2018년 05월','21,642','디젤','오토 A/T',10000,7050),
(183,'777코2007','권연후','BMW','5시리즈 (G30)','530i xDrive M 스포츠','준대형 세단','실외: Black metallic, 실내:Leather Mocha','2021','2020년 12월','2,760','가솔린','오토 A/T',10000,6850),
(184,'777코2009','을한솔','BMW','5시리즈 (G30)','530i xDrive M 스포츠','준대형 세단','실외: Black metallic, 실내:Leather Mocha','2021','2021년 02월','2,716','가솔린','오토 A/T',10000,6800),
(185,'777코2449','류서유','BMW','5시리즈 (G30)','M550d xDrive','준대형 세단','실외: Black metallic, 실내:Leather Mocha','2019','2019년 11월','38,200','디젤','오토 A/T',10000,6800),
(186,'777코2450','권민하','BMW','5시리즈 (G30)','M550d xDrive','준대형 세단','실외: Black metallic, 실내:Leather Mocha','2018','2018년 12월','37,576','디젤','오토 A/T',10000,6790),
(187,'777코2008','권도경','BMW','5시리즈 (G30)','530i xDrive M 스포츠','준대형 세단','실외: Black metallic, 실내:Leather Mocha','2021','2020년 10월','5,016','가솔린','오토 A/T',10000,6750),
(188,'777코2451','황도이','BMW','5시리즈 (G30)','M550d xDrive','준대형 세단','실외: Black metallic, 실내:Leather Mocha','2018','2018년 12월','28,359','디젤','오토 A/T',10000,6720),
(189,'777코2090','홍유찬','BMW','5시리즈 (G30)','540i xDrive 럭셔리 플러스','준대형 세단','실외: Black metallic, 실내:Leather Mocha','2020','2020년 09월','9,846','가솔린','오토 A/T',10000,6700),
(190,'777코2099','홍혜리','BMW','5시리즈 (G30)','540i xDrive M 스포츠 플러스','준대형 세단','실외: Black metallic, 실내:Leather Mocha','2019','2019년 05월','10,500','가솔린','오토 A/T',10000,6700),
(191,'777코1773','조도담','BMW','5시리즈 (G30)','520i M 스포츠','준대형 세단','실외: Black metallic, 실내:Leather Mocha','2021','2021년 06월','1,565','가솔린','오토 A/T',10000,6677),
(192,'777코1884','송동욱','BMW','5시리즈 (G30)','530e M 스포츠','준대형 세단','실외: Black metallic, 실내:Leather Mocha','2021','2021년 01월','9,653','가솔린+전기','오토 A/T',10000,6660),
(193,'777코2452','안채빈','BMW','5시리즈 (G30)','M550d xDrive','준대형 세단','실외: Black metallic, 실내:Leather Mocha','2018','2018년 12월','48,958','디젤','오토 A/T',10000,6660),
(194,'777코1790','황찬우','BMW','5시리즈 (G30)','523d M 스포츠','준대형 세단','실외: Black metallic, 실내:Leather Mocha','2021','2020년 12월','12,827','디젤','오토 A/T',10000,6625),
(195,'777코1821','전건율','BMW','5시리즈 (G30)','530e 럭셔리','준대형 세단','실외: Black metallic, 실내:Leather Mocha','2021','2020년 11월','5,402','가솔린+전기','오토 A/T',10000,6600),
(196,'777코1885','류성빈','BMW','5시리즈 (G30)','530e M 스포츠','준대형 세단','실외: Black metallic, 실내:Leather Mocha','2021','2021년 01월','10,760','가솔린+전기','오토 A/T',10000,6600),
(197,'777코2100','고여름','BMW','5시리즈 (G30)','540i xDrive M 스포츠 플러스','준대형 세단','실외: Black metallic, 실내:Leather Mocha','2019','2019년 05월','9,757','가솔린','오토 A/T',10000,6600),
(198,'777코2442','조희준','BMW','5시리즈 (G30)','M550d xDrive','준대형 세단','실외: Black metallic, 실내:Leather Mocha','2018','2017년 12월','47,639','디젤','오토 A/T',10000,6600),
(199,'777코1886','권영준','BMW','5시리즈 (G30)','530e M 스포츠','준대형 세단','실외: Black metallic, 실내:Leather Mocha','2021','2021년 02월','1,830','가솔린+전기','오토 A/T',10000,6599),
(200,'777코2453','송다희','BMW','5시리즈 (G30)','M550d xDrive','준대형 세단','실외: Black metallic, 실내:Leather Mocha','2018','2018년 12월','46,300','디젤','오토 A/T',10000,6599),
(201,'777코1861','고휘','BMW','5시리즈 (G30)','530e 럭셔리','준대형 세단','실외: Black metallic, 실내:Leather Mocha','2021','2021년 03월','2,169','가솔린+전기','오토 A/T',10000,6590),
(202,'777코2454','권하임','BMW','5시리즈 (G30)','M550d xDrive','준대형 세단','실외: Black metallic, 실내:Leather Mocha','2018','2018년 09월','17,868','디젤','오토 A/T',10000,6550),
(203,'777코2455','류주은','BMW','5시리즈 (G30)','M550d xDrive','준대형 세단','실외: Black metallic, 실내:Leather Mocha','2018','2018년 12월','29,532','디젤','오토 A/T',10000,6550),
(204,'777코2018','황도준','BMW','5시리즈 (G30)','530i xDrive M 스포츠 플러스','준대형 세단','실외: Black metallic, 실내:Leather Mocha','2021','2020년 10월','6,787','가솔린','오토 A/T',10000,6548),
(205,'777코1866','홍이서','BMW','5시리즈 (G30)','530e M 스포츠','준대형 세단','실외: Black metallic, 실내:Leather Mocha','2021','2020년 11월','10,527','가솔린+전기','오토 A/T',10000,6500),
(206,'777코1867','안윤','BMW','5시리즈 (G30)','530e M 스포츠','준대형 세단','실외: Black metallic, 실내:Leather Mocha','2021','2020년 10월','10,532','가솔린+전기','오토 A/T',10000,6500),
(207,'777코1868','고우현','BMW','5시리즈 (G30)','530e M 스포츠','준대형 세단','실외: Black metallic, 실내:Leather Mocha','2021','2020년 11월','9,953','가솔린+전기','오토 A/T',10000,6500),
(208,'777코1869','서서하','BMW','5시리즈 (G30)','530e M 스포츠','준대형 세단','실외: Black metallic, 실내:Leather Mocha','2021','2020년 11월','9,519','가솔린+전기','오토 A/T',10000,6500),
(209,'777코1870','안모건','BMW','5시리즈 (G30)','530e M 스포츠','준대형 세단','실외: Black metallic, 실내:Leather Mocha','2021','2020년 12월','3,762','가솔린+전기','오토 A/T',10000,6500),
(210,'777코1871','임세준','BMW','5시리즈 (G30)','530e M 스포츠','준대형 세단','실외: Black metallic, 실내:Leather Mocha','2021','2020년 11월','5,822','가솔린+전기','오토 A/T',10000,6500),
(211,'777코1872','송여준','BMW','5시리즈 (G30)','530e M 스포츠','준대형 세단','실외: Black metallic, 실내:Leather Mocha','2021','2020년 12월','8,948','가솔린+전기','오토 A/T',10000,6500),
(212,'777코1873','송이도','BMW','5시리즈 (G30)','530e M 스포츠','준대형 세단','실외: Black metallic, 실내:Leather Mocha','2021','2020년 10월','10,430','가솔린+전기','오토 A/T',10000,6500),
(213,'777코1874','권한별','BMW','5시리즈 (G30)','530e M 스포츠','준대형 세단','실외: Black metallic, 실내:Leather Mocha','2021','2020년 11월','8,088','가솔린+전기','오토 A/T',10000,6500),
(214,'777코1875','류선호','BMW','5시리즈 (G30)','530e M 스포츠','준대형 세단','실외: Black metallic, 실내:Leather Mocha','2021','2020년 10월','8,473','가솔린+전기','오토 A/T',10000,6500),
(215,'777코1876','황건후','BMW','5시리즈 (G30)','530e M 스포츠','준대형 세단','실외: Black metallic, 실내:Leather Mocha','2021','2020년 11월','9,296','가솔린+전기','오토 A/T',10000,6500),
(216,'777코1877','전태양','BMW','5시리즈 (G30)','530e M 스포츠','준대형 세단','실외: Black metallic, 실내:Leather Mocha','2021','2020년 10월','10,283','가솔린+전기','오토 A/T',10000,6500),
(217,'777코1887','기세영','BMW','5시리즈 (G30)','530e M 스포츠','준대형 세단','실외: Black metallic, 실내:Leather Mocha','2020','2020년 05월','16,070','가솔린+전기','오토 A/T',10000,6500),
(218,'777코1928','홍도원','BMW','5시리즈 (G30)','530i M 스포츠','준대형 세단','실외: Black metallic, 실내:Leather Mocha','2021','2020년 10월','7,445','가솔린','오토 A/T',10000,6490),
(219,'777코2456','권수안','BMW','5시리즈 (G30)','M550d xDrive','준대형 세단','실외: Black metallic, 실내:Leather Mocha','2018','2018년 01월','73,422','디젤','오토 A/T',10000,6490),
(220,'777코2457','권유빈','BMW','5시리즈 (G30)','M550d xDrive','준대형 세단','실외: Black metallic, 실내:Leather Mocha','2018','2018년 07월','53,106','디젤','오토 A/T',10000,6470),
(221,'777코1822','고지민','BMW','5시리즈 (G30)','530e 럭셔리','준대형 세단','실외: Black metallic, 실내:Leather Mocha','2021','2020년 10월','5,031','가솔린+전기','오토 A/T',10000,6450),
(222,'777코1878','서로건','BMW','5시리즈 (G30)','530e M 스포츠','준대형 세단','실외: Black metallic, 실내:Leather Mocha','2021','2020년 10월','4,304','가솔린+전기','오토 A/T',10000,6450),
(223,'777코1879','계시호','BMW','5시리즈 (G30)','530e M 스포츠','준대형 세단','실외: Black metallic, 실내:Leather Mocha','2021','2020년 10월','2,611','가솔린+전기','오토 A/T',10000,6450),
(224,'777코1880','류성현','BMW','5시리즈 (G30)','530e M 스포츠','준대형 세단','실외: Black metallic, 실내:Leather Mocha','2021','2020년 12월','5,146','가솔린+전기','오토 A/T',10000,6400),
(225,'777코1881','안승민','BMW','5시리즈 (G30)','530e M 스포츠','준대형 세단','실외: Black metallic, 실내:Leather Mocha','2021','2020년 11월','11,157','가솔린+전기','오토 A/T',10000,6350),
(226,'777코1882','송가온','BMW','5시리즈 (G30)','530e M 스포츠','준대형 세단','실외: Black metallic, 실내:Leather Mocha','2021','2020년 11월','9,890','가솔린+전기','오토 A/T',10000,6350),
(227,'777코1883','권민호','BMW','5시리즈 (G30)','530e M 스포츠','준대형 세단','실외: Black metallic, 실내:Leather Mocha','2021','2020년 10월','7,197','가솔린+전기','오토 A/T',10000,6350),
(228,'777코1904','윤사','BMW','5시리즈 (G30)','530i 럭셔리','준대형 세단','실외: Black metallic, 실내:Leather Mocha','2021','2021년 06월','61','가솔린','오토 A/T',10000,6350),
(229,'777코1798','서가람','BMW','5시리즈 (G30)','523d M 스포츠','준대형 세단','실외: Black metallic, 실내:Leather Mocha','2021','2021년 03월','4,549','디젤','오토 A/T',10000,6300),
(230,'777코1823','류해인','BMW','5시리즈 (G30)','530e 럭셔리','준대형 세단','실외: Black metallic, 실내:Leather Mocha','2021','2020년 11월','4,626','가솔린+전기','오토 A/T',10000,6300),
(231,'777코1824','황서율','BMW','5시리즈 (G30)','530e 럭셔리','준대형 세단','실외: Black metallic, 실내:Leather Mocha','2021','2020년 10월','3,298','가솔린+전기','오토 A/T',10000,6300),
(232,'777코1825','안하늘','BMW','5시리즈 (G30)','530e 럭셔리','준대형 세단','실외: Black metallic, 실내:Leather Mocha','2021','2020년 10월','3,055','가솔린+전기','오토 A/T',10000,6300),
(233,'777코1826','전정현','BMW','5시리즈 (G30)','530e 럭셔리','준대형 세단','실외: Black metallic, 실내:Leather Mocha','2021','2020년 11월','7,064','가솔린+전기','오토 A/T',10000,6300),
(234,'777코1827','송현','BMW','5시리즈 (G30)','530e 럭셔리','준대형 세단','실외: Black metallic, 실내:Leather Mocha','2021','2020년 10월','5,821','가솔린+전기','오토 A/T',10000,6300),
(235,'777코2028','손유경','BMW','5시리즈 (G30)','530i xDrive M 스포츠 플러스','준대형 세단','실외: Black metallic, 실내:Leather Mocha','2020','2020년 06월','8,050','가솔린','오토 A/T',10000,6290),
(236,'777코1791','홍솔','BMW','5시리즈 (G30)','523d M 스포츠','준대형 세단','실외: Black metallic, 실내:Leather Mocha','2021','2020년 11월','8,173','디젤','오토 A/T',10000,6270),
(237,'777코1804','고하담','BMW','5시리즈 (G30)','523d xDrive M 스포츠','준대형 세단','실외: Black metallic, 실내:Leather Mocha','2021','2020년 11월','5,159','디젤','오토 A/T',10000,6270),
(238,'777코1828','서원우','BMW','5시리즈 (G30)','530e 럭셔리','준대형 세단','실외: Black metallic, 실내:Leather Mocha','2021','2020년 11월','8,604','가솔린+전기','오토 A/T',10000,6270),
(239,'777코1792','계강','BMW','5시리즈 (G30)','523d M 스포츠','준대형 세단','실외: Black metallic, 실내:Leather Mocha','2021','2020년 11월','10,512','디젤','오토 A/T',10000,6250),
(240,'777코1905','병민율','BMW','5시리즈 (G30)','530i 럭셔리','준대형 세단','실외: Black metallic, 실내:Leather Mocha','2021','2021년 03월','5,564','가솔린','오토 A/T',10000,6250),
(241,'777코1829','권리온','BMW','5시리즈 (G30)','530e 럭셔리','준대형 세단','실외: Black metallic, 실내:Leather Mocha','2021','2020년 11월','3,711','가솔린+전기','오토 A/T',10000,6200),
(242,'777코1830','류은찬','BMW','5시리즈 (G30)','530e 럭셔리','준대형 세단','실외: Black metallic, 실내:Leather Mocha','2021','2020년 10월','8,369','가솔린+전기','오토 A/T',10000,6200),
(243,'777코1831','황재희','BMW','5시리즈 (G30)','530e 럭셔리','준대형 세단','실외: Black metallic, 실내:Leather Mocha','2021','2020년 11월','9,984','가솔린+전기','오토 A/T',10000,6200),
(244,'777코1832','전시훈','BMW','5시리즈 (G30)','530e 럭셔리','준대형 세단','실외: Black metallic, 실내:Leather Mocha','2021','2020년 10월','10,750','가솔린+전기','오토 A/T',10000,6200),
(245,'777코1833','안민건','BMW','5시리즈 (G30)','530e 럭셔리','준대형 세단','실외: Black metallic, 실내:Leather Mocha','2021','2020년 11월','9,878','가솔린+전기','오토 A/T',10000,6200),
(246,'777코1834','홍건','BMW','5시리즈 (G30)','530e 럭셔리','준대형 세단','실외: Black metallic, 실내:Leather Mocha','2021','2020년 10월','10,343','가솔린+전기','오토 A/T',10000,6200),
(247,'777코1835','고준호','BMW','5시리즈 (G30)','530e 럭셔리','준대형 세단','실외: Black metallic, 실내:Leather Mocha','2021','2020년 10월','10,811','가솔린+전기','오토 A/T',10000,6200),
(248,'777코1836','송태호','BMW','5시리즈 (G30)','530e 럭셔리','준대형 세단','실외: Black metallic, 실내:Leather Mocha','2021','2020년 11월','7,373','가솔린+전기','오토 A/T',10000,6200),
(249,'777코1837','전단','BMW','5시리즈 (G30)','530e 럭셔리','준대형 세단','실외: Black metallic, 실내:Leather Mocha','2021','2020년 12월','10,375','가솔린+전기','오토 A/T',10000,6200),
(250,'777코1838','서지환','BMW','5시리즈 (G30)','530e 럭셔리','준대형 세단','실외: Black metallic, 실내:Leather Mocha','2021','2020년 10월','8,835','가솔린+전기','오토 A/T',10000,6200),
(251,'777코1839','류시헌','BMW','5시리즈 (G30)','530e 럭셔리','준대형 세단','실외: Black metallic, 실내:Leather Mocha','2021','2020년 11월','10,355','가솔린+전기','오토 A/T',10000,6200),
(252,'777코1840','전승재','BMW','5시리즈 (G30)','530e 럭셔리','준대형 세단','실외: Black metallic, 실내:Leather Mocha','2021','2020년 11월','7,333','가솔린+전기','오토 A/T',10000,6200),
(253,'777코1888','홍하윤','BMW','5시리즈 (G30)','530e M 스포츠','준대형 세단','실외: Black metallic, 실내:Leather Mocha','2020','2020년 11월','7,482','가솔린+전기','오토 A/T',10000,6200),
(254,'777코1900','홍다겸','BMW','5시리즈 (G30)','530i 럭셔리','준대형 세단','실외: Black metallic, 실내:Leather Mocha','2021','2020년 12월','5,596','가솔린','오토 A/T',10000,6199),
(255,'777코1841','고건하','BMW','5시리즈 (G30)','530e 럭셔리','준대형 세단','실외: Black metallic, 실내:Leather Mocha','2021','2020년 12월','8,120','가솔린+전기','오토 A/T',10000,6190),
(256,'777코1842','서이진','BMW','5시리즈 (G30)','530e 럭셔리','준대형 세단','실외: Black metallic, 실내:Leather Mocha','2021','2020년 12월','5,721','가솔린+전기','오토 A/T',10000,6190),
(257,'777코1956','배나라','BMW','5시리즈 (G30)','530i M 스포츠 플러스','준대형 세단','실외: Black metallic, 실내:Leather Mocha','2020','2020년 06월','17,124','가솔린','오토 A/T',10000,6190),
(258,'777코2029','강려원','BMW','5시리즈 (G30)','530i xDrive M 스포츠 플러스','준대형 세단','실외: Black metallic, 실내:Leather Mocha','2020','2020년 05월','2,401','가솔린','오토 A/T',10000,6190),
(259,'777코1843','신로빈','BMW','5시리즈 (G30)','530e 럭셔리','준대형 세단','실외: Black metallic, 실내:Leather Mocha','2021','2020년 12월','7,000','가솔린+전기','오토 A/T',10000,6180),
(260,'777코1844','고승윤','BMW','5시리즈 (G30)','530e 럭셔리','준대형 세단','실외: Black metallic, 실내:Leather Mocha','2021','2020년 11월','3,270','가솔린+전기','오토 A/T',10000,6180),
(261,'777코1805','권준이','BMW','5시리즈 (G30)','523d xDrive M 스포츠','준대형 세단','실외: Black metallic, 실내:Leather Mocha','2021','2020년 12월','3,200','디젤','오토 A/T',10000,6150),
(262,'777코1845','서준후','BMW','5시리즈 (G30)','530e 럭셔리','준대형 세단','실외: Black metallic, 실내:Leather Mocha','2021','2020년 11월','4,037','가솔린+전기','오토 A/T',10000,6150),
(263,'777코1846','갑건호','BMW','5시리즈 (G30)','530e 럭셔리','준대형 세단','실외: Black metallic, 실내:Leather Mocha','2021','2020년 11월','8,758','가솔린+전기','오토 A/T',10000,6150),
(264,'777코1889','고도율','BMW','5시리즈 (G30)','530e M 스포츠','준대형 세단','실외: Black metallic, 실내:Leather Mocha','2020','2020년 09월','19,568','가솔린+전기','오토 A/T',10000,6150),
(265,'777코1933','전요한','BMW','5시리즈 (G30)','530i M 스포츠','준대형 세단','실외: Black metallic, 실내:Leather Mocha','2021','2021년 01월','7,130','가솔린','오토 A/T',10000,6150),
(266,'777코1929','갑현준','BMW','5시리즈 (G30)','530i M 스포츠','준대형 세단','실외: Black metallic, 실내:Leather Mocha','2021','2020년 10월','3,356','가솔린','오토 A/T',10000,6130),
(267,'777코1890','전건우','BMW','5시리즈 (G30)','530e M 스포츠','준대형 세단','실외: Black metallic, 실내:Leather Mocha','2020','2020년 08월','5,857','가솔린+전기','오토 A/T',10000,6120),
(268,'777코1793','권지운','BMW','5시리즈 (G30)','523d M 스포츠','준대형 세단','실외: Black metallic, 실내:Leather Mocha','2021','2020년 11월','10,769','디젤','오토 A/T',10000,6100),
(269,'777코1806','황로한','BMW','5시리즈 (G30)','523d xDrive M 스포츠','준대형 세단','실외: Black metallic, 실내:Leather Mocha','2021','2020년 11월','8,400','디젤','오토 A/T',10000,6100),
(270,'777코1847','안우재','BMW','5시리즈 (G30)','530e 럭셔리','준대형 세단','실외: Black metallic, 실내:Leather Mocha','2021','2020년 11월','9,680','가솔린+전기','오토 A/T',10000,6100),
(271,'777코1848','송유민','BMW','5시리즈 (G30)','530e 럭셔리','준대형 세단','실외: Black metallic, 실내:Leather Mocha','2021','2020년 11월','4,527','가솔린+전기','오토 A/T',10000,6100),
(272,'777코1849','권도훈','BMW','5시리즈 (G30)','530e 럭셔리','준대형 세단','실외: Black metallic, 실내:Leather Mocha','2021','2020년 10월','3,930','가솔린+전기','오토 A/T',10000,6100),
(273,'777코1850','류주한','BMW','5시리즈 (G30)','530e 럭셔리','준대형 세단','실외: Black metallic, 실내:Leather Mocha','2021','2020년 11월','10,259','가솔린+전기','오토 A/T',10000,6100),
(274,'777코1891','송지호','BMW','5시리즈 (G30)','530e M 스포츠','준대형 세단','실외: Black metallic, 실내:Leather Mocha','2020','2020년 07월','13,939','가솔린+전기','오토 A/T',10000,6100),
(275,'777코1907','전건희','BMW','5시리즈 (G30)','530i 럭셔리 플러스','준대형 세단','실외: Black metallic, 실내:Leather Mocha','2021','2020년 11월','6,150','가솔린','오토 A/T',10000,6100),
(276,'777코2019','전다봄','BMW','5시리즈 (G30)','530i xDrive M 스포츠 플러스','준대형 세단','실외: Black metallic, 실내:Leather Mocha','2020','2019년 11월','7,714','가솔린','오토 A/T',10000,6099),
(277,'777코2030','조호연','BMW','5시리즈 (G30)','530i xDrive M 스포츠 플러스','준대형 세단','실외: Black metallic, 실내:Leather Mocha','2020','2020년 05월','15,926','가솔린','오토 A/T',10000,6099),
(278,'777코1851','홍윤찬','BMW','5시리즈 (G30)','530e 럭셔리','준대형 세단','실외: Black metallic, 실내:Leather Mocha','2021','2020년 11월','10,020','가솔린+전기','오토 A/T',10000,6090),
(279,'777코2031','무루비','BMW','5시리즈 (G30)','530i xDrive M 스포츠 플러스','준대형 세단','실외: Black metallic, 실내:Leather Mocha','2020','2020년 04월','5,614','가솔린','오토 A/T',10000,6090),
(280,'777코2091','장라원','BMW','5시리즈 (G30)','540i xDrive 럭셔리 플러스','준대형 세단','실외: Black metallic, 실내:Leather Mocha','2019','2019년 12월','25,720','가솔린','오토 A/T',10000,6090),
(281,'777코1892','강서정','BMW','5시리즈 (G30)','530e M 스포츠','준대형 세단','실외: Black metallic, 실내:Leather Mocha','2020','2020년 04월','19,781','가솔린+전기','오토 A/T',10000,6070),
(282,'777코1906','홍혜성','BMW','5시리즈 (G30)','530i 럭셔리','준대형 세단','실외: Black metallic, 실내:Leather Mocha','2021','2021년 01월','2,430','가솔린','오토 A/T',10000,6070),
(283,'777코1852','황태경','BMW','5시리즈 (G30)','530e 럭셔리','준대형 세단','실외: Black metallic, 실내:Leather Mocha','2021','2020년 12월','11,881','가솔린+전기','오토 A/T',10000,6050),
(284,'777코1774','권채운','BMW','5시리즈 (G30)','520i M 스포츠','준대형 세단','실외: Black metallic, 실내:Leather Mocha','2021','2021년 03월','8,000','가솔린','오토 A/T',10000,6000),
(285,'777코1799','고서빈','BMW','5시리즈 (G30)','523d xDrive 럭셔리','준대형 세단','실외: Black metallic, 실내:Leather Mocha','2021','2020년 11월','6,201','디젤','오토 A/T',10000,6000),
(286,'777코1800','서강준','BMW','5시리즈 (G30)','523d xDrive 럭셔리','준대형 세단','실외: Black metallic, 실내:Leather Mocha','2021','2020년 11월','9,307','디젤','오토 A/T',10000,6000),
(287,'777코1853','을수혁','BMW','5시리즈 (G30)','530e 럭셔리','준대형 세단','실외: Black metallic, 실내:Leather Mocha','2021','2020년 11월','11,848','가솔린+전기','오토 A/T',10000,6000),
(288,'777코1854','권승준','BMW','5시리즈 (G30)','530e 럭셔리','준대형 세단','실외: Black metallic, 실내:Leather Mocha','2021','2020년 11월','8,778','가솔린+전기','오토 A/T',10000,6000),
(289,'777코1855','황정후','BMW','5시리즈 (G30)','530e 럭셔리','준대형 세단','실외: Black metallic, 실내:Leather Mocha','2021','2020년 10월','7,531','가솔린+전기','오토 A/T',10000,6000),
(290,'777코1856','황주환','BMW','5시리즈 (G30)','530e 럭셔리','준대형 세단','실외: Black metallic, 실내:Leather Mocha','2021','2020년 11월','4,300','가솔린+전기','오토 A/T',10000,6000),
(291,'777코1857','안온유','BMW','5시리즈 (G30)','530e 럭셔리','준대형 세단','실외: Black metallic, 실내:Leather Mocha','2021','2020년 10월','6,712','가솔린+전기','오토 A/T',10000,6000),
(292,'777코1893','조수영','BMW','5시리즈 (G30)','530e M 스포츠','준대형 세단','실외: Black metallic, 실내:Leather Mocha','2020','2020년 06월','9,479','가솔린+전기','오토 A/T',10000,6000),
(293,'777코1894','류은우','BMW','5시리즈 (G30)','530e M 스포츠','준대형 세단','실외: Black metallic, 실내:Leather Mocha','2020','2020년 07월','14,022','가솔린+전기','오토 A/T',10000,6000),
(294,'777코2020','홍은수','BMW','5시리즈 (G30)','530i xDrive M 스포츠 플러스','준대형 세단','실외: Black metallic, 실내:Leather Mocha','2020','2019년 11월','12,482','가솔린','오토 A/T',10000,5999),
(295,'777코1810','고도헌','BMW','5시리즈 (G30)','523d xDrive M 스포츠','준대형 세단','실외: Black metallic, 실내:Leather Mocha','2021','2021년 01월','16,300','디젤','오토 A/T',10000,5990),
(296,'777코1858','안찬율','BMW','5시리즈 (G30)','530e 럭셔리','준대형 세단','실외: Black metallic, 실내:Leather Mocha','2021','2020년 11월','7,316','가솔린+전기','오토 A/T',10000,5990),
(297,'777코1901','송성민','BMW','5시리즈 (G30)','530i 럭셔리','준대형 세단','실외: Black metallic, 실내:Leather Mocha','2021','2020년 11월','5,477','가솔린','오토 A/T',10000,5990),
(298,'777코1895','전이안','BMW','5시리즈 (G30)','530e M 스포츠','준대형 세단','실외: Black metallic, 실내:Leather Mocha','2020','2020년 07월','11,032','가솔린+전기','오토 A/T',10000,5970),
(299,'777코1794','류정민','BMW','5시리즈 (G30)','523d M 스포츠','준대형 세단','실외: Black metallic, 실내:Leather Mocha','2021','2020년 11월','7,700','디젤','오토 A/T',10000,5900),
(300,'777코1795','전강우','BMW','5시리즈 (G30)','523d M 스포츠','준대형 세단','실외: Black metallic, 실내:Leather Mocha','2021','2020년 11월','9,136','디젤','오토 A/T',10000,5900),
(301,'777코1796','홍재민','BMW','5시리즈 (G30)','523d M 스포츠','준대형 세단','실외: Black metallic, 실내:Leather Mocha','2021','2020년 11월','8,270','디젤','오토 A/T',10000,5900),
(302,'777코1807','고도빈','BMW','5시리즈 (G30)','523d xDrive M 스포츠','준대형 세단','실외: Black metallic, 실내:Leather Mocha','2021','2020년 11월','7,964','디젤','오토 A/T',10000,5900),
(303,'777코1808','서유호','BMW','5시리즈 (G30)','523d xDrive M 스포츠','준대형 세단','실외: Black metallic, 실내:Leather Mocha','2021','2020년 11월','5,613','디젤','오토 A/T',10000,5900),
(304,'777코1896','윤보라','BMW','5시리즈 (G30)','530e M 스포츠','준대형 세단','실외: Black metallic, 실내:Leather Mocha','2020','2020년 05월','13,066','가솔린+전기','오토 A/T',10000,5900),
(305,'777코1902','병호연','BMW','5시리즈 (G30)','530i 럭셔리','준대형 세단','실외: Black metallic, 실내:Leather Mocha','2021','2020년 11월','5,605','가솔린','오토 A/T',10000,5900),
(306,'777코2032','허미소','BMW','5시리즈 (G30)','530i xDrive M 스포츠 플러스','준대형 세단','실외: Black metallic, 실내:Leather Mocha','2019','2019년 07월','2,768','가솔린','오토 A/T',10000,5899),
(307,'777코1797','송지원','BMW','5시리즈 (G30)','523d M 스포츠','준대형 세단','실외: Black metallic, 실내:Leather Mocha','2021','2020년 10월','10,421','디젤','오토 A/T',10000,5890),
(308,'777코1860','신그린','BMW','5시리즈 (G30)','530e 럭셔리','준대형 세단','실외: Black metallic, 실내:Leather Mocha','2020','2019년 12월','8,777','가솔린+전기','오토 A/T',10000,5890),
(309,'777코1947','류이담','BMW','5시리즈 (G30)','530i M 스포츠 플러스','준대형 세단','실외: Black metallic, 실내:Leather Mocha','2021','2020년 10월','12,995','가솔린','오토 A/T',10000,5890),
(310,'777코2033','허예담','BMW','5시리즈 (G30)','530i xDrive M 스포츠 플러스','준대형 세단','실외: Black metallic, 실내:Leather Mocha','2019','2019년 03월','29,062','가솔린','오토 A/T',10000,5890),
(311,'777코2034','황해솔','BMW','5시리즈 (G30)','530i xDrive M 스포츠 플러스','준대형 세단','실외: Black metallic, 실내:Leather Mocha','2019','2019년 08월','13,908','가솔린','오토 A/T',10000,5890),
(312,'777코1897','조새론','BMW','5시리즈 (G30)','530e M 스포츠','준대형 세단','실외: Black metallic, 실내:Leather Mocha','2020','2020년 04월','21,327','가솔린+전기','오토 A/T',10000,5880),
(313,'777코1783','권윤건','BMW','5시리즈 (G30)','523d 럭셔리','준대형 세단','실외: Black metallic, 실내:Leather Mocha','2021','2020년 11월','4,878','디젤','오토 A/T',10000,5850),
(314,'777코1957','서우빈','BMW','5시리즈 (G30)','530i M 스포츠 플러스','준대형 세단','실외: Black metallic, 실내:Leather Mocha','2020','2020년 09월','11,688','가솔린','오토 A/T',10000,5850),
(315,'777코2035','고단하','BMW','5시리즈 (G30)','530i xDrive M 스포츠 플러스','준대형 세단','실외: Black metallic, 실내:Leather Mocha','2020','2020년 03월','30,487','가솔린','오토 A/T',10000,5850),
(316,'777코2101','황시유','BMW','5시리즈 (G30)','540i xDrive M 스포츠 플러스','준대형 세단','실외: Black metallic, 실내:Leather Mocha','2018','2018년 01월','38,610','가솔린','오토 A/T',10000,5850),
(317,'777코1801','황찬영','BMW','5시리즈 (G30)','523d xDrive 럭셔리','준대형 세단','실외: Black metallic, 실내:Leather Mocha','2021','2020년 11월','4,871','디젤','오토 A/T',10000,5800),
(318,'777코1862','안태인','BMW','5시리즈 (G30)','530e 럭셔리','준대형 세단','실외: Black metallic, 실내:Leather Mocha','2020','2020년 11월','10,687','가솔린+전기','오토 A/T',10000,5800),
(319,'777코1948','한시영','BMW','5시리즈 (G30)','530i M 스포츠 플러스','준대형 세단','실외: Black metallic, 실내:Leather Mocha','2020','2019년 12월','20,734','가솔린','오토 A/T',10000,5800),
(320,'777코2036','조가연','BMW','5시리즈 (G30)','530i xDrive M 스포츠 플러스','준대형 세단','실외: Black metallic, 실내:Leather Mocha','2019','2019년 09월','16,137','가솔린','오토 A/T',10000,5800),
(321,'777코1898','윤윤이','BMW','5시리즈 (G30)','530e M 스포츠','준대형 세단','실외: Black metallic, 실내:Leather Mocha','2020','2020년 04월','21,824','가솔린+전기','오토 A/T',10000,5799),
(322,'777코2037','장리유','BMW','5시리즈 (G30)','530i xDrive M 스포츠 플러스','준대형 세단','실외: Black metallic, 실내:Leather Mocha','2020','2020년 04월','28,460','가솔린','오토 A/T',10000,5799),
(323,'777코1784','송로윤','BMW','5시리즈 (G30)','523d 럭셔리','준대형 세단','실외: Black metallic, 실내:Leather Mocha','2021','2020년 11월','3,089','디젤','오토 A/T',10000,5790),
(324,'777코2038','안예리','BMW','5시리즈 (G30)','530i xDrive M 스포츠 플러스','준대형 세단','실외: Black metallic, 실내:Leather Mocha','2019','2019년 08월','12,153','가솔린','오토 A/T',10000,5790),
(325,'777코2092','전이진','BMW','5시리즈 (G30)','540i xDrive 럭셔리 플러스','준대형 세단','실외: Black metallic, 실내:Leather Mocha','2018','2018년 12월','21,413','가솔린','오토 A/T',10000,5790),
(326,'777코1899','장주하','BMW','5시리즈 (G30)','530e M 스포츠','준대형 세단','실외: Black metallic, 실내:Leather Mocha','2021','2021년 06월','160','가솔린+전기','오토 A/T',10000,5780),
(327,'777코1740','서이환','BMW','5시리즈 (G30)','520i 럭셔리','준대형 세단','실외: Black metallic, 실내:Leather Mocha','2021','2021년 01월','6,965','가솔린','오토 A/T',10000,5750),
(328,'777코1859','류준수','BMW','5시리즈 (G30)','530e 럭셔리','준대형 세단','실외: Black metallic, 실내:Leather Mocha','2021','2020년 11월','6,237','가솔린+전기','오토 A/T',10000,5700),
(329,'777코1997','고은비','BMW','5시리즈 (G30)','530i xDrive 럭셔리 플러스','준대형 세단','실외: Black metallic, 실내:Leather Mocha','2020','2019년 11월','16,000','가솔린','오토 A/T',10000,5700),
(330,'777코2039','송은지','BMW','5시리즈 (G30)','530i xDrive M 스포츠 플러스','준대형 세단','실외: Black metallic, 실내:Leather Mocha','2019','2019년 08월','31,152','가솔린','오토 A/T',10000,5700),
(331,'777코1785','전서원','BMW','5시리즈 (G30)','523d 럭셔리','준대형 세단','실외: Black metallic, 실내:Leather Mocha','2021','2020년 10월','4,652','디젤','오토 A/T',10000,5690),
(332,'777코1786','안인호','BMW','5시리즈 (G30)','523d 럭셔리','준대형 세단','실외: Black metallic, 실내:Leather Mocha','2021','2020년 12월','5,064','디젤','오토 A/T',10000,5690),
(333,'777코1958','장하솜','BMW','5시리즈 (G30)','530i M 스포츠 플러스','준대형 세단','실외: Black metallic, 실내:Leather Mocha','2020','2020년 05월','17,654','가솔린','오토 A/T',10000,5690),
(334,'777코1654','해혜진','BMW','5시리즈 (G30)','520d xDrive M 스포츠 플러스','준대형 세단','실외: Black metallic, 실내:Leather Mocha','2020','2019년 12월','10,982','디젤','오토 A/T',10000,5680),
(335,'777코2040','류선우','BMW','5시리즈 (G30)','530i xDrive M 스포츠 플러스','준대형 세단','실외: Black metallic, 실내:Leather Mocha','2019','2019년 08월','21,346','가솔린','오토 A/T',10000,5670),
(336,'777코1908','홍정원','BMW','5시리즈 (G30)','530i 럭셔리 플러스','준대형 세단','실외: Black metallic, 실내:Leather Mocha','2021','2020년 10월','4,213','가솔린','오토 A/T',10000,5650),
(337,'777코1811','서유성','BMW','5시리즈 (G30)','523d xDrive M 스포츠','준대형 세단','실외: Black metallic, 실내:Leather Mocha','2021','2021년 05월','976','디젤','오토 A/T',10000,5623),
(338,'777코1949','문현지','BMW','5시리즈 (G30)','530i M 스포츠 플러스','준대형 세단','실외: Black metallic, 실내:Leather Mocha','2020','2019년 11월','16,591','가솔린','오토 A/T',10000,5620),
(339,'777코1771','고태하','BMW','5시리즈 (G30)','520i M 스포츠','준대형 세단','실외: Black metallic, 실내:Leather Mocha','2021','2020년 10월','5,061','가솔린','오토 A/T',10000,5600),
(340,'777코1787','전원','BMW','5시리즈 (G30)','523d 럭셔리','준대형 세단','실외: Black metallic, 실내:Leather Mocha','2021','2020년 11월','9,800','디젤','오토 A/T',10000,5600),
(341,'777코1788','홍동윤','BMW','5시리즈 (G30)','523d 럭셔리','준대형 세단','실외: Black metallic, 실내:Leather Mocha','2021','2020년 11월','11,266','디젤','오토 A/T',10000,5600),
(342,'777코1789','송세훈','BMW','5시리즈 (G30)','523d 럭셔리','준대형 세단','실외: Black metallic, 실내:Leather Mocha','2021','2020년 12월','10,980','디젤','오토 A/T',10000,5600),
(343,'777코2093','황시연','BMW','5시리즈 (G30)','540i xDrive 럭셔리 플러스','준대형 세단','실외: Black metallic, 실내:Leather Mocha','2018','2018년 07월','27,763','가솔린','오토 A/T',10000,5600),
(344,'777코1517','계설희','BMW','5시리즈 (G30)','520d M 스포츠 플러스','준대형 세단','실외: Black metallic, 실내:Leather Mocha','2020','2020년 04월','6,983','디젤','오토 A/T',10000,5590),
(345,'777코1903','서태율','BMW','5시리즈 (G30)','530i 럭셔리','준대형 세단','실외: Black metallic, 실내:Leather Mocha','2021','2020년 10월','10,151','가솔린','오토 A/T',10000,5590),
(346,'777코2102','윤요엘','BMW','5시리즈 (G30)','540i xDrive M 스포츠 플러스','준대형 세단','실외: Black metallic, 실내:Leather Mocha','2018','2018년 03월','41,777','가솔린','오토 A/T',10000,5590),
(347,'777코2458','한태유','BMW','5시리즈 (G30)','M550d xDrive','준대형 세단','실외: Black metallic, 실내:Leather Mocha','2018','2018년 02월','49,554','디젤','오토 A/T',10000,5590),
(348,'777코1863','한준희','BMW','5시리즈 (G30)','530e 럭셔리','준대형 세단','실외: Black metallic, 실내:Leather Mocha','2020','2020년 04월','15,802','가솔린+전기','오토 A/T',10000,5580),
(349,'777코2041','최은별','BMW','5시리즈 (G30)','530i xDrive M 스포츠 플러스','준대형 세단','실외: Black metallic, 실내:Leather Mocha','2019','2019년 04월','26,844','가솔린','오토 A/T',10000,5580),
(350,'777코1772','을태준','BMW','5시리즈 (G30)','520i M 스포츠','준대형 세단','실외: Black metallic, 실내:Leather Mocha','2021','2020년 10월','17,423','가솔린','오토 A/T',10000,5550),
(351,'777코1959','문현아','BMW','5시리즈 (G30)','530i M 스포츠 플러스','준대형 세단','실외: Black metallic, 실내:Leather Mocha','2019','2019년 05월','14,859','가솔린','오토 A/T',10000,5550),
(352,'777코1960','신다원','BMW','5시리즈 (G30)','530i M 스포츠 플러스','준대형 세단','실외: Black metallic, 실내:Leather Mocha','2019','2019년 04월','10,257','가솔린','오토 A/T',10000,5550),
(353,'777코2042','강이은','BMW','5시리즈 (G30)','530i xDrive M 스포츠 플러스','준대형 세단','실외: Black metallic, 실내:Leather Mocha','2019','2019년 04월','16,501','가솔린','오토 A/T',10000,5550),
(354,'777코1507','서가율','BMW','5시리즈 (G30)','520d M 스포츠 플러스','준대형 세단','실외: Black metallic, 실내:Leather Mocha','2020','2019년 12월','8,197','디젤','오토 A/T',10000,5530),
(355,'777코2043','홍선우','BMW','5시리즈 (G30)','530i xDrive M 스포츠 플러스','준대형 세단','실외: Black metallic, 실내:Leather Mocha','2020','2020년 07월','27,900','가솔린','오토 A/T',10000,5530),
(356,'777코1518','고유준','BMW','5시리즈 (G30)','520d M 스포츠 플러스','준대형 세단','실외: Black metallic, 실내:Leather Mocha','2020','2020년 07월','8,179','디젤','오토 A/T',10000,5520),
(357,'777코2103','서다연','BMW','5시리즈 (G30)','540i xDrive M 스포츠 플러스','준대형 세단','실외: Black metallic, 실내:Leather Mocha','2018','2018년 06월','57,193','가솔린','오토 A/T',10000,5501),
(358,'777코1725','권재율','BMW','5시리즈 (G30)','520i 럭셔리','준대형 세단','실외: Black metallic, 실내:Leather Mocha','2021','2020년 10월','7,294','가솔린','오토 A/T',10000,5500),
(359,'777코1961','양루리','BMW','5시리즈 (G30)','530i M 스포츠 플러스','준대형 세단','실외: Black metallic, 실내:Leather Mocha','2019','2019년 05월','25,267','가솔린','오토 A/T',10000,5500),
(360,'777코1775','황태우','BMW','5시리즈 (G30)','520i M 스포츠','준대형 세단','실외: Black metallic, 실내:Leather Mocha','2021','2021년 02월','4,485','가솔린','오토 A/T',10000,5490),
(361,'777코1962','경세하','BMW','5시리즈 (G30)','530i M 스포츠 플러스','준대형 세단','실외: Black metallic, 실내:Leather Mocha','2019','2019년 12월','11,956','가솔린','오토 A/T',10000,5490),
(362,'777코2044','손예슬','BMW','5시리즈 (G30)','530i xDrive M 스포츠 플러스','준대형 세단','실외: Black metallic, 실내:Leather Mocha','2019','2019년 05월','38,820','가솔린','오토 A/T',10000,5490),
(363,'777코2094','홍예주','BMW','5시리즈 (G30)','540i xDrive 럭셔리 플러스','준대형 세단','실외: Black metallic, 실내:Leather Mocha','2018','2018년 12월','35,638','가솔린','오토 A/T',10000,5490),
(364,'777코1776','갑현승','BMW','5시리즈 (G30)','520i M 스포츠','준대형 세단','실외: Black metallic, 실내:Leather Mocha','2021','2021년 01월','7,880','가솔린','오토 A/T',10000,5450),
(365,'777코1963','권연재','BMW','5시리즈 (G30)','530i M 스포츠 플러스','준대형 세단','실외: Black metallic, 실내:Leather Mocha','2019','2019년 06월','13,420','가솔린','오토 A/T',10000,5450),
(366,'777코2045','조채온','BMW','5시리즈 (G30)','530i xDrive M 스포츠 플러스','준대형 세단','실외: Black metallic, 실내:Leather Mocha','2019','2019년 10월','36,300','가솔린','오토 A/T',10000,5450),
(367,'777코2095','고가윤','BMW','5시리즈 (G30)','540i xDrive 럭셔리 플러스','준대형 세단','실외: Black metallic, 실내:Leather Mocha','2018','2018년 12월','40,880','가솔린','오토 A/T',10000,5450),
(368,'777코2096','문서원','BMW','5시리즈 (G30)','540i xDrive 럭셔리 플러스','준대형 세단','실외: Black metallic, 실내:Leather Mocha','2018','2018년 12월','54,841','가솔린','오토 A/T',10000,5449),
(369,'777코1726','황유건','BMW','5시리즈 (G30)','520i 럭셔리','준대형 세단','실외: Black metallic, 실내:Leather Mocha','2021','2020년 10월','9,456','가솔린','오토 A/T',10000,5400),
(370,'777코1727','안승현','BMW','5시리즈 (G30)','520i 럭셔리','준대형 세단','실외: Black metallic, 실내:Leather Mocha','2021','2020년 10월','9,820','가솔린','오토 A/T',10000,5400),
(371,'777코1864','서승연','BMW','5시리즈 (G30)','530e 럭셔리','준대형 세단','실외: Black metallic, 실내:Leather Mocha','2020','2020년 02월','17,040','가솔린+전기','오토 A/T',10000,5400),
(372,'777코1964','황가현','BMW','5시리즈 (G30)','530i M 스포츠 플러스','준대형 세단','실외: Black metallic, 실내:Leather Mocha','2019','2019년 06월','12,284','가솔린','오토 A/T',10000,5400),
(373,'777코1965','윤재희','BMW','5시리즈 (G30)','530i M 스포츠 플러스','준대형 세단','실외: Black metallic, 실내:Leather Mocha','2019','2019년 09월','24,333','가솔린','오토 A/T',10000,5400),
(374,'777코1909','홍태오','BMW','5시리즈 (G30)','530i 럭셔리 플러스','준대형 세단','실외: Black metallic, 실내:Leather Mocha','2020','2020년 08월','5,034','가솔린','오토 A/T',10000,5399),
(375,'777코1519','서수호','BMW','5시리즈 (G30)','520d M 스포츠 플러스','준대형 세단','실외: Black metallic, 실내:Leather Mocha','2020','2020년 07월','20,010','디젤','오토 A/T',10000,5390),
(376,'777코2104','안루나','BMW','5시리즈 (G30)','540i xDrive M 스포츠 플러스','준대형 세단','실외: Black metallic, 실내:Leather Mocha','2018','2018년 07월','54,441','가솔린','오토 A/T',10000,5390),
(377,'777코1520','백소망','BMW','5시리즈 (G30)','520d M 스포츠 플러스','준대형 세단','실외: Black metallic, 실내:Leather Mocha','2020','2020년 06월','26,144','디젤','오토 A/T',10000,5380),
(378,'777코2046','백수정','BMW','5시리즈 (G30)','530i xDrive M 스포츠 플러스','준대형 세단','실외: Black metallic, 실내:Leather Mocha','2019','2019년 10월','45,292','가솔린','오토 A/T',10000,5370),
(379,'777코1655','권해원','BMW','5시리즈 (G30)','520d xDrive M 스포츠 플러스','준대형 세단','실외: Black metallic, 실내:Leather Mocha','2020','2019년 12월','24,209','디젤','오토 A/T',10000,5350),
(380,'777코1728','송시완','BMW','5시리즈 (G30)','520i 럭셔리','준대형 세단','실외: Black metallic, 실내:Leather Mocha','2021','2020년 10월','7,416','가솔린','오토 A/T',10000,5350),
(381,'777코1741','기라온','BMW','5시리즈 (G30)','520i 럭셔리','준대형 세단','실외: Black metallic, 실내:Leather Mocha','2020','2020년 09월','6,672','가솔린','오토 A/T',10000,5350),
(382,'777코1966','장지영','BMW','5시리즈 (G30)','530i M 스포츠 플러스','준대형 세단','실외: Black metallic, 실내:Leather Mocha','2019','2019년 09월','26,311','가솔린','오토 A/T',10000,5350),
(383,'777코2047','장정원','BMW','5시리즈 (G30)','530i xDrive M 스포츠 플러스','준대형 세단','실외: Black metallic, 실내:Leather Mocha','2018','2018년 11월','32,276','가솔린','오토 A/T',10000,5350),
(384,'777코1967','배아리','BMW','5시리즈 (G30)','530i M 스포츠 플러스','준대형 세단','실외: Black metallic, 실내:Leather Mocha','2019','2019년 05월','18,779','가솔린','오토 A/T',10000,5320),
(385,'777코1521','허규림','BMW','5시리즈 (G30)','520d M 스포츠 플러스','준대형 세단','실외: Black metallic, 실내:Leather Mocha','2020','2020년 06월','9,497','디젤','오토 A/T',10000,5300),
(386,'777코1729','고주완','BMW','5시리즈 (G30)','520i 럭셔리','준대형 세단','실외: Black metallic, 실내:Leather Mocha','2021','2020년 11월','8,402','가솔린','오토 A/T',10000,5300),
(387,'777코1730','서은재','BMW','5시리즈 (G30)','520i 럭셔리','준대형 세단','실외: Black metallic, 실내:Leather Mocha','2021','2020년 11월','5,498','가솔린','오토 A/T',10000,5300),
(388,'777코1731','류연준','BMW','5시리즈 (G30)','520i 럭셔리','준대형 세단','실외: Black metallic, 실내:Leather Mocha','2021','2020년 10월','6,786','가솔린','오토 A/T',10000,5300),
(389,'777코1777','축하정','BMW','5시리즈 (G30)','520i M 스포츠','준대형 세단','실외: Black metallic, 실내:Leather Mocha','2020','2020년 04월','3,630','가솔린','오토 A/T',10000,5300),
(390,'777코1802','정현호','BMW','5시리즈 (G30)','523d xDrive 럭셔리','준대형 세단','실외: Black metallic, 실내:Leather Mocha','2021','2020년 11월','11,314','디젤','오토 A/T',10000,5300),
(391,'777코1968','조로이','BMW','5시리즈 (G30)','530i M 스포츠 플러스','준대형 세단','실외: Black metallic, 실내:Leather Mocha','2019','2019년 04월','37,367','가솔린','오토 A/T',10000,5300),
(392,'777코2048','전하음','BMW','5시리즈 (G30)','530i xDrive M 스포츠 플러스','준대형 세단','실외: Black metallic, 실내:Leather Mocha','2019','2019년 08월','19,970','가솔린','오토 A/T',10000,5300),
(393,'777코2049','홍소원','BMW','5시리즈 (G30)','530i xDrive M 스포츠 플러스','준대형 세단','실외: Black metallic, 실내:Leather Mocha','2019','2019년 08월','47,347','디젤','오토 A/T',10000,5300),
(394,'777코2050','안호수','BMW','5시리즈 (G30)','530i xDrive M 스포츠 플러스','준대형 세단','실외: Black metallic, 실내:Leather Mocha','2018','2018년 01월','20,973','가솔린','오토 A/T',10000,5299),
(395,'777코1742','이희서','BMW','5시리즈 (G30)','520i 럭셔리','준대형 세단','실외: Black metallic, 실내:Leather Mocha','2020','2020년 01월','10,100','가솔린','오토 A/T',10000,5297),
(396,'777코1732','전도영','BMW','5시리즈 (G30)','520i 럭셔리','준대형 세단','실외: Black metallic, 실내:Leather Mocha','2021','2020년 10월','5,700','가솔린','오토 A/T',10000,5290),
(397,'777코1969','윤조이','BMW','5시리즈 (G30)','530i M 스포츠 플러스','준대형 세단','실외: Black metallic, 실내:Leather Mocha','2019','2019년 04월','37,647','가솔린','오토 A/T',10000,5290),
(398,'777코2051','고아름','BMW','5시리즈 (G30)','530i xDrive M 스포츠 플러스','준대형 세단','실외: Black metallic, 실내:Leather Mocha','2019','2019년 08월','59,350','가솔린','오토 A/T',10000,5290),
(399,'777코2097','양고은','BMW','5시리즈 (G30)','540i xDrive 럭셔리 플러스','준대형 세단','실외: Black metallic, 실내:Leather Mocha','2018','2018년 12월','19,358','가솔린','오토 A/T',10000,5259),
(400,'777코1522','서다엘','BMW','5시리즈 (G30)','520d M 스포츠 플러스','준대형 세단','실외: Black metallic, 실내:Leather Mocha','2020','2020년 04월','22,969','디젤','오토 A/T',10000,5250),
(401,'777코2052','조나온','BMW','5시리즈 (G30)','530i xDrive M 스포츠 플러스','준대형 세단','실외: Black metallic, 실내:Leather Mocha','2019','2019년 05월','54,500','가솔린','오토 A/T',10000,5250),
(402,'777코1809','권호준','BMW','5시리즈 (G30)','523d xDrive M 스포츠','준대형 세단','실외: Black metallic, 실내:Leather Mocha','2021','2020년 11월','3,100','디젤','오토 A/T',10000,5235),
(403,'777코1778','고서진','BMW','5시리즈 (G30)','520i M 스포츠','준대형 세단','실외: Black metallic, 실내:Leather Mocha','2020','2020년 08월','7,496','가솔린','오토 A/T',10000,5220),
(404,'777코2053','기민솔','BMW','5시리즈 (G30)','530i xDrive M 스포츠 플러스','준대형 세단','실외: Black metallic, 실내:Leather Mocha','2019','2019년 09월','48,230','가솔린','오토 A/T',10000,5220),
(405,'777코1665','사아빈','BMW','5시리즈 (G30)','520d xDrive M 스포츠 플러스','준대형 세단','실외: Black metallic, 실내:Leather Mocha','2020','2020년 06월','11,000','디젤','오토 A/T',10000,5201),
(406,'777코1508','양나영','BMW','5시리즈 (G30)','520d M 스포츠 플러스','준대형 세단','실외: Black metallic, 실내:Leather Mocha','2020','2019년 11월','15,100','디젤','오토 A/T',10000,5200),
(407,'777코1523','박진서','BMW','5시리즈 (G30)','520d M 스포츠 플러스','준대형 세단','실외: Black metallic, 실내:Leather Mocha','2020','2020년 01월','15,112','디젤','오토 A/T',10000,5200),
(408,'777코1733','홍민찬','BMW','5시리즈 (G30)','520i 럭셔리','준대형 세단','실외: Black metallic, 실내:Leather Mocha','2021','2020년 10월','10,676','가솔린','오토 A/T',10000,5200),
(409,'777코1803','황민혁','BMW','5시리즈 (G30)','523d xDrive 럭셔리','준대형 세단','실외: Black metallic, 실내:Leather Mocha','2021','2020년 11월','7,475','디젤','오토 A/T',10000,5200),
(410,'777코1865','문시호','BMW','5시리즈 (G30)','530e 럭셔리','준대형 세단','실외: Black metallic, 실내:Leather Mocha','2020','2020년 03월','19,912','가솔린+전기','오토 A/T',10000,5200),
(411,'777코2105','황소담','BMW','5시리즈 (G30)','540i xDrive M 스포츠 플러스','준대형 세단','실외: Black metallic, 실내:Leather Mocha','2018','2018년 09월','84,526','가솔린','오토 A/T',10000,5200),
(412,'777코1743','임율리','BMW','5시리즈 (G30)','520i 럭셔리','준대형 세단','실외: Black metallic, 실내:Leather Mocha','2020','2020년 04월','15,634','가솔린','오토 A/T',10000,5199),
(413,'777코2054','장예솔','BMW','5시리즈 (G30)','530i xDrive M 스포츠 플러스','준대형 세단','실외: Black metallic, 실내:Leather Mocha','2019','2019년 04월','68,161','가솔린','오토 A/T',10000,5199),
(414,'777코1999','갑규린','BMW','5시리즈 (G30)','530i xDrive 럭셔리 플러스','준대형 세단','실외: Black metallic, 실내:Leather Mocha','2020','2020년 05월','22,384','가솔린','오토 A/T',10000,5190),
(415,'777코1734','고유담','BMW','5시리즈 (G30)','520i 럭셔리','준대형 세단','실외: Black metallic, 실내:Leather Mocha','2021','2020년 10월','9,627','가솔린','오토 A/T',10000,5150),
(416,'777코1735','서은율','BMW','5시리즈 (G30)','520i 럭셔리','준대형 세단','실외: Black metallic, 실내:Leather Mocha','2021','2020년 10월','11,323','가솔린','오토 A/T',10000,5100),
(417,'777코1779','김주현','BMW','5시리즈 (G30)','520i M 스포츠','준대형 세단','실외: Black metallic, 실내:Leather Mocha','2021','2021년 05월','650','가솔린','오토 A/T',10000,5074),
(418,'777코1524','술인아','BMW','5시리즈 (G30)','520d M 스포츠 플러스','준대형 세단','실외: Black metallic, 실내:Leather Mocha','2019','2019년 07월','15,961','디젤','오토 A/T',10000,5050),
(419,'777코1996','류찬희','BMW','5시리즈 (G30)','530i xDrive 럭셔리 플러스','준대형 세단','실외: Black metallic, 실내:Leather Mocha','2021','2020년 12월','1,600','가솔린','오토 A/T',10000,5050),
(420,'777코2106','조나은','BMW','5시리즈 (G30)','540i xDrive M 스포츠 플러스','준대형 세단','실외: Black metallic, 실내:Leather Mocha','2018','2018년 04월','84,700','가솔린','오토 A/T',10000,5050),
(421,'777코1934','안태온','BMW','5시리즈 (G30)','530i M 스포츠','준대형 세단','실외: Black metallic, 실내:Leather Mocha','2021','2021년 02월','1,700','가솔린','오토 A/T',10000,5001),
(422,'777코1736','병도운','BMW','5시리즈 (G30)','520i 럭셔리','준대형 세단','실외: Black metallic, 실내:Leather Mocha','2021','2020년 10월','3,623','가솔린','오토 A/T',10000,5000),
(423,'777코1744','손한별','BMW','5시리즈 (G30)','520i 럭셔리','준대형 세단','실외: Black metallic, 실내:Leather Mocha','2018','2018년 12월','3,300','가솔린','오토 A/T',10000,5000),
(424,'777코1816','안하진','BMW','5시리즈 (G30)','530d M 스포츠 플러스','준대형 세단','실외: Black metallic, 실내:Leather Mocha','2018','2018년 09월','45,957','디젤','오토 A/T',10000,5000),
(425,'777코1525','김혜나','BMW','5시리즈 (G30)','520d M 스포츠 플러스','준대형 세단','실외: Black metallic, 실내:Leather Mocha','2019','2019년 07월','23,800','디젤','오토 A/T',10000,4999),
(426,'777코1780','서서우','BMW','5시리즈 (G30)','520i M 스포츠','준대형 세단','실외: Black metallic, 실내:Leather Mocha','2020','2020년 08월','6,816','가솔린','오토 A/T',10000,4999),
(427,'777코2055','유수빈','BMW','5시리즈 (G30)','530i xDrive M 스포츠 플러스','준대형 세단','실외: Black metallic, 실내:Leather Mocha','2018','2018년 02월','33,406','가솔린','오토 A/T',10000,4999),
(428,'777코1526','백아랑','BMW','5시리즈 (G30)','520d M 스포츠 플러스','준대형 세단','실외: Black metallic, 실내:Leather Mocha','2019','2019년 05월','20,228','디젤','오토 A/T',10000,4990),
(429,'777코1656','허유현','BMW','5시리즈 (G30)','520d xDrive M 스포츠 플러스','준대형 세단','실외: Black metallic, 실내:Leather Mocha','2020','2019년 10월','36,733','디젤','오토 A/T',10000,4990),
(430,'777코1745','정준서','BMW','5시리즈 (G30)','520i 럭셔리','준대형 세단','실외: Black metallic, 실내:Leather Mocha','2020','2020년 08월','7,999','가솔린','오토 A/T',10000,4990),
(431,'777코2056','장태희','BMW','5시리즈 (G30)','530i xDrive M 스포츠 플러스','준대형 세단','실외: Black metallic, 실내:Leather Mocha','2018','2018년 03월','24,000','가솔린','오토 A/T',10000,4990),
(432,'777코2107','서주성','BMW','5시리즈 (G30)','540i xDrive M 스포츠 플러스','준대형 세단','실외: Black metallic, 실내:Leather Mocha','2018','2018년 02월','92,489','가솔린','오토 A/T',10000,4990),
(433,'777코2443','윤유신','BMW','5시리즈 (G30)','M550d xDrive','준대형 세단','실외: Black metallic, 실내:Leather Mocha','2018','2017년 12월','167,925','디젤','오토 A/T',10000,4990),
(434,'777코1970','허수지','BMW','5시리즈 (G30)','530i M 스포츠 플러스','준대형 세단','실외: Black metallic, 실내:Leather Mocha','2019','2019년 05월','35,806','가솔린','오토 A/T',10000,4980),
(435,'777코1527','조다원','BMW','5시리즈 (G30)','520d M 스포츠 플러스','준대형 세단','실외: Black metallic, 실내:Leather Mocha','2017','2017년 05월','77,790','디젤','오토 A/T',10000,4958),
(436,'777코1657','손겨울','BMW','5시리즈 (G30)','520d xDrive M 스포츠 플러스','준대형 세단','실외: Black metallic, 실내:Leather Mocha','2020','2019년 11월','42,608','디젤','오토 A/T',10000,4950),
(437,'777코1658','황보민','BMW','5시리즈 (G30)','520d xDrive M 스포츠 플러스','준대형 세단','실외: Black metallic, 실내:Leather Mocha','2020','2019년 12월','56,300','디젤','오토 A/T',10000,4950),
(438,'777코1746','최나겸','BMW','5시리즈 (G30)','520i 럭셔리','준대형 세단','실외: Black metallic, 실내:Leather Mocha','2020','2020년 01월','23,698','가솔린','오토 A/T',10000,4950),
(439,'777코1910','권유온','BMW','5시리즈 (G30)','530i 럭셔리 플러스','준대형 세단','실외: Black metallic, 실내:Leather Mocha','2020','2020년 04월','17,700','가솔린','오토 A/T',10000,4950),
(440,'777코1911','전범','BMW','5시리즈 (G30)','530i 럭셔리 플러스','준대형 세단','실외: Black metallic, 실내:Leather Mocha','2021','2021년 04월','300','가솔린','오토 A/T',10000,4946),
(441,'777코1528','정누리','BMW','5시리즈 (G30)','520d M 스포츠 플러스','준대형 세단','실외: Black metallic, 실내:Leather Mocha','2020','2020년 01월','32,925','디젤','오토 A/T',10000,4940),
(442,'777코1666','무에이든','BMW','5시리즈 (G30)','520d xDrive M 스포츠 플러스','준대형 세단','실외: Black metallic, 실내:Leather Mocha','2018','2018년 03월','31,670','디젤','오토 A/T',10000,4940),
(443,'777코1667','이혜원','BMW','5시리즈 (G30)','520d xDrive M 스포츠 플러스','준대형 세단','실외: Black metallic, 실내:Leather Mocha','2019','2019년 07월','38,916','디젤','오토 A/T',10000,4900),
(444,'777코2057','오서빈','BMW','5시리즈 (G30)','530i xDrive M 스포츠 플러스','준대형 세단','실외: Black metallic, 실내:Leather Mocha','2018','2018년 10월','64,541','가솔린','오토 A/T',10000,4899),
(445,'777코1424','안아란','BMW','5시리즈 (G30)','520d 럭셔리 플러스','준대형 세단','실외: Black metallic, 실내:Leather Mocha','2020','2019년 12월','23,130','디젤','오토 A/T',10000,4890),
(446,'777코1509','송엘리','BMW','5시리즈 (G30)','520d M 스포츠 플러스','준대형 세단','실외: Black metallic, 실내:Leather Mocha','2020','2019년 12월','37,116','디젤','오토 A/T',10000,4890),
(447,'777코1668','김가희','BMW','5시리즈 (G30)','520d xDrive M 스포츠 플러스','준대형 세단','실외: Black metallic, 실내:Leather Mocha','2020','2020년 06월','20,809','디젤','오토 A/T',10000,4890),
(448,'777코2058','병성훈','BMW','5시리즈 (G30)','530i xDrive M 스포츠 플러스','준대형 세단','실외: Black metallic, 실내:Leather Mocha','2018','2018년 02월','47,205','가솔린','오토 A/T',10000,4870),
(449,'777코1430','을예준','BMW','5시리즈 (G30)','520d 럭셔리 플러스','준대형 세단','실외: Black metallic, 실내:Leather Mocha','2020','2020년 07월','18,670','디젤','오토 A/T',10000,4850),
(450,'777코1431','양은아','BMW','5시리즈 (G30)','520d 럭셔리 플러스','준대형 세단','실외: Black metallic, 실내:Leather Mocha','2020','2020년 03월','10,835','디젤','오토 A/T',10000,4850),
(451,'777코2059','김나린','BMW','5시리즈 (G30)','530i xDrive M 스포츠 플러스','준대형 세단','실외: Black metallic, 실내:Leather Mocha','2018','2018년 10월','57,552','가솔린','오토 A/T',10000,4850),
(452,'777코1425','류시원','BMW','5시리즈 (G30)','520d 럭셔리 플러스','준대형 세단','실외: Black metallic, 실내:Leather Mocha','2020','2019년 12월','20,300','디젤','오토 A/T',10000,4800),
(453,'777코1432','신효린','BMW','5시리즈 (G30)','520d 럭셔리 플러스','준대형 세단','실외: Black metallic, 실내:Leather Mocha','2020','2020년 02월','20,931','디젤','오토 A/T',10000,4800),
(454,'777코1669','권시운','BMW','5시리즈 (G30)','520d xDrive M 스포츠 플러스','준대형 세단','실외: Black metallic, 실내:Leather Mocha','2018','2018년 02월','26,586','디젤','오토 A/T',10000,4800),
(455,'777코1426','전은','BMW','5시리즈 (G30)','520d 럭셔리 플러스','준대형 세단','실외: Black metallic, 실내:Leather Mocha','2020','2019년 12월','26,827','디젤','오토 A/T',10000,4790),
(456,'777코1747','한유비','BMW','5시리즈 (G30)','520i 럭셔리','준대형 세단','실외: Black metallic, 실내:Leather Mocha','2020','2020년 05월','11,891','가솔린','오토 A/T',10000,4790),
(457,'777코1912','박세빈','BMW','5시리즈 (G30)','530i 럭셔리 플러스','준대형 세단','실외: Black metallic, 실내:Leather Mocha','2019','2019년 07월','28,971','가솔린','오토 A/T',10000,4790),
(458,'777코1913','송도연','BMW','5시리즈 (G30)','530i 럭셔리 플러스','준대형 세단','실외: Black metallic, 실내:Leather Mocha','2018','2018년 07월','28,797','가솔린','오토 A/T',10000,4790),
(459,'777코1971','안수민','BMW','5시리즈 (G30)','530i M 스포츠 플러스','준대형 세단','실외: Black metallic, 실내:Leather Mocha','2019','2019년 02월','39,963','가솔린','오토 A/T',10000,4790),
(460,'777코2060','최이설','BMW','5시리즈 (G30)','530i xDrive M 스포츠 플러스','준대형 세단','실외: Black metallic, 실내:Leather Mocha','2019','2019년 07월','69,368','가솔린','오토 A/T',10000,4790),
(461,'777코1529','권로운','BMW','5시리즈 (G30)','520d M 스포츠 플러스','준대형 세단','실외: Black metallic, 실내:Leather Mocha','2020','2020년 07월','13,300','디젤','오토 A/T',10000,4760),
(462,'777코1427','홍은빈','BMW','5시리즈 (G30)','520d 럭셔리 플러스','준대형 세단','실외: Black metallic, 실내:Leather Mocha','2020','2019년 12월','25,500','디젤','오토 A/T',10000,4750),
(463,'777코1433','문도경','BMW','5시리즈 (G30)','520d 럭셔리 플러스','준대형 세단','실외: Black metallic, 실내:Leather Mocha','2019','2019년 08월','21,659','디젤','오토 A/T',10000,4750),
(464,'777코1670','윤서한','BMW','5시리즈 (G30)','520d xDrive M 스포츠 플러스','준대형 세단','실외: Black metallic, 실내:Leather Mocha','2017','2017년 09월','17,950','디젤','오토 A/T',10000,4750),
(465,'777코1671','황형준','BMW','5시리즈 (G30)','520d xDrive M 스포츠 플러스','준대형 세단','실외: Black metallic, 실내:Leather Mocha','2018','2018년 02월','26,587','디젤','오토 A/T',10000,4750),
(466,'777코1737','자유림','BMW','5시리즈 (G30)','520i 럭셔리','준대형 세단','실외: Black metallic, 실내:Leather Mocha','2020','2019년 10월','19,300','가솔린','오토 A/T',10000,4750),
(467,'777코1950','최다호','BMW','5시리즈 (G30)','530i M 스포츠 플러스','준대형 세단','실외: Black metallic, 실내:Leather Mocha','2018','2017년 11월','33,543','가솔린','오토 A/T',10000,4750),
(468,'777코1428','배래아','BMW','5시리즈 (G30)','520d 럭셔리 플러스','준대형 세단','실외: Black metallic, 실내:Leather Mocha','2020','2019년 11월','34,476','디젤','오토 A/T',10000,4700),
(469,'777코1530','장효준','BMW','5시리즈 (G30)','520d M 스포츠 플러스','준대형 세단','실외: Black metallic, 실내:Leather Mocha','2017','2017년 09월','9,700','디젤','오토 A/T',10000,4700),
(470,'777코1614','고선아','BMW','5시리즈 (G30)','520d xDrive 럭셔리 플러스','준대형 세단','실외: Black metallic, 실내:Leather Mocha','2020','2019년 12월','21,820','디젤','오토 A/T',10000,4700),
(471,'777코1672','안이레','BMW','5시리즈 (G30)','520d xDrive M 스포츠 플러스','준대형 세단','실외: Black metallic, 실내:Leather Mocha','2019','2019년 06월','65,321','디젤','오토 A/T',10000,4700),
(472,'777코2000','유별하','BMW','5시리즈 (G30)','530i xDrive 럭셔리 플러스','준대형 세단','실외: Black metallic, 실내:Leather Mocha','2019','2019년 05월','40,756','가솔린','오토 A/T',10000,4700),
(473,'777코1434','계우리','BMW','5시리즈 (G30)','520d 럭셔리 플러스','준대형 세단','실외: Black metallic, 실내:Leather Mocha','2019','2019년 07월','26,963','디젤','오토 A/T',10000,4699),
(474,'777코1435','한하빈','BMW','5시리즈 (G30)','520d 럭셔리 플러스','준대형 세단','실외: Black metallic, 실내:Leather Mocha','2019','2019년 09월','33,277','디젤','오토 A/T',10000,4690),
(475,'777코1951','장선준','BMW','5시리즈 (G30)','530i M 스포츠 플러스','준대형 세단','실외: Black metallic, 실내:Leather Mocha','2018','2017년 12월','29,138','가솔린','오토 A/T',10000,4690),
(476,'777코1429','문민정','BMW','5시리즈 (G30)','520d 럭셔리 플러스','준대형 세단','실외: Black metallic, 실내:Leather Mocha','2020','2019년 12월','38,107','디젤','오토 A/T',10000,4650),
(477,'777코1748','권연수','BMW','5시리즈 (G30)','520i 럭셔리','준대형 세단','실외: Black metallic, 실내:Leather Mocha','2020','2020년 02월','29,143','가솔린','오토 A/T',10000,4650),
(478,'777코1817','을이삭','BMW','5시리즈 (G30)','530d M 스포츠 플러스','준대형 세단','실외: Black metallic, 실내:Leather Mocha','2017','2017년 12월','56,209','디젤','오토 A/T',10000,4650),
(479,'777코1914','김예림','BMW','5시리즈 (G30)','530i 럭셔리 플러스','준대형 세단','실외: Black metallic, 실내:Leather Mocha','2019','2019년 05월','27,724','가솔린','오토 A/T',10000,4650),
(480,'777코1915','류유이','BMW','5시리즈 (G30)','530i 럭셔리 플러스','준대형 세단','실외: Black metallic, 실내:Leather Mocha','2018','2018년 07월','35,597','가솔린','오토 A/T',10000,4650),
(481,'777코1972','자유담','BMW','5시리즈 (G30)','530i M 스포츠 플러스','준대형 세단','실외: Black metallic, 실내:Leather Mocha','2017','2017년 02월','35,168','가솔린','오토 A/T',10000,4650),
(482,'777코1973','송시영','BMW','5시리즈 (G30)','530i M 스포츠 플러스','준대형 세단','실외: Black metallic, 실내:Leather Mocha','2018','2018년 01월','21,500','가솔린','오토 A/T',10000,4649),
(483,'777코2061','조유진','BMW','5시리즈 (G30)','530i xDrive M 스포츠 플러스','준대형 세단','실외: Black metallic, 실내:Leather Mocha','2017','2017년 04월','37,100','가솔린','오토 A/T',10000,4639),
(484,'777코1738','조레아','BMW','5시리즈 (G30)','520i 럭셔리','준대형 세단','실외: Black metallic, 실내:Leather Mocha','2020','2019년 11월','39,898','가솔린','오토 A/T',10000,4630),
(485,'777코1531','손소영','BMW','5시리즈 (G30)','520d M 스포츠 플러스','준대형 세단','실외: Black metallic, 실내:Leather Mocha','2020','2020년 03월','15,300','디젤','오토 A/T',10000,4620),
(486,'777코1436','권지안','BMW','5시리즈 (G30)','520d 럭셔리 플러스','준대형 세단','실외: Black metallic, 실내:Leather Mocha','2020','2020년 08월','11,095','디젤','오토 A/T',10000,4600),
(487,'777코1673','류다엘','BMW','5시리즈 (G30)','520d xDrive M 스포츠 플러스','준대형 세단','실외: Black metallic, 실내:Leather Mocha','2018','2018년 01월','43,183','디젤','오토 A/T',10000,4600),
(488,'777코2062','강민수','BMW','5시리즈 (G30)','530i xDrive M 스포츠 플러스','준대형 세단','실외: Black metallic, 실내:Leather Mocha','2017','2017년 10월','34,000','가솔린','오토 A/T',10000,4600),
(489,'777코1532','전제이','BMW','5시리즈 (G30)','520d M 스포츠 플러스','준대형 세단','실외: Black metallic, 실내:Leather Mocha','2018','2018년 07월','26,211','디젤','오토 A/T',10000,4599),
(490,'777코1739','김다혜','BMW','5시리즈 (G30)','520i 럭셔리','준대형 세단','실외: Black metallic, 실내:Leather Mocha','2020','2019년 10월','15,433','가솔린','오토 A/T',10000,4599),
(491,'777코2021','기동준','BMW','5시리즈 (G30)','530i xDrive M 스포츠 플러스','준대형 세단','실외: Black metallic, 실내:Leather Mocha','2018','2017년 11월','64,446','가솔린','오토 A/T',10000,4599),
(492,'777코2063','윤유주','BMW','5시리즈 (G30)','530i xDrive M 스포츠 플러스','준대형 세단','실외: Black metallic, 실내:Leather Mocha','2018','2018년 04월','43,033','가솔린','오토 A/T',10000,4599),
(493,'777코1812','한이겸','BMW','5시리즈 (G30)','530d M 스포츠','준대형 세단','실외: Black metallic, 실내:Leather Mocha','2018','2017년 12월','50,400','디젤','오토 A/T',10000,4590),
(494,'777코1437','양설하','BMW','5시리즈 (G30)','520d 럭셔리 플러스','준대형 세단','실외: Black metallic, 실내:Leather Mocha','2019','2019년 08월','23,100','디젤','오토 A/T',10000,4550),
(495,'777코1813','장재민','BMW','5시리즈 (G30)','530d M 스포츠','준대형 세단','실외: Black metallic, 실내:Leather Mocha','2017','2017년 06월','50,665','디젤','오토 A/T',10000,4550),
(496,'777코1916','경율','BMW','5시리즈 (G30)','530i 럭셔리 플러스','준대형 세단','실외: Black metallic, 실내:Leather Mocha','2018','2018년 06월','22,900','가솔린','오토 A/T',10000,4530),
(497,'777코2064','배여준','BMW','5시리즈 (G30)','530i xDrive M 스포츠 플러스','준대형 세단','실외: Black metallic, 실내:Leather Mocha','2017','2017년 07월','29,142','가솔린','오토 A/T',10000,4529),
(498,'777코1674','장채아','BMW','5시리즈 (G30)','520d xDrive M 스포츠 플러스','준대형 세단','실외: Black metallic, 실내:Leather Mocha','2018','2018년 04월','56,445','디젤','오토 A/T',10000,4520),
(499,'777코1510','강이레','BMW','5시리즈 (G30)','520d M 스포츠 플러스','준대형 세단','실외: Black metallic, 실내:Leather Mocha','2018','2017년 11월','26,526','디젤','오토 A/T',10000,4500),
(500,'777코1616','송은하','BMW','5시리즈 (G30)','520d xDrive 럭셔리 플러스','준대형 세단','실외: Black metallic, 실내:Leather Mocha','2018','2018년 09월','45,357','디젤','오토 A/T',10000,4500),
(501,'777코1617','배하이','BMW','5시리즈 (G30)','520d xDrive 럭셔리 플러스','준대형 세단','실외: Black metallic, 실내:Leather Mocha','2018','2018년 12월','27,536','디젤','오토 A/T',10000,4500),
(502,'777코2001','송채하','BMW','5시리즈 (G30)','530i xDrive 럭셔리 플러스','준대형 세단','실외: Black metallic, 실내:Leather Mocha','2019','2019년 06월','51,163','가솔린','오토 A/T',10000,4500),
(503,'777코2065','안하임','BMW','5시리즈 (G30)','530i xDrive M 스포츠 플러스','준대형 세단','실외: Black metallic, 실내:Leather Mocha','2018','2018년 02월','37,839','가솔린','오토 A/T',10000,4499),
(504,'777코1615','백안나','BMW','5시리즈 (G30)','520d xDrive 럭셔리 플러스','준대형 세단','실외: Black metallic, 실내:Leather Mocha','2020','2019년 11월','64,500','디젤','오토 A/T',10000,4490),
(505,'777코1675','기수아','BMW','5시리즈 (G30)','520d xDrive M 스포츠 플러스','준대형 세단','실외: Black metallic, 실내:Leather Mocha','2018','2018년 04월','48,521','디젤','오토 A/T',10000,4490),
(506,'777코1818','미찬빈','BMW','5시리즈 (G30)','530d M 스포츠 플러스','준대형 세단','실외: Black metallic, 실내:Leather Mocha','2017','2017년 12월','67,800','디젤','오토 A/T',10000,4490),
(507,'777코1917','이서영','BMW','5시리즈 (G30)','530i 럭셔리 플러스','준대형 세단','실외: Black metallic, 실내:Leather Mocha','2018','2018년 10월','39,705','가솔린','오토 A/T',10000,4490),
(508,'777코1676','한태주','BMW','5시리즈 (G30)','520d xDrive M 스포츠 플러스','준대형 세단','실외: Black metallic, 실내:Leather Mocha','2018','2018년 03월','50,001','디젤','오토 A/T',10000,4480),
(509,'777코1918','장유리','BMW','5시리즈 (G30)','530i 럭셔리 플러스','준대형 세단','실외: Black metallic, 실내:Leather Mocha','2018','2018년 08월','31,413','가솔린','오토 A/T',10000,4470),
(510,'777코2022','조로아','BMW','5시리즈 (G30)','530i xDrive M 스포츠 플러스','준대형 세단','실외: Black metallic, 실내:Leather Mocha','2018','2017년 11월','63,025','가솔린','오토 A/T',10000,4470),
(511,'777코1618','홍현서','BMW','5시리즈 (G30)','520d xDrive 럭셔리 플러스','준대형 세단','실외: Black metallic, 실내:Leather Mocha','2018','2018년 07월','31,227','디젤','오토 A/T',10000,4460),
(512,'777코2010','전도','BMW','5시리즈 (G30)','530i xDrive M 스포츠','준대형 세단','실외: Black metallic, 실내:Leather Mocha','2018','2018년 01월','60,184','가솔린','오토 A/T',10000,4460),
(513,'777코1677','최세아','BMW','5시리즈 (G30)','520d xDrive M 스포츠 플러스','준대형 세단','실외: Black metallic, 실내:Leather Mocha','2018','2018년 05월','43,886','디젤','오토 A/T',10000,4450),
(514,'777코1749','이혜인','BMW','5시리즈 (G30)','520i 럭셔리','준대형 세단','실외: Black metallic, 실내:Leather Mocha','2019','2019년 05월','20,627','가솔린','오토 A/T',10000,4450),
(515,'777코1819','홍루하','BMW','5시리즈 (G30)','530d M 스포츠 플러스','준대형 세단','실외: Black metallic, 실내:Leather Mocha','2018','2018년 01월','36,416','디젤','오토 A/T',10000,4450),
(516,'777코2002','송우주','BMW','5시리즈 (G30)','530i xDrive 럭셔리 플러스','준대형 세단','실외: Black metallic, 실내:Leather Mocha','2019','2019년 02월','57,625','가솔린','오토 A/T',10000,4450),
(517,'777코2003','류유은','BMW','5시리즈 (G30)','530i xDrive 럭셔리 플러스','준대형 세단','실외: Black metallic, 실내:Leather Mocha','2018','2018년 09월','58,861','가솔린','오토 A/T',10000,4450),
(518,'777코2004','류채현','BMW','5시리즈 (G30)','530i xDrive 럭셔리 플러스','준대형 세단','실외: Black metallic, 실내:Leather Mocha','2019','2019년 02월','57,597','가솔린','오토 A/T',10000,4450),
(519,'777코2066','기도빈','BMW','5시리즈 (G30)','530i xDrive M 스포츠 플러스','준대형 세단','실외: Black metallic, 실내:Leather Mocha','2017','2017년 06월','51,904','가솔린','오토 A/T',10000,4450),
(520,'777코2067','윤태이','BMW','5시리즈 (G30)','530i xDrive M 스포츠 플러스','준대형 세단','실외: Black metallic, 실내:Leather Mocha','2017','2017년 03월','46,472','가솔린','오토 A/T',10000,4450),
(521,'777코2068','백건율','BMW','5시리즈 (G30)','530i xDrive M 스포츠 플러스','준대형 세단','실외: Black metallic, 실내:Leather Mocha','2017','2017년 05월','45,006','가솔린','오토 A/T',10000,4450),
(522,'777코1619','조아라','BMW','5시리즈 (G30)','520d xDrive 럭셔리 플러스','준대형 세단','실외: Black metallic, 실내:Leather Mocha','2018','2018년 12월','20,696','디젤','오토 A/T',10000,4430),
(523,'777코1678','송유한','BMW','5시리즈 (G30)','520d xDrive M 스포츠 플러스','준대형 세단','실외: Black metallic, 실내:Leather Mocha','2018','2018년 02월','53,097','디젤','오토 A/T',10000,4430),
(524,'777코2005','전세은','BMW','5시리즈 (G30)','530i xDrive 럭셔리 플러스','준대형 세단','실외: Black metallic, 실내:Leather Mocha','2018','2018년 09월','40,061','가솔린','오토 A/T',10000,4430),
(525,'777코1679','술우림','BMW','5시리즈 (G30)','520d xDrive M 스포츠 플러스','준대형 세단','실외: Black metallic, 실내:Leather Mocha','2018','2018년 03월','58,000','디젤','오토 A/T',10000,4420),
(526,'777코1935','을윤아','BMW','5시리즈 (G30)','530i M 스포츠','준대형 세단','실외: Black metallic, 실내:Leather Mocha','2018','2018년 05월','52,700','가솔린','오토 A/T',10000,4420),
(527,'777코1533','류다올','BMW','5시리즈 (G30)','520d M 스포츠 플러스','준대형 세단','실외: Black metallic, 실내:Leather Mocha','2018','2018년 02월','48,421','디젤','오토 A/T',10000,4400),
(528,'777코1534','장해준','BMW','5시리즈 (G30)','520d M 스포츠 플러스','준대형 세단','실외: Black metallic, 실내:Leather Mocha','2017','2017년 03월','44,200','디젤','오토 A/T',10000,4400),
(529,'777코1620','강해윤','BMW','5시리즈 (G30)','520d xDrive 럭셔리 플러스','준대형 세단','실외: Black metallic, 실내:Leather Mocha','2019','2019년 07월','51,956','디젤','오토 A/T',10000,4400),
(530,'777코1974','서혜준','BMW','5시리즈 (G30)','530i M 스포츠 플러스','준대형 세단','실외: Black metallic, 실내:Leather Mocha','2018','2018년 03월','33,473','가솔린','오토 A/T',10000,4400),
(531,'777코1438','권아현','BMW','5시리즈 (G30)','520d 럭셔리 플러스','준대형 세단','실외: Black metallic, 실내:Leather Mocha','2018','2018년 06월','29,068','디젤','오토 A/T',10000,4390),
(532,'777코1535','전한겸','BMW','5시리즈 (G30)','520d M 스포츠 플러스','준대형 세단','실외: Black metallic, 실내:Leather Mocha','2018','2018년 02월','35,679','디젤','오토 A/T',10000,4390),
(533,'777코1536','한유호','BMW','5시리즈 (G30)','520d M 스포츠 플러스','준대형 세단','실외: Black metallic, 실내:Leather Mocha','2017','2017년 06월','30,124','디젤','오토 A/T',10000,4390),
(534,'777코1635','서우리','BMW','5시리즈 (G30)','520d xDrive M 스포츠','준대형 세단','실외: Black metallic, 실내:Leather Mocha','2017','2017년 12월','9,905','디젤','오토 A/T',10000,4390),
(535,'777코1919','홍도희','BMW','5시리즈 (G30)','530i 럭셔리 플러스','준대형 세단','실외: Black metallic, 실내:Leather Mocha','2018','2018년 09월','38,000','가솔린','오토 A/T',10000,4390),
(536,'777코1920','고슬아','BMW','5시리즈 (G30)','530i 럭셔리 플러스','준대형 세단','실외: Black metallic, 실내:Leather Mocha','2018','2018년 07월','42,912','가솔린','오토 A/T',10000,4390),
(537,'777코1975','한예나','BMW','5시리즈 (G30)','530i M 스포츠 플러스','준대형 세단','실외: Black metallic, 실내:Leather Mocha','2018','2018년 04월','48,496','가솔린','오토 A/T',10000,4390),
(538,'777코1976','황유진','BMW','5시리즈 (G30)','530i M 스포츠 플러스','준대형 세단','실외: Black metallic, 실내:Leather Mocha','2018','2018년 06월','65,098','가솔린','오토 A/T',10000,4390),
(539,'777코1977','고태빈','BMW','5시리즈 (G30)','530i M 스포츠 플러스','준대형 세단','실외: Black metallic, 실내:Leather Mocha','2018','2018년 01월','60,724','가솔린','오토 A/T',10000,4390),
(540,'777코1998','양아정','BMW','5시리즈 (G30)','530i xDrive 럭셔리 플러스','준대형 세단','실외: Black metallic, 실내:Leather Mocha','2020','2019년 12월','74,918','가솔린','오토 A/T',10000,4390),
(541,'777코2069','문강빈','BMW','5시리즈 (G30)','530i xDrive M 스포츠 플러스','준대형 세단','실외: Black metallic, 실내:Leather Mocha','2018','2018년 01월','78,204','가솔린','오토 A/T',10000,4390),
(542,'777코1511','윤연재','BMW','5시리즈 (G30)','520d M 스포츠 플러스','준대형 세단','실외: Black metallic, 실내:Leather Mocha','2018','2017년 11월','33,560','디젤','오토 A/T',10000,4380),
(543,'777코1537','임현민','BMW','5시리즈 (G30)','520d M 스포츠 플러스','준대형 세단','실외: Black metallic, 실내:Leather Mocha','2017','2017년 09월','25,955','디젤','오토 A/T',10000,4380),
(544,'777코1680','해서연','BMW','5시리즈 (G30)','520d xDrive M 스포츠 플러스','준대형 세단','실외: Black metallic, 실내:Leather Mocha','2018','2018년 04월','57,007','디젤','오토 A/T',10000,4380),
(545,'777코1978','송지용','BMW','5시리즈 (G30)','530i M 스포츠 플러스','준대형 세단','실외: Black metallic, 실내:Leather Mocha','2017','2017년 08월','47,698','가솔린','오토 A/T',10000,4380),
(546,'777코2011','정승기','BMW','5시리즈 (G30)','530i xDrive M 스포츠','준대형 세단','실외: Black metallic, 실내:Leather Mocha','2018','2018년 03월','21,331','가솔린','오토 A/T',10000,4380),
(547,'777코2070','강채은','BMW','5시리즈 (G30)','530i xDrive M 스포츠 플러스','준대형 세단','실외: Black metallic, 실내:Leather Mocha','2018','2018년 05월','82,509','가솔린','오토 A/T',10000,4380),
(548,'777코1750','백로희','BMW','5시리즈 (G30)','520i 럭셔리','준대형 세단','실외: Black metallic, 실내:Leather Mocha','2018','2018년 12월','14,019','가솔린','오토 A/T',10000,4370),
(549,'777코1921','안가은','BMW','5시리즈 (G30)','530i 럭셔리 플러스','준대형 세단','실외: Black metallic, 실내:Leather Mocha','2018','2018년 06월','47,701','가솔린','오토 A/T',10000,4370),
(550,'777코1636','서태리','BMW','5시리즈 (G30)','520d xDrive M 스포츠','준대형 세단','실외: Black metallic, 실내:Leather Mocha','2018','2018년 04월','51,223','디젤','오토 A/T',10000,4360),
(551,'777코1922','문예빈','BMW','5시리즈 (G30)','530i 럭셔리 플러스','준대형 세단','실외: Black metallic, 실내:Leather Mocha','2018','2018년 07월','53,756','가솔린','오토 A/T',10000,4360),
(552,'777코1402','조시은','BMW','5시리즈 (G30)','520d 럭셔리 스페셜 에디션','준대형 세단','실외: Black metallic, 실내:Leather Mocha','2018','2018년 05월','11,821','디젤','오토 A/T',10000,4350),
(553,'777코1439','윤도아','BMW','5시리즈 (G30)','520d 럭셔리 플러스','준대형 세단','실외: Black metallic, 실내:Leather Mocha','2018','2018년 05월','51,970','디젤','오토 A/T',10000,4350),
(554,'777코1440','유채민','BMW','5시리즈 (G30)','520d 럭셔리 플러스','준대형 세단','실외: Black metallic, 실내:Leather Mocha','2019','2019년 09월','28,474','디젤','오토 A/T',10000,4350),
(555,'777코1512','조강윤','BMW','5시리즈 (G30)','520d M 스포츠 플러스','준대형 세단','실외: Black metallic, 실내:Leather Mocha','2018','2017년 10월','39,744','디젤','오토 A/T',10000,4350),
(556,'777코1538','권대한','BMW','5시리즈 (G30)','520d M 스포츠 플러스','준대형 세단','실외: Black metallic, 실내:Leather Mocha','2018','2018년 03월','42,849','디젤','오토 A/T',10000,4350),
(557,'777코1539','병준희','BMW','5시리즈 (G30)','520d M 스포츠 플러스','준대형 세단','실외: Black metallic, 실내:Leather Mocha','2017','2017년 03월','49,856','디젤','오토 A/T',10000,4350),
(558,'777코1540','한시환','BMW','5시리즈 (G30)','520d M 스포츠 플러스','준대형 세단','실외: Black metallic, 실내:Leather Mocha','2017','2017년 03월','25,200','디젤','오토 A/T',10000,4350),
(559,'777코1621','박유정','BMW','5시리즈 (G30)','520d xDrive 럭셔리 플러스','준대형 세단','실외: Black metallic, 실내:Leather Mocha','2019','2019년 05월','53,470','디젤','오토 A/T',10000,4350),
(560,'777코1622','박세린','BMW','5시리즈 (G30)','520d xDrive 럭셔리 플러스','준대형 세단','실외: Black metallic, 실내:Leather Mocha','2018','2018년 10월','58,593','디젤','오토 A/T',10000,4350),
(561,'777코1751','류시우','BMW','5시리즈 (G30)','520i 럭셔리','준대형 세단','실외: Black metallic, 실내:Leather Mocha','2019','2019년 06월','25,155','가솔린','오토 A/T',10000,4350),
(562,'777코1781','황우주','BMW','5시리즈 (G30)','520i M 스포츠','준대형 세단','실외: Black metallic, 실내:Leather Mocha','2020','2020년 07월','8,786','가솔린','오토 A/T',10000,4350),
(563,'777코2071','황주헌','BMW','5시리즈 (G30)','530i xDrive M 스포츠 플러스','준대형 세단','실외: Black metallic, 실내:Leather Mocha','2018','2018년 03월','37,359','가솔린','오토 A/T',10000,4350),
(564,'777코1441','이윤주','BMW','5시리즈 (G30)','520d 럭셔리 플러스','준대형 세단','실외: Black metallic, 실내:Leather Mocha','2020','2020년 06월','18,870','디젤','오토 A/T',10000,4339),
(565,'777코1623','손주원','BMW','5시리즈 (G30)','520d xDrive 럭셔리 플러스','준대형 세단','실외: Black metallic, 실내:Leather Mocha','2019','2019년 08월','73,315','디젤','오토 A/T',10000,4330),
(566,'777코1541','윤윤성','BMW','5시리즈 (G30)','520d M 스포츠 플러스','준대형 세단','실외: Black metallic, 실내:Leather Mocha','2017','2017년 04월','14,575','디젤','오토 A/T',10000,4320),
(567,'777코1752','최유라','BMW','5시리즈 (G30)','520i 럭셔리','준대형 세단','실외: Black metallic, 실내:Leather Mocha','2018','2018년 10월','19,223','가솔린','오토 A/T',10000,4320),
(568,'777코2072','한한서','BMW','5시리즈 (G30)','530i xDrive M 스포츠 플러스','준대형 세단','실외: Black metallic, 실내:Leather Mocha','2017','2017년 09월','78,303','가솔린','오토 A/T',10000,4320),
(569,'777코1465','양레오','BMW','5시리즈 (G30)','520d M 스포츠','준대형 세단','실외: Black metallic, 실내:Leather Mocha','2018','2018년 01월','16,792','디젤','오토 A/T',10000,4300),
(570,'777코1753','계서희','BMW','5시리즈 (G30)','520i 럭셔리','준대형 세단','실외: Black metallic, 실내:Leather Mocha','2018','2018년 08월','26,758','가솔린','오토 A/T',10000,4300),
(571,'777코2073','장리호','BMW','5시리즈 (G30)','530i xDrive M 스포츠 플러스','준대형 세단','실외: Black metallic, 실내:Leather Mocha','2017','2017년 04월','68,517','가솔린','오토 A/T',10000,4300),
(572,'777코1542','장채윤','BMW','5시리즈 (G30)','520d M 스포츠 플러스','준대형 세단','실외: Black metallic, 실내:Leather Mocha','2018','2018년 05월','33,902','디젤','오토 A/T',10000,4299),
(573,'777코1543','경다온','BMW','5시리즈 (G30)','520d M 스포츠 플러스','준대형 세단','실외: Black metallic, 실내:Leather Mocha','2018','2018년 05월','33,905','디젤','오토 A/T',10000,4299),
(574,'777코1681','무리아','BMW','5시리즈 (G30)','520d xDrive M 스포츠 플러스','준대형 세단','실외: Black metallic, 실내:Leather Mocha','2018','2018년 04월','69,777','디젤','오토 A/T',10000,4299),
(575,'777코2074','조성현','BMW','5시리즈 (G30)','530i xDrive M 스포츠 플러스','준대형 세단','실외: Black metallic, 실내:Leather Mocha','2017','2017년 07월','59,458','가솔린','오토 A/T',10000,4299),
(576,'777코1544','안우석','BMW','5시리즈 (G30)','520d M 스포츠 플러스','준대형 세단','실외: Black metallic, 실내:Leather Mocha','2018','2018년 03월','41,575','디젤','오토 A/T',10000,4290),
(577,'777코1545','축호연','BMW','5시리즈 (G30)','520d M 스포츠 플러스','준대형 세단','실외: Black metallic, 실내:Leather Mocha','2017','2017년 06월','43,235','디젤','오토 A/T',10000,4290),
(578,'777코1682','윤도담','BMW','5시리즈 (G30)','520d xDrive M 스포츠 플러스','준대형 세단','실외: Black metallic, 실내:Leather Mocha','2017','2017년 10월','47,800','디젤','오토 A/T',10000,4290),
(579,'777코1683','류재호','BMW','5시리즈 (G30)','520d xDrive M 스포츠 플러스','준대형 세단','실외: Black metallic, 실내:Leather Mocha','2017','2017년 08월','12,061','디젤','오토 A/T',10000,4290),
(580,'777코2006','병지연','BMW','5시리즈 (G30)','530i xDrive 럭셔리 플러스','준대형 세단','실외: Black metallic, 실내:Leather Mocha','2019','2019년 04월','19,326','가솔린','오토 A/T',10000,4290),
(581,'777코2075','서윤건','BMW','5시리즈 (G30)','530i xDrive M 스포츠 플러스','준대형 세단','실외: Black metallic, 실내:Leather Mocha','2017','2017년 06월','45,056','가솔린','오토 A/T',10000,4290),
(582,'777코1442','한나윤','BMW','5시리즈 (G30)','520d 럭셔리 플러스','준대형 세단','실외: Black metallic, 실내:Leather Mocha','2018','2018년 05월','29,000','디젤','오토 A/T',10000,4288),
(583,'777코1546','송소민','BMW','5시리즈 (G30)','520d M 스포츠 플러스','준대형 세단','실외: Black metallic, 실내:Leather Mocha','2018','2018년 06월','31,888','디젤','오토 A/T',10000,4280),
(584,'777코1684','권로아','BMW','5시리즈 (G30)','520d xDrive M 스포츠 플러스','준대형 세단','실외: Black metallic, 실내:Leather Mocha','2018','2018년 04월','84,820','디젤','오토 A/T',10000,4280),
(585,'777코1685','정하빈','BMW','5시리즈 (G30)','520d xDrive M 스포츠 플러스','준대형 세단','실외: Black metallic, 실내:Leather Mocha','2017','2017년 04월','56,399','디젤','오토 A/T',10000,4280),
(586,'777코1923','자이나','BMW','5시리즈 (G30)','530i 럭셔리 플러스','준대형 세단','실외: Black metallic, 실내:Leather Mocha','2018','2018년 05월','49,025','가솔린','오토 A/T',10000,4280),
(587,'777코1443','이지혜','BMW','5시리즈 (G30)','520d 럭셔리 플러스','준대형 세단','실외: Black metallic, 실내:Leather Mocha','2019','2019년 10월','48,831','디젤','오토 A/T',10000,4270),
(588,'777코1979','전은수','BMW','5시리즈 (G30)','530i M 스포츠 플러스','준대형 세단','실외: Black metallic, 실내:Leather Mocha','2017','2017년 08월','47,951','가솔린','오토 A/T',10000,4270),
(589,'777코2076','백단','BMW','5시리즈 (G30)','530i xDrive M 스포츠 플러스','준대형 세단','실외: Black metallic, 실내:Leather Mocha','2017','2017년 07월','79,487','가솔린','오토 A/T',10000,4270),
(590,'777코1659','장진','BMW','5시리즈 (G30)','520d xDrive M 스포츠 플러스','준대형 세단','실외: Black metallic, 실내:Leather Mocha','2018','2017년 10월','59,239','디젤','오토 A/T',10000,4268),
(591,'777코1686','홍용준','BMW','5시리즈 (G30)','520d xDrive M 스포츠 플러스','준대형 세단','실외: Black metallic, 실내:Leather Mocha','2017','2017년 08월','19,900','디젤','오토 A/T',10000,4260),
(592,'777코1936','서지윤','BMW','5시리즈 (G30)','530i M 스포츠','준대형 세단','실외: Black metallic, 실내:Leather Mocha','2018','2018년 05월','30,250','가솔린','오토 A/T',10000,4260),
(593,'777코1444','고윤하','BMW','5시리즈 (G30)','520d 럭셔리 플러스','준대형 세단','실외: Black metallic, 실내:Leather Mocha','2018','2018년 09월','32,609','디젤','오토 A/T',10000,4250),
(594,'777코1445','기이현','BMW','5시리즈 (G30)','520d 럭셔리 플러스','준대형 세단','실외: Black metallic, 실내:Leather Mocha','2018','2018년 05월','34,400','디젤','오토 A/T',10000,4250),
(595,'777코1497','장도유','BMW','5시리즈 (G30)','520d M 스포츠 스페셜 에디션','준대형 세단','실외: Black metallic, 실내:Leather Mocha','2018','2017년 11월','38,209','디젤','오토 A/T',10000,4250),
(596,'777코1547','홍로현','BMW','5시리즈 (G30)','520d M 스포츠 플러스','준대형 세단','실외: Black metallic, 실내:Leather Mocha','2018','2018년 02월','47,223','디젤','오토 A/T',10000,4250),
(597,'777코1660','갑상현','BMW','5시리즈 (G30)','520d xDrive M 스포츠 플러스','준대형 세단','실외: Black metallic, 실내:Leather Mocha','2018','2017년 11월','61,900','디젤','오토 A/T',10000,4250),
(598,'777코1687','송해원','BMW','5시리즈 (G30)','520d xDrive M 스포츠 플러스','준대형 세단','실외: Black metallic, 실내:Leather Mocha','2018','2018년 03월','72,022','디젤','오토 A/T',10000,4250),
(599,'777코1754','양다미','BMW','5시리즈 (G30)','520i 럭셔리','준대형 세단','실외: Black metallic, 실내:Leather Mocha','2018','2018년 07월','29,535','가솔린','오토 A/T',10000,4250),
(600,'777코1937','손도후','BMW','5시리즈 (G30)','530i M 스포츠','준대형 세단','실외: Black metallic, 실내:Leather Mocha','2018','2018년 01월','65,287','가솔린','오토 A/T',10000,4250),
(601,'777코1938','황하율','BMW','5시리즈 (G30)','530i M 스포츠','준대형 세단','실외: Black metallic, 실내:Leather Mocha','2018','2018년 04월','42,302','가솔린','오토 A/T',10000,4250),
(602,'777코1939','고승환','BMW','5시리즈 (G30)','530i M 스포츠','준대형 세단','실외: Black metallic, 실내:Leather Mocha','2018','2018년 02월','50,700','가솔린','오토 A/T',10000,4250),
(603,'777코2077','허이서','BMW','5시리즈 (G30)','530i xDrive M 스포츠 플러스','준대형 세단','실외: Black metallic, 실내:Leather Mocha','2017','2017년 05월','78,093','가솔린','오토 A/T',10000,4250),
(604,'777코2078','한우찬','BMW','5시리즈 (G30)','530i xDrive M 스포츠 플러스','준대형 세단','실외: Black metallic, 실내:Leather Mocha','2017','2017년 04월','77,148','가솔린','오토 A/T',10000,4250),
(605,'777코1688','인우현','BMW','5시리즈 (G30)','520d xDrive M 스포츠 플러스','준대형 세단','실외: Black metallic, 실내:Leather Mocha','2017','2017년 05월','75,264','디젤','오토 A/T',10000,4230),
(606,'777코1548','권연우','BMW','5시리즈 (G30)','520d M 스포츠 플러스','준대형 세단','실외: Black metallic, 실내:Leather Mocha','2018','2018년 05월','60,038','디젤','오토 A/T',10000,4220),
(607,'777코1549','무찬영','BMW','5시리즈 (G30)','520d M 스포츠 플러스','준대형 세단','실외: Black metallic, 실내:Leather Mocha','2017','2017년 06월','84,765','디젤','오토 A/T',10000,4220),
(608,'777코1637','황소은','BMW','5시리즈 (G30)','520d xDrive M 스포츠','준대형 세단','실외: Black metallic, 실내:Leather Mocha','2018','2018년 05월','59,972','디젤','오토 A/T',10000,4200),
(609,'777코1980','술유현','BMW','5시리즈 (G30)','530i M 스포츠 플러스','준대형 세단','실외: Black metallic, 실내:Leather Mocha','2017','2017년 03월','41,500','가솔린','오토 A/T',10000,4200),
(610,'777코2079','진한솔','BMW','5시리즈 (G30)','530i xDrive M 스포츠 플러스','준대형 세단','실외: Black metallic, 실내:Leather Mocha','2017','2017년 09월','93,079','가솔린','오토 A/T',10000,4200),
(611,'777코1689','문한빈','BMW','5시리즈 (G30)','520d xDrive M 스포츠 플러스','준대형 세단','실외: Black metallic, 실내:Leather Mocha','2018','2018년 02월','66,662','디젤','오토 A/T',10000,4199),
(612,'777코1690','양태성','BMW','5시리즈 (G30)','520d xDrive M 스포츠 플러스','준대형 세단','실외: Black metallic, 실내:Leather Mocha','2018','2018년 02월','62,626','디젤','오토 A/T',10000,4199),
(613,'777코1403','안하연','BMW','5시리즈 (G30)','520d 럭셔리 스페셜 에디션','준대형 세단','실외: Black metallic, 실내:Leather Mocha','2018','2018년 05월','22,217','디젤','오토 A/T',10000,4190),
(614,'777코1446','기루다','BMW','5시리즈 (G30)','520d 럭셔리 플러스','준대형 세단','실외: Black metallic, 실내:Leather Mocha','2018','2018년 10월','43,946','디젤','오토 A/T',10000,4190),
(615,'777코1550','한대현','BMW','5시리즈 (G30)','520d M 스포츠 플러스','준대형 세단','실외: Black metallic, 실내:Leather Mocha','2017','2017년 11월','43,000','디젤','오토 A/T',10000,4190),
(616,'777코1551','오윤수','BMW','5시리즈 (G30)','520d M 스포츠 플러스','준대형 세단','실외: Black metallic, 실내:Leather Mocha','2017','2017년 11월','48,550','디젤','오토 A/T',10000,4190),
(617,'777코1552','배아성','BMW','5시리즈 (G30)','520d M 스포츠 플러스','준대형 세단','실외: Black metallic, 실내:Leather Mocha','2018','2018년 01월','48,873','디젤','오토 A/T',10000,4190),
(618,'777코1624','갑로은','BMW','5시리즈 (G30)','520d xDrive 럭셔리 플러스','준대형 세단','실외: Black metallic, 실내:Leather Mocha','2018','2018년 11월','49,722','디젤','오토 A/T',10000,4190),
(619,'777코1691','조윤슬','BMW','5시리즈 (G30)','520d xDrive M 스포츠 플러스','준대형 세단','실외: Black metallic, 실내:Leather Mocha','2018','2018년 01월','68,507','디젤','오토 A/T',10000,4190),
(620,'777코1755','허보미','BMW','5시리즈 (G30)','520i 럭셔리','준대형 세단','실외: Black metallic, 실내:Leather Mocha','2018','2018년 12월','26,600','가솔린','오토 A/T',10000,4190),
(621,'777코1981','김은율','BMW','5시리즈 (G30)','530i M 스포츠 플러스','준대형 세단','실외: Black metallic, 실내:Leather Mocha','2017','2017년 02월','98,018','가솔린','오토 A/T',10000,4190),
(622,'777코2023','서서윤','BMW','5시리즈 (G30)','530i xDrive M 스포츠 플러스','준대형 세단','실외: Black metallic, 실내:Leather Mocha','2018','2017년 11월','96,958','가솔린','오토 A/T',10000,4190),
(623,'777코2024','계주하','BMW','5시리즈 (G30)','530i xDrive M 스포츠 플러스','준대형 세단','실외: Black metallic, 실내:Leather Mocha','2018','2017년 10월','63,591','가솔린','오토 A/T',10000,4190),
(624,'777코2080','서영준','BMW','5시리즈 (G30)','530i xDrive M 스포츠 플러스','준대형 세단','실외: Black metallic, 실내:Leather Mocha','2017','2017년 09월','28,847','가솔린','오토 A/T',10000,4190),
(625,'777코1498','갑아론','BMW','5시리즈 (G30)','520d M 스포츠 스페셜 에디션','준대형 세단','실외: Black metallic, 실내:Leather Mocha','2018','2017년 12월','42,770','디젤','오토 A/T',10000,4180),
(626,'777코1982','백성진','BMW','5시리즈 (G30)','530i M 스포츠 플러스','준대형 세단','실외: Black metallic, 실내:Leather Mocha','2018','2018년 01월','59,974','가솔린','오토 A/T',10000,4170),
(627,'777코777','송주아','BMW','5시리즈 (G30)','530i xDrive M 스포츠','준대형 세단','실외: Black metallic, 실내:Leather Mocha','2018','2018년 05월','73,251','가솔린','오토 A/T',10000,4170),
(628,'777코1404','류태형','BMW','5시리즈 (G30)','520d 럭셔리 스페셜 에디션','준대형 세단','실외: Black metallic, 실내:Leather Mocha','2018','2018년 03월','58,110','디젤','오토 A/T',10000,4150),
(629,'777코1447','류지은','BMW','5시리즈 (G30)','520d 럭셔리 플러스','준대형 세단','실외: Black metallic, 실내:Leather Mocha','2018','2018년 06월','36,527','디젤','오토 A/T',10000,4150),
(630,'777코1448','전라희','BMW','5시리즈 (G30)','520d 럭셔리 플러스','준대형 세단','실외: Black metallic, 실내:Leather Mocha','2018','2018년 06월','44,735','디젤','오토 A/T',10000,4150),
(631,'777코1553','고승후','BMW','5시리즈 (G30)','520d M 스포츠 플러스','준대형 세단','실외: Black metallic, 실내:Leather Mocha','2017','2017년 08월','59,030','디젤','오토 A/T',10000,4150),
(632,'777코1692','권태인','BMW','5시리즈 (G30)','520d xDrive M 스포츠 플러스','준대형 세단','실외: Black metallic, 실내:Leather Mocha','2017','2017년 06월','55,126','디젤','오토 A/T',10000,4150),
(633,'777코1693','한정윤','BMW','5시리즈 (G30)','520d xDrive M 스포츠 플러스','준대형 세단','실외: Black metallic, 실내:Leather Mocha','2017','2017년 10월','59,577','디젤','오토 A/T',10000,4150),
(634,'777코1756','문리나','BMW','5시리즈 (G30)','520i 럭셔리','준대형 세단','실외: Black metallic, 실내:Leather Mocha','2018','2018년 09월','33,958','가솔린','오토 A/T',10000,4150),
(635,'777코1757','손유안','BMW','5시리즈 (G30)','520i 럭셔리','준대형 세단','실외: Black metallic, 실내:Leather Mocha','2018','2018년 07월','22,625','가솔린','오토 A/T',10000,4150),
(636,'777코1758','미서린','BMW','5시리즈 (G30)','520i 럭셔리','준대형 세단','실외: Black metallic, 실내:Leather Mocha','2018','2018년 12월','54,949','가솔린','오토 A/T',10000,4150),
(637,'777코1924','류지율','BMW','5시리즈 (G30)','530i 럭셔리 플러스','준대형 세단','실외: Black metallic, 실내:Leather Mocha','2018','2018년 05월','44,527','가솔린','오토 A/T',10000,4150),
(638,'777코1983','서도진','BMW','5시리즈 (G30)','530i M 스포츠 플러스','준대형 세단','실외: Black metallic, 실내:Leather Mocha','2017','2017년 03월','73,791','가솔린','오토 A/T',10000,4150),
(639,'777코1984','한시윤','BMW','5시리즈 (G30)','530i M 스포츠 플러스','준대형 세단','실외: Black metallic, 실내:Leather Mocha','2018','2018년 08월','76,223','가솔린','오토 A/T',10000,4150),
(640,'777코1638','허다겸','BMW','5시리즈 (G30)','520d xDrive M 스포츠','준대형 세단','실외: Black metallic, 실내:Leather Mocha','2017','2017년 07월','41,072','디젤','오토 A/T',10000,4130),
(641,'777코1449','홍지온','BMW','5시리즈 (G30)','520d 럭셔리 플러스','준대형 세단','실외: Black metallic, 실내:Leather Mocha','2018','2018년 06월','53,537','디젤','오토 A/T',10000,4120),
(642,'777코1694','고나율','BMW','5시리즈 (G30)','520d xDrive M 스포츠 플러스','준대형 세단','실외: Black metallic, 실내:Leather Mocha','2018','2018년 06월','71,222','디젤','오토 A/T',10000,4120),
(643,'777코1759','배은유','BMW','5시리즈 (G30)','520i 럭셔리','준대형 세단','실외: Black metallic, 실내:Leather Mocha','2018','2018년 07월','23,383','가솔린','오토 A/T',10000,4120),
(644,'777코1925','조하늘','BMW','5시리즈 (G30)','530i 럭셔리 플러스','준대형 세단','실외: Black metallic, 실내:Leather Mocha','2018','2018년 07월','79,689','가솔린','오토 A/T',10000,4120),
(645,'777코1695','황로윤','BMW','5시리즈 (G30)','520d xDrive M 스포츠 플러스','준대형 세단','실외: Black metallic, 실내:Leather Mocha','2017','2017년 06월','68,750','디젤','오토 A/T',10000,4101),
(646,'777코1393','계희성','BMW','5시리즈 (G30)','520d 럭셔리 스페셜 에디션','준대형 세단','실외: Black metallic, 실내:Leather Mocha','2018','2017년 11월','21,335','디젤','오토 A/T',10000,4100),
(647,'777코1405','전은서','BMW','5시리즈 (G30)','520d 럭셔리 스페셜 에디션','준대형 세단','실외: Black metallic, 실내:Leather Mocha','2018','2018년 05월','39,379','디젤','오토 A/T',10000,4100),
(648,'777코1450','양지호','BMW','5시리즈 (G30)','520d 럭셔리 플러스','준대형 세단','실외: Black metallic, 실내:Leather Mocha','2018','2018년 09월','51,579','디젤','오토 A/T',10000,4100),
(649,'777코1554','신태우','BMW','5시리즈 (G30)','520d M 스포츠 플러스','준대형 세단','실외: Black metallic, 실내:Leather Mocha','2017','2017년 09월','40,500','디젤','오토 A/T',10000,4100),
(650,'777코1696','사건하','BMW','5시리즈 (G30)','520d xDrive M 스포츠 플러스','준대형 세단','실외: Black metallic, 실내:Leather Mocha','2017','2017년 07월','69,074','디젤','오토 A/T',10000,4100),
(651,'777코1499','권재혁','BMW','5시리즈 (G30)','520d M 스포츠 스페셜 에디션','준대형 세단','실외: Black metallic, 실내:Leather Mocha','2018','2017년 11월','43,289','디젤','오토 A/T',10000,4090),
(652,'777코1555','허우민','BMW','5시리즈 (G30)','520d M 스포츠 플러스','준대형 세단','실외: Black metallic, 실내:Leather Mocha','2018','2018년 01월','78,793','디젤','오토 A/T',10000,4090),
(653,'777코1625','김하엘','BMW','5시리즈 (G30)','520d xDrive 럭셔리 플러스','준대형 세단','실외: Black metallic, 실내:Leather Mocha','2018','2018년 12월','70,497','디젤','오토 A/T',10000,4090),
(654,'777코1639','안서우','BMW','5시리즈 (G30)','520d xDrive M 스포츠','준대형 세단','실외: Black metallic, 실내:Leather Mocha','2018','2018년 04월','63,701','디젤','오토 A/T',10000,4089),
(655,'777코1556','전도균','BMW','5시리즈 (G30)','520d M 스포츠 플러스','준대형 세단','실외: Black metallic, 실내:Leather Mocha','2018','2018년 03월','79,530','디젤','오토 A/T',10000,4060),
(656,'777코1697','박소을','BMW','5시리즈 (G30)','520d xDrive M 스포츠 플러스','준대형 세단','실외: Black metallic, 실내:Leather Mocha','2020','2020년 06월','12,108','디젤','오토 A/T',10000,4060),
(657,'777코1451','문은채','BMW','5시리즈 (G30)','520d 럭셔리 플러스','준대형 세단','실외: Black metallic, 실내:Leather Mocha','2018','2018년 06월','56,653','디젤','오토 A/T',10000,4050),
(658,'777코1466','해리우','BMW','5시리즈 (G30)','520d M 스포츠','준대형 세단','실외: Black metallic, 실내:Leather Mocha','2017','2017년 04월','47,458','디젤','오토 A/T',10000,4050),
(659,'777코1557','양태이','BMW','5시리즈 (G30)','520d M 스포츠 플러스','준대형 세단','실외: Black metallic, 실내:Leather Mocha','2018','2018년 06월','51,786','디젤','오토 A/T',10000,4050),
(660,'777코1558','을예찬','BMW','5시리즈 (G30)','520d M 스포츠 플러스','준대형 세단','실외: Black metallic, 실내:Leather Mocha','2017','2017년 03월','65,835','디젤','오토 A/T',10000,4050),
(661,'777코1632','권도아','BMW','5시리즈 (G30)','520d xDrive M 스포츠','준대형 세단','실외: Black metallic, 실내:Leather Mocha','2018','2017년 12월','60,259','디젤','오토 A/T',10000,4050),
(662,'777코1640','안준수','BMW','5시리즈 (G30)','520d xDrive M 스포츠','준대형 세단','실외: Black metallic, 실내:Leather Mocha','2017','2017년 06월','42,320','디젤','오토 A/T',10000,4050),
(663,'777코1641','홍','BMW','5시리즈 (G30)','520d xDrive M 스포츠','준대형 세단','실외: Black metallic, 실내:Leather Mocha','2018','2018년 03월','65,752','디젤','오토 A/T',10000,4050),
(664,'777코1760','전예인','BMW','5시리즈 (G30)','520i 럭셔리','준대형 세단','실외: Black metallic, 실내:Leather Mocha','2019','2019년 06월','41,990','가솔린','오토 A/T',10000,4050),
(665,'777코1820','송원','BMW','5시리즈 (G30)','530d M 스포츠 플러스','준대형 세단','실외: Black metallic, 실내:Leather Mocha','2017','2017년 06월','99,696','디젤','오토 A/T',10000,4050),
(666,'777코1985','손도형','BMW','5시리즈 (G30)','530i M 스포츠 플러스','준대형 세단','실외: Black metallic, 실내:Leather Mocha','2018','2018년 02월','79,471','가솔린','오토 A/T',10000,4050),
(667,'777코1642','배동휘','BMW','5시리즈 (G30)','520d xDrive M 스포츠','준대형 세단','실외: Black metallic, 실내:Leather Mocha','2018','2018년 02월','61,206','디젤','오토 A/T',10000,4049),
(668,'777코1500','황은규','BMW','5시리즈 (G30)','520d M 스포츠 스페셜 에디션','준대형 세단','실외: Black metallic, 실내:Leather Mocha','2018','2017년 12월','30,089','디젤','오토 A/T',10000,4030),
(669,'777코1559','문현진','BMW','5시리즈 (G30)','520d M 스포츠 플러스','준대형 세단','실외: Black metallic, 실내:Leather Mocha','2017','2017년 08월','43,148','디젤','오토 A/T',10000,4030),
(670,'777코1560','권태온','BMW','5시리즈 (G30)','520d M 스포츠 플러스','준대형 세단','실외: Black metallic, 실내:Leather Mocha','2017','2017년 09월','44,000','디젤','오토 A/T',10000,4020),
(671,'777코1930','황환희','BMW','5시리즈 (G30)','530i M 스포츠','준대형 세단','실외: Black metallic, 실내:Leather Mocha','2018','2017년 11월','56,536','가솔린','오토 A/T',10000,4000),
(672,'777코1940','김이진','BMW','5시리즈 (G30)','530i M 스포츠','준대형 세단','실외: Black metallic, 실내:Leather Mocha','2017','2017년 07월','32,500','가솔린','오토 A/T',10000,4000),
(673,'777코2081','류동윤','BMW','5시리즈 (G30)','530i xDrive M 스포츠 플러스','준대형 세단','실외: Black metallic, 실내:Leather Mocha','2017','2017년 06월','79,813','가솔린','오토 A/T',10000,4000),
(674,'777코1561','홍서율','BMW','5시리즈 (G30)','520d M 스포츠 플러스','준대형 세단','실외: Black metallic, 실내:Leather Mocha','2018','2018년 05월','64,162','디젤','오토 A/T',10000,3999),
(675,'777코1562','전주완','BMW','5시리즈 (G30)','520d M 스포츠 플러스','준대형 세단','실외: Black metallic, 실내:Leather Mocha','2017','2017년 06월','68,000','디젤','오토 A/T',10000,3999),
(676,'777코1698','이로빈','BMW','5시리즈 (G30)','520d xDrive M 스포츠 플러스','준대형 세단','실외: Black metallic, 실내:Leather Mocha','2017','2017년 07월','76,798','디젤','오토 A/T',10000,3999),
(677,'777코2013','권태민','BMW','5시리즈 (G30)','530i xDrive M 스포츠','준대형 세단','실외: Black metallic, 실내:Leather Mocha','2017','2017년 03월','77,900','가솔린','오토 A/T',10000,3999),
(678,'777코2082','김서하','BMW','5시리즈 (G30)','530i xDrive M 스포츠 플러스','준대형 세단','실외: Black metallic, 실내:Leather Mocha','2017','2017년 05월','79,121','가솔린','오토 A/T',10000,3999),
(679,'777코1563','조은오','BMW','5시리즈 (G30)','520d M 스포츠 플러스','준대형 세단','실외: Black metallic, 실내:Leather Mocha','2018','2018년 02월','58,904','디젤','오토 A/T',10000,3990),
(680,'777코1564','황온','BMW','5시리즈 (G30)','520d M 스포츠 플러스','준대형 세단','실외: Black metallic, 실내:Leather Mocha','2017','2017년 09월','74,188','디젤','오토 A/T',10000,3990),
(681,'777코1565','사호윤','BMW','5시리즈 (G30)','520d M 스포츠 플러스','준대형 세단','실외: Black metallic, 실내:Leather Mocha','2017','2017년 10월','48,064','디젤','오토 A/T',10000,3990),
(682,'777코1626','손설','BMW','5시리즈 (G30)','520d xDrive 럭셔리 플러스','준대형 세단','실외: Black metallic, 실내:Leather Mocha','2018','2018년 06월','72,587','디젤','오토 A/T',10000,3990),
(683,'777코1633','안현성','BMW','5시리즈 (G30)','520d xDrive M 스포츠','준대형 세단','실외: Black metallic, 실내:Leather Mocha','2018','2017년 11월','50,706','디젤','오토 A/T',10000,3990),
(684,'777코1643','홍은재','BMW','5시리즈 (G30)','520d xDrive M 스포츠','준대형 세단','실외: Black metallic, 실내:Leather Mocha','2017','2017년 06월','55,000','디젤','오토 A/T',10000,3990),
(685,'777코1644','해동건','BMW','5시리즈 (G30)','520d xDrive M 스포츠','준대형 세단','실외: Black metallic, 실내:Leather Mocha','2018','2018년 01월','70,341','디젤','오토 A/T',10000,3990),
(686,'777코1761','이윤','BMW','5시리즈 (G30)','520i 럭셔리','준대형 세단','실외: Black metallic, 실내:Leather Mocha','2018','2018년 12월','47,658','가솔린','오토 A/T',10000,3990),
(687,'777코1926','백하루','BMW','5시리즈 (G30)','530i 럭셔리 플러스','준대형 세단','실외: Black metallic, 실내:Leather Mocha','2018','2018년 07월','74,056','가솔린','오토 A/T',10000,3990),
(688,'777코1941','양재준','BMW','5시리즈 (G30)','530i M 스포츠','준대형 세단','실외: Black metallic, 실내:Leather Mocha','2017','2017년 08월','57,045','가솔린','오토 A/T',10000,3990),
(689,'777코1942','안예담','BMW','5시리즈 (G30)','530i M 스포츠','준대형 세단','실외: Black metallic, 실내:Leather Mocha','2017','2017년 09월','48,689','가솔린','오토 A/T',10000,3990),
(690,'777코1986','이세준','BMW','5시리즈 (G30)','530i M 스포츠 플러스','준대형 세단','실외: Black metallic, 실내:Leather Mocha','2017','2017년 05월','74,300','가솔린','오토 A/T',10000,3990),
(691,'777코1987','박한별','BMW','5시리즈 (G30)','530i M 스포츠 플러스','준대형 세단','실외: Black metallic, 실내:Leather Mocha','2017','2017년 05월','71,152','가솔린','오토 A/T',10000,3990),
(692,'777코1699','박준이','BMW','5시리즈 (G30)','520d xDrive M 스포츠 플러스','준대형 세단','실외: Black metallic, 실내:Leather Mocha','2017','2017년 07월','58,847','디젤','오토 A/T',10000,3980),
(693,'777코1952','송정안','BMW','5시리즈 (G30)','530i M 스포츠 플러스','준대형 세단','실외: Black metallic, 실내:Leather Mocha','2018','2017년 11월','51,032','가솔린','오토 A/T',10000,3980),
(694,'777코1661','류환','BMW','5시리즈 (G30)','520d xDrive M 스포츠 플러스','준대형 세단','실외: Black metallic, 실내:Leather Mocha','2018','2017년 11월','81,944','디젤','오토 A/T',10000,3970),
(695,'777코1406','고윤슬','BMW','5시리즈 (G30)','520d 럭셔리 스페셜 에디션','준대형 세단','실외: Black metallic, 실내:Leather Mocha','2018','2018년 05월','45,504','디젤','오토 A/T',10000,3950),
(696,'777코1407','배승아','BMW','5시리즈 (G30)','520d 럭셔리 스페셜 에디션','준대형 세단','실외: Black metallic, 실내:Leather Mocha','2018','2018년 06월','39,082','디젤','오토 A/T',10000,3950),
(697,'777코1452','문연서','BMW','5시리즈 (G30)','520d 럭셔리 플러스','준대형 세단','실외: Black metallic, 실내:Leather Mocha','2018','2018년 05월','63,075','디젤','오토 A/T',10000,3950),
(698,'777코1467','송해담','BMW','5시리즈 (G30)','520d M 스포츠','준대형 세단','실외: Black metallic, 실내:Leather Mocha','2017','2017년 09월','37,909','디젤','오토 A/T',10000,3950),
(699,'777코1468','고현호','BMW','5시리즈 (G30)','520d M 스포츠','준대형 세단','실외: Black metallic, 실내:Leather Mocha','2017','2017년 06월','41,729','디젤','오토 A/T',10000,3950),
(700,'777코1566','황지혁','BMW','5시리즈 (G30)','520d M 스포츠 플러스','준대형 세단','실외: Black metallic, 실내:Leather Mocha','2017','2017년 03월','70,316','디젤','오토 A/T',10000,3950),
(701,'777코1627','조라온','BMW','5시리즈 (G30)','520d xDrive 럭셔리 플러스','준대형 세단','실외: Black metallic, 실내:Leather Mocha','2018','2018년 06월','74,078','디젤','오토 A/T',10000,3950),
(702,'777코1988','최건후','BMW','5시리즈 (G30)','530i M 스포츠 플러스','준대형 세단','실외: Black metallic, 실내:Leather Mocha','2017','2017년 05월','87,450','가솔린','오토 A/T',10000,3950),
(703,'777코1989','문호준','BMW','5시리즈 (G30)','530i M 스포츠 플러스','준대형 세단','실외: Black metallic, 실내:Leather Mocha','2017','2017년 06월','60,358','가솔린','오토 A/T',10000,3949),
(704,'777코1990','양민혁','BMW','5시리즈 (G30)','530i M 스포츠 플러스','준대형 세단','실외: Black metallic, 실내:Leather Mocha','2017','2017년 06월','65,397','가솔린','오토 A/T',10000,3940),
(705,'777코1567','손해온','BMW','5시리즈 (G30)','520d M 스포츠 플러스','준대형 세단','실외: Black metallic, 실내:Leather Mocha','2017','2017년 06월','77,203','디젤','오토 A/T',10000,3939),
(706,'777코1469','손채민','BMW','5시리즈 (G30)','520d M 스포츠','준대형 세단','실외: Black metallic, 실내:Leather Mocha','2017','2017년 08월','60,010','디젤','오토 A/T',10000,3930),
(707,'777코1470','류진호','BMW','5시리즈 (G30)','520d M 스포츠','준대형 세단','실외: Black metallic, 실내:Leather Mocha','2017','2017년 09월','56,207','디젤','오토 A/T',10000,3930),
(708,'777코1471','최태경','BMW','5시리즈 (G30)','520d M 스포츠','준대형 세단','실외: Black metallic, 실내:Leather Mocha','2017','2017년 07월','47,877','디젤','오토 A/T',10000,3920),
(709,'777코1472','백하울','BMW','5시리즈 (G30)','520d M 스포츠','준대형 세단','실외: Black metallic, 실내:Leather Mocha','2018','2018년 02월','67,977','디젤','오토 A/T',10000,3920),
(710,'777코1991','안재현','BMW','5시리즈 (G30)','530i M 스포츠 플러스','준대형 세단','실외: Black metallic, 실내:Leather Mocha','2017','2017년 03월','97,301','가솔린','오토 A/T',10000,3920),
(711,'777코1408','양서은','BMW','5시리즈 (G30)','520d 럭셔리 스페셜 에디션','준대형 세단','실외: Black metallic, 실내:Leather Mocha','2018','2018년 05월','53,627','디젤','오토 A/T',10000,3900),
(712,'777코1463','전준휘','BMW','5시리즈 (G30)','520d M 스포츠','준대형 세단','실외: Black metallic, 실내:Leather Mocha','2018','2017년 11월','75,009','디젤','오토 A/T',10000,3900),
(713,'777코1473','김다빈','BMW','5시리즈 (G30)','520d M 스포츠','준대형 세단','실외: Black metallic, 실내:Leather Mocha','2018','2018년 01월','61,182','디젤','오토 A/T',10000,3900),
(714,'777코1568','전휘','BMW','5시리즈 (G30)','520d M 스포츠 플러스','준대형 세단','실외: Black metallic, 실내:Leather Mocha','2017','2017년 09월','47,555','디젤','오토 A/T',10000,3900),
(715,'777코1569','이준형','BMW','5시리즈 (G30)','520d M 스포츠 플러스','준대형 세단','실외: Black metallic, 실내:Leather Mocha','2018','2018년 01월','81,898','디젤','오토 A/T',10000,3900),
(716,'777코1700','배강현','BMW','5시리즈 (G30)','520d xDrive M 스포츠 플러스','준대형 세단','실외: Black metallic, 실내:Leather Mocha','2017','2017년 06월','69,256','디젤','오토 A/T',10000,3900),
(717,'777코1953','안서현','BMW','5시리즈 (G30)','530i M 스포츠 플러스','준대형 세단','실외: Black metallic, 실내:Leather Mocha','2018','2017년 12월','84,632','가솔린','오토 A/T',10000,3900),
(718,'777코2014','송이루','BMW','5시리즈 (G30)','530i xDrive M 스포츠','준대형 세단','실외: Black metallic, 실내:Leather Mocha','2017','2017년 12월','80,596','가솔린','오토 A/T',10000,3900),
(719,'777코1570','송유하','BMW','5시리즈 (G30)','520d M 스포츠 플러스','준대형 세단','실외: Black metallic, 실내:Leather Mocha','2018','2018년 04월','55,363','디젤','오토 A/T',10000,3899),
(720,'777코1571','계승민','BMW','5시리즈 (G30)','520d M 스포츠 플러스','준대형 세단','실외: Black metallic, 실내:Leather Mocha','2017','2017년 05월','71,096','디젤','오토 A/T',10000,3899),
(721,'777코1409','손리안','BMW','5시리즈 (G30)','520d 럭셔리 스페셜 에디션','준대형 세단','실외: Black metallic, 실내:Leather Mocha','2018','2018년 05월','24,559','디젤','오토 A/T',10000,3890),
(722,'777코1572','홍가람','BMW','5시리즈 (G30)','520d M 스포츠 플러스','준대형 세단','실외: Black metallic, 실내:Leather Mocha','2017','2017년 09월','63,000','디젤','오토 A/T',10000,3890),
(723,'777코1573','강가온','BMW','5시리즈 (G30)','520d M 스포츠 플러스','준대형 세단','실외: Black metallic, 실내:Leather Mocha','2017','2017년 05월','72,217','디젤','오토 A/T',10000,3890),
(724,'777코1574','배동욱','BMW','5시리즈 (G30)','520d M 스포츠 플러스','준대형 세단','실외: Black metallic, 실내:Leather Mocha','2017','2017년 08월','55,108','디젤','오토 A/T',10000,3890),
(725,'777코1575','조해인','BMW','5시리즈 (G30)','520d M 스포츠 플러스','준대형 세단','실외: Black metallic, 실내:Leather Mocha','2017','2017년 05월','78,369','디젤','오토 A/T',10000,3890),
(726,'777코1576','허경민','BMW','5시리즈 (G30)','520d M 스포츠 플러스','준대형 세단','실외: Black metallic, 실내:Leather Mocha','2018','2018년 02월','69,419','디젤','오토 A/T',10000,3890),
(727,'777코1701','고이름','BMW','5시리즈 (G30)','520d xDrive M 스포츠 플러스','준대형 세단','실외: Black metallic, 실내:Leather Mocha','2018','2018년 03월','84,058','디젤','오토 A/T',10000,3890),
(728,'777코1762','묘라윤','BMW','5시리즈 (G30)','520i 럭셔리','준대형 세단','실외: Black metallic, 실내:Leather Mocha','2018','2018년 08월','63,981','가솔린','오토 A/T',10000,3890),
(729,'777코1763','한가온','BMW','5시리즈 (G30)','520i 럭셔리','준대형 세단','실외: Black metallic, 실내:Leather Mocha','2018','2018년 11월','48,205','가솔린','오토 A/T',10000,3890),
(730,'777코1931','서루다','BMW','5시리즈 (G30)','530i M 스포츠','준대형 세단','실외: Black metallic, 실내:Leather Mocha','2018','2017년 10월','97,856','가솔린','오토 A/T',10000,3890),
(731,'777코2083','송신우','BMW','5시리즈 (G30)','530i xDrive M 스포츠 플러스','준대형 세단','실외: Black metallic, 실내:Leather Mocha','2017','2017년 03월','132,110','가솔린','오토 A/T',10000,3890),
(732,'777코1577','조성빈','BMW','5시리즈 (G30)','520d M 스포츠 플러스','준대형 세단','실외: Black metallic, 실내:Leather Mocha','2017','2017년 08월','64,920','디젤','오토 A/T',10000,3880),
(733,'777코1578','류윤서','BMW','5시리즈 (G30)','520d M 스포츠 플러스','준대형 세단','실외: Black metallic, 실내:Leather Mocha','2018','2018년 04월','61,753','디젤','오토 A/T',10000,3880),
(734,'777코1628','허다솜','BMW','5시리즈 (G30)','520d xDrive 럭셔리 플러스','준대형 세단','실외: Black metallic, 실내:Leather Mocha','2018','2018년 07월','89,590','디젤','오토 A/T',10000,3880),
(735,'777코1954','임유겸','BMW','5시리즈 (G30)','530i M 스포츠 플러스','준대형 세단','실외: Black metallic, 실내:Leather Mocha','2018','2017년 10월','84,274','가솔린','오토 A/T',10000,3880),
(736,'777코1453','백아진','BMW','5시리즈 (G30)','520d 럭셔리 플러스','준대형 세단','실외: Black metallic, 실내:Leather Mocha','2018','2018년 06월','75,337','디젤','오토 A/T',10000,3870),
(737,'777코1579','조정훈','BMW','5시리즈 (G30)','520d M 스포츠 플러스','준대형 세단','실외: Black metallic, 실내:Leather Mocha','2017','2017년 06월','68,400','디젤','오토 A/T',10000,3851),
(738,'777코1394','류민기','BMW','5시리즈 (G30)','520d 럭셔리 스페셜 에디션','준대형 세단','실외: Black metallic, 실내:Leather Mocha','2018','2017년 12월','53,100','디젤','오토 A/T',10000,3850),
(739,'777코1454','손예온','BMW','5시리즈 (G30)','520d 럭셔리 플러스','준대형 세단','실외: Black metallic, 실내:Leather Mocha','2018','2018년 09월','34,495','디젤','오토 A/T',10000,3850),
(740,'777코1474','고민율','BMW','5시리즈 (G30)','520d M 스포츠','준대형 세단','실외: Black metallic, 실내:Leather Mocha','2017','2017년 09월','62,519','디젤','오토 A/T',10000,3850),
(741,'777코1475','이도운','BMW','5시리즈 (G30)','520d M 스포츠','준대형 세단','실외: Black metallic, 실내:Leather Mocha','2017','2017년 02월','75,766','디젤','오토 A/T',10000,3850),
(742,'777코1580','윤정현','BMW','5시리즈 (G30)','520d M 스포츠 플러스','준대형 세단','실외: Black metallic, 실내:Leather Mocha','2017','2017년 05월','69,132','디젤','오토 A/T',10000,3850),
(743,'777코1581','백요한','BMW','5시리즈 (G30)','520d M 스포츠 플러스','준대형 세단','실외: Black metallic, 실내:Leather Mocha','2017','2017년 08월','78,610','디젤','오토 A/T',10000,3850),
(744,'777코1645','배새봄','BMW','5시리즈 (G30)','520d xDrive M 스포츠','준대형 세단','실외: Black metallic, 실내:Leather Mocha','2018','2018년 05월','73,418','디젤','오토 A/T',10000,3850),
(745,'777코1764','사도은','BMW','5시리즈 (G30)','520i 럭셔리','준대형 세단','실외: Black metallic, 실내:Leather Mocha','2018','2018년 07월','60,393','가솔린','오토 A/T',10000,3850),
(746,'777코1765','박라율','BMW','5시리즈 (G30)','520i 럭셔리','준대형 세단','실외: Black metallic, 실내:Leather Mocha','2018','2018년 12월','54,782','가솔린','오토 A/T',10000,3850),
(747,'777코2025','홍루안','BMW','5시리즈 (G30)','530i xDrive M 스포츠 플러스','준대형 세단','실외: Black metallic, 실내:Leather Mocha','2018','2017년 11월','82,989','가솔린','오토 A/T',10000,3850),
(748,'777코1814','문채운','BMW','5시리즈 (G30)','530d M 스포츠','준대형 세단','실외: Black metallic, 실내:Leather Mocha','2017','2017년 09월','90,856','디젤','오토 A/T',10000,3840),
(749,'777코1455','허지원','BMW','5시리즈 (G30)','520d 럭셔리 플러스','준대형 세단','실외: Black metallic, 실내:Leather Mocha','2018','2018년 06월','77,300','디젤','오토 A/T',10000,3830),
(750,'777코1766','최해인','BMW','5시리즈 (G30)','520i 럭셔리','준대형 세단','실외: Black metallic, 실내:Leather Mocha','2018','2018년 12월','23,610','가솔린','오토 A/T',10000,3830),
(751,'777코1992','장솔','BMW','5시리즈 (G30)','530i M 스포츠 플러스','준대형 세단','실외: Black metallic, 실내:Leather Mocha','2017','2017년 05월','88,671','가솔린','오토 A/T',10000,3830),
(752,'777코2015','문서아','BMW','5시리즈 (G30)','530i xDrive M 스포츠','준대형 세단','실외: Black metallic, 실내:Leather Mocha','2018','2018년 03월','49,703','가솔린','오토 A/T',10000,3820),
(753,'777코1582','전다인','BMW','5시리즈 (G30)','520d M 스포츠 플러스','준대형 세단','실외: Black metallic, 실내:Leather Mocha','2018','2018년 04월','93,272','디젤','오토 A/T',10000,3800),
(754,'777코1583','서결','BMW','5시리즈 (G30)','520d M 스포츠 플러스','준대형 세단','실외: Black metallic, 실내:Leather Mocha','2017','2017년 04월','83,108','디젤','오토 A/T',10000,3800),
(755,'777코1634','전선','BMW','5시리즈 (G30)','520d xDrive M 스포츠','준대형 세단','실외: Black metallic, 실내:Leather Mocha','2018','2017년 12월','73,400','디젤','오토 A/T',10000,3800),
(756,'777코1702','백민서','BMW','5시리즈 (G30)','520d xDrive M 스포츠 플러스','준대형 세단','실외: Black metallic, 실내:Leather Mocha','2017','2017년 06월','70,193','디젤','오토 A/T',10000,3800),
(757,'777코1703','병인호','BMW','5시리즈 (G30)','520d xDrive M 스포츠 플러스','준대형 세단','실외: Black metallic, 실내:Leather Mocha','2017','2017년 07월','71,493','디젤','오토 A/T',10000,3800),
(758,'777코1410','조민서','BMW','5시리즈 (G30)','520d 럭셔리 스페셜 에디션','준대형 세단','실외: Black metallic, 실내:Leather Mocha','2018','2018년 05월','76,858','디젤','오토 A/T',10000,3799),
(759,'777코1411','백하리','BMW','5시리즈 (G30)','520d 럭셔리 스페셜 에디션','준대형 세단','실외: Black metallic, 실내:Leather Mocha','2018','2018년 05월','76,853','디젤','오토 A/T',10000,3799),
(760,'777코1584','허승빈','BMW','5시리즈 (G30)','520d M 스포츠 플러스','준대형 세단','실외: Black metallic, 실내:Leather Mocha','2017','2017년 06월','75,053','디젤','오토 A/T',10000,3799),
(761,'777코1456','김소미','BMW','5시리즈 (G30)','520d 럭셔리 플러스','준대형 세단','실외: Black metallic, 실내:Leather Mocha','2018','2018년 07월','69,624','디젤','오토 A/T',10000,3790),
(762,'777코1513','권세진','BMW','5시리즈 (G30)','520d M 스포츠 플러스','준대형 세단','실외: Black metallic, 실내:Leather Mocha','2018','2017년 10월','56,962','디젤','오토 A/T',10000,3790),
(763,'777코1585','병지성','BMW','5시리즈 (G30)','520d M 스포츠 플러스','준대형 세단','실외: Black metallic, 실내:Leather Mocha','2017','2017년 04월','98,058','디젤','오토 A/T',10000,3790),
(764,'777코1646','류도건','BMW','5시리즈 (G30)','520d xDrive M 스포츠','준대형 세단','실외: Black metallic, 실내:Leather Mocha','2017','2017년 03월','64,706','디젤','오토 A/T',10000,3790),
(765,'777코1943','양현수','BMW','5시리즈 (G30)','530i M 스포츠','준대형 세단','실외: Black metallic, 실내:Leather Mocha','2017','2017년 09월','72,105','가솔린','오토 A/T',10000,3790),
(766,'777코1955','홍태원','BMW','5시리즈 (G30)','530i M 스포츠 플러스','준대형 세단','실외: Black metallic, 실내:Leather Mocha','2018','2017년 12월','83,000','가솔린','오토 A/T',10000,3790),
(767,'777코2026','황이솔','BMW','5시리즈 (G30)','530i xDrive M 스포츠 플러스','준대형 세단','실외: Black metallic, 실내:Leather Mocha','2018','2017년 10월','23,555','가솔린','오토 A/T',10000,3790),
(768,'777코2084','권인우','BMW','5시리즈 (G30)','530i xDrive M 스포츠 플러스','준대형 세단','실외: Black metallic, 실내:Leather Mocha','2017','2017년 04월','105,900','가솔린','오토 A/T',10000,3790),
(769,'777코1586','전산','BMW','5시리즈 (G30)','520d M 스포츠 플러스','준대형 세단','실외: Black metallic, 실내:Leather Mocha','2017','2017년 03월','72,165','디젤','오토 A/T',10000,3783),
(770,'777코1395','고준오','BMW','5시리즈 (G30)','520d 럭셔리 스페셜 에디션','준대형 세단','실외: Black metallic, 실내:Leather Mocha','2018','2017년 12월','49,974','디젤','오토 A/T',10000,3780),
(771,'777코1629','진아영','BMW','5시리즈 (G30)','520d xDrive 럭셔리 플러스','준대형 세단','실외: Black metallic, 실내:Leather Mocha','2018','2018년 06월','52,856','디젤','오토 A/T',10000,3780),
(772,'777코1501','문은혁','BMW','5시리즈 (G30)','520d M 스포츠 스페셜 에디션','준대형 세단','실외: Black metallic, 실내:Leather Mocha','2018','2017년 12월','61,676','디젤','오토 A/T',10000,3770),
(773,'777코1587','무하담','BMW','5시리즈 (G30)','520d M 스포츠 플러스','준대형 세단','실외: Black metallic, 실내:Leather Mocha','2017','2017년 05월','68,797','디젤','오토 A/T',10000,3770),
(774,'777코1932','양태서','BMW','5시리즈 (G30)','530i M 스포츠','준대형 세단','실외: Black metallic, 실내:Leather Mocha','2018','2017년 12월','82,937','가솔린','오토 A/T',10000,3770),
(775,'777코1412','양이서','BMW','5시리즈 (G30)','520d 럭셔리 스페셜 에디션','준대형 세단','실외: Black metallic, 실내:Leather Mocha','2018','2018년 03월','74,697','디젤','오토 A/T',10000,3750),
(776,'777코1413','박테오','BMW','5시리즈 (G30)','520d 럭셔리 스페셜 에디션','준대형 세단','실외: Black metallic, 실내:Leather Mocha','2018','2018년 01월','45,118','디젤','오토 A/T',10000,3750),
(777,'777코1457','허다윤','BMW','5시리즈 (G30)','520d 럭셔리 플러스','준대형 세단','실외: Black metallic, 실내:Leather Mocha','2018','2018년 05월','73,263','디젤','오토 A/T',10000,3750),
(778,'777코1476','자태웅','BMW','5시리즈 (G30)','520d M 스포츠','준대형 세단','실외: Black metallic, 실내:Leather Mocha','2018','2018년 02월','74,776','디젤','오토 A/T',10000,3750),
(779,'777코1588','손겸','BMW','5시리즈 (G30)','520d M 스포츠 플러스','준대형 세단','실외: Black metallic, 실내:Leather Mocha','2017','2017년 09월','77,950','디젤','오토 A/T',10000,3750),
(780,'777코1630','김하나','BMW','5시리즈 (G30)','520d xDrive 럭셔리 플러스','준대형 세단','실외: Black metallic, 실내:Leather Mocha','2018','2018년 06월','93,574','디젤','오토 A/T',10000,3750),
(781,'777코1704','진윤서','BMW','5시리즈 (G30)','520d xDrive M 스포츠 플러스','준대형 세단','실외: Black metallic, 실내:Leather Mocha','2017','2017년 06월','103,742','디젤','오토 A/T',10000,3750),
(782,'777코1705','홍다은','BMW','5시리즈 (G30)','520d xDrive M 스포츠 플러스','준대형 세단','실외: Black metallic, 실내:Leather Mocha','2018','2018년 04월','100,063','디젤','오토 A/T',10000,3750),
(783,'777코2085','홍연호','BMW','5시리즈 (G30)','530i xDrive M 스포츠 플러스','준대형 세단','실외: Black metallic, 실내:Leather Mocha','2017','2017년 03월','116,676','가솔린','오토 A/T',10000,3750),
(784,'777코1458','묘설아','BMW','5시리즈 (G30)','520d 럭셔리 플러스','준대형 세단','실외: Black metallic, 실내:Leather Mocha','2018','2018년 05월','65,066','디젤','오토 A/T',10000,3749),
(785,'777코1589','김해든','BMW','5시리즈 (G30)','520d M 스포츠 플러스','준대형 세단','실외: Black metallic, 실내:Leather Mocha','2017','2017년 06월','82,311','디젤','오토 A/T',10000,3749),
(786,'777코2016','배재우','BMW','5시리즈 (G30)','530i xDrive M 스포츠','준대형 세단','실외: Black metallic, 실내:Leather Mocha','2017','2017년 09월','89,477','가솔린','오토 A/T',10000,3740),
(787,'777코1396','고도은','BMW','5시리즈 (G30)','520d 럭셔리 스페셜 에디션','준대형 세단','실외: Black metallic, 실내:Leather Mocha','2018','2017년 11월','71,078','디젤','오토 A/T',10000,3730),
(788,'777코1706','이은준','BMW','5시리즈 (G30)','520d xDrive M 스포츠 플러스','준대형 세단','실외: Black metallic, 실내:Leather Mocha','2017','2017년 06월','85,451','디젤','오토 A/T',10000,3720),
(789,'777코1414','고예린','BMW','5시리즈 (G30)','520d 럭셔리 스페셜 에디션','준대형 세단','실외: Black metallic, 실내:Leather Mocha','2018','2018년 04월','57,978','디젤','오토 A/T',10000,3700),
(790,'777코1459','김예은','BMW','5시리즈 (G30)','520d 럭셔리 플러스','준대형 세단','실외: Black metallic, 실내:Leather Mocha','2018','2018년 05월','85,418','디젤','오토 A/T',10000,3700),
(791,'777코1464','문호진','BMW','5시리즈 (G30)','520d M 스포츠','준대형 세단','실외: Black metallic, 실내:Leather Mocha','2018','2017년 11월','56,569','디젤','오토 A/T',10000,3700),
(792,'777코1477','박제이','BMW','5시리즈 (G30)','520d M 스포츠','준대형 세단','실외: Black metallic, 실내:Leather Mocha','2017','2017년 06월','62,098','디젤','오토 A/T',10000,3700),
(793,'777코1707','최주영','BMW','5시리즈 (G30)','520d xDrive M 스포츠 플러스','준대형 세단','실외: Black metallic, 실내:Leather Mocha','2017','2017년 06월','97,603','디젤','오토 A/T',10000,3700),
(794,'777코1708','조민석','BMW','5시리즈 (G30)','520d xDrive M 스포츠 플러스','준대형 세단','실외: Black metallic, 실내:Leather Mocha','2017','2017년 09월','104,247','디젤','오토 A/T',10000,3700),
(795,'777코1767','경하람','BMW','5시리즈 (G30)','520i 럭셔리','준대형 세단','실외: Black metallic, 실내:Leather Mocha','2018','2018년 12월','82,099','가솔린','오토 A/T',10000,3700),
(796,'777코1397','양하엘','BMW','5시리즈 (G30)','520d 럭셔리 스페셜 에디션','준대형 세단','실외: Black metallic, 실내:Leather Mocha','2018','2017년 11월','76,391','디젤','오토 A/T',10000,3699),
(797,'777코1590','한원우','BMW','5시리즈 (G30)','520d M 스포츠 플러스','준대형 세단','실외: Black metallic, 실내:Leather Mocha','2017','2017년 05월','80,526','디젤','오토 A/T',10000,3699),
(798,'777코1591','백범','BMW','5시리즈 (G30)','520d M 스포츠 플러스','준대형 세단','실외: Black metallic, 실내:Leather Mocha','2017','2017년 09월','95,197','디젤','오토 A/T',10000,3699),
(799,'777코1709','안민','BMW','5시리즈 (G30)','520d xDrive M 스포츠 플러스','준대형 세단','실외: Black metallic, 실내:Leather Mocha','2017','2017년 10월','102,087','디젤','오토 A/T',10000,3699),
(800,'777코1710','이단아','BMW','5시리즈 (G30)','520d xDrive M 스포츠 플러스','준대형 세단','실외: Black metallic, 실내:Leather Mocha','2018','2018년 05월','65,200','디젤','오토 A/T',10000,3699),
(801,'777코1460','이하랑','BMW','5시리즈 (G30)','520d 럭셔리 플러스','준대형 세단','실외: Black metallic, 실내:Leather Mocha','2018','2018년 06월','73,010','디젤','오토 A/T',10000,3690),
(802,'777코1478','황규빈','BMW','5시리즈 (G30)','520d M 스포츠','준대형 세단','실외: Black metallic, 실내:Leather Mocha','2017','2017년 04월','50,038','디젤','오토 A/T',10000,3690),
(803,'777코1514','손민겸','BMW','5시리즈 (G30)','520d M 스포츠 플러스','준대형 세단','실외: Black metallic, 실내:Leather Mocha','2018','2017년 12월','76,296','디젤','오토 A/T',10000,3690),
(804,'777코1592','허동우','BMW','5시리즈 (G30)','520d M 스포츠 플러스','준대형 세단','실외: Black metallic, 실내:Leather Mocha','2017','2017년 09월','116,313','디젤','오토 A/T',10000,3690),
(805,'777코1662','송로원','BMW','5시리즈 (G30)','520d xDrive M 스포츠 플러스','준대형 세단','실외: Black metallic, 실내:Leather Mocha','2018','2017년 10월','97,302','디젤','오토 A/T',10000,3690),
(806,'777코1944','안윤후','BMW','5시리즈 (G30)','530i M 스포츠','준대형 세단','실외: Black metallic, 실내:Leather Mocha','2017','2017년 04월','99,000','가솔린','오토 A/T',10000,3690),
(807,'777코1479','박지온','BMW','5시리즈 (G30)','520d M 스포츠','준대형 세단','실외: Black metallic, 실내:Leather Mocha','2017','2017년 02월','92,395','디젤','오토 A/T',10000,3680),
(808,'777코1593','자강','BMW','5시리즈 (G30)','520d M 스포츠 플러스','준대형 세단','실외: Black metallic, 실내:Leather Mocha','2017','2017년 05월','75,046','디젤','오토 A/T',10000,3680),
(809,'777코1594','송노아','BMW','5시리즈 (G30)','520d M 스포츠 플러스','준대형 세단','실외: Black metallic, 실내:Leather Mocha','2017','2017년 04월','91,856','디젤','오토 A/T',10000,3670),
(810,'777코1711','류리환','BMW','5시리즈 (G30)','520d xDrive M 스포츠 플러스','준대형 세단','실외: Black metallic, 실내:Leather Mocha','2017','2017년 10월','99,155','디젤','오토 A/T',10000,3670),
(811,'777코1595','허혜성','BMW','5시리즈 (G30)','520d M 스포츠 플러스','준대형 세단','실외: Black metallic, 실내:Leather Mocha','2017','2017년 08월','76,560','디젤','오토 A/T',10000,3660),
(812,'777코1502','배수오','BMW','5시리즈 (G30)','520d M 스포츠 스페셜 에디션','준대형 세단','실외: Black metallic, 실내:Leather Mocha','2018','2017년 12월','53,604','디젤','오토 A/T',10000,3659),
(813,'777코1415','박예진','BMW','5시리즈 (G30)','520d 럭셔리 스페셜 에디션','준대형 세단','실외: Black metallic, 실내:Leather Mocha','2018','2018년 06월','94,054','디젤','오토 A/T',10000,3650),
(814,'777코1480','을우성','BMW','5시리즈 (G30)','520d M 스포츠','준대형 세단','실외: Black metallic, 실내:Leather Mocha','2017','2017년 06월','71,100','디젤','오토 A/T',10000,3650),
(815,'777코1481','전시언','BMW','5시리즈 (G30)','520d M 스포츠','준대형 세단','실외: Black metallic, 실내:Leather Mocha','2017','2017년 10월','87,517','디젤','오토 A/T',10000,3650),
(816,'777코1596','문소이','BMW','5시리즈 (G30)','520d M 스포츠 플러스','준대형 세단','실외: Black metallic, 실내:Leather Mocha','2018','2018년 04월','107,980','디젤','오토 A/T',10000,3650),
(817,'777코1647','서리온','BMW','5시리즈 (G30)','520d xDrive M 스포츠','준대형 세단','실외: Black metallic, 실내:Leather Mocha','2017','2017년 05월','91,615','디젤','오토 A/T',10000,3650),
(818,'777코1712','미훈','BMW','5시리즈 (G30)','520d xDrive M 스포츠 플러스','준대형 세단','실외: Black metallic, 실내:Leather Mocha','2017','2017년 09월','90,550','디젤','오토 A/T',10000,3650),
(819,'777코1416','양채원','BMW','5시리즈 (G30)','520d 럭셔리 스페셜 에디션','준대형 세단','실외: Black metallic, 실내:Leather Mocha','2018','2018년 04월','86,682','디젤','오토 A/T',10000,3640),
(820,'777코1782','최리안','BMW','5시리즈 (G30)','520i M 스포츠','준대형 세단','실외: Black metallic, 실내:Leather Mocha','2017','2017년 02월','77,592','가솔린','오토 A/T',10000,3640),
(821,'777코1768','배이정','BMW','5시리즈 (G30)','520i 럭셔리','준대형 세단','실외: Black metallic, 실내:Leather Mocha','2020','2020년 03월','19,190','가솔린','오토 A/T',10000,3634),
(822,'777코1597','정재희','BMW','5시리즈 (G30)','520d M 스포츠 플러스','준대형 세단','실외: Black metallic, 실내:Leather Mocha','2017','2017년 05월','79,064','디젤','오토 A/T',10000,3630),
(823,'777코1713','권민건','BMW','5시리즈 (G30)','520d xDrive M 스포츠 플러스','준대형 세단','실외: Black metallic, 실내:Leather Mocha','2017','2017년 05월','101,970','디젤','오토 A/T',10000,3630),
(824,'777코1714','손지안','BMW','5시리즈 (G30)','520d xDrive M 스포츠 플러스','준대형 세단','실외: Black metallic, 실내:Leather Mocha','2018','2018년 03월','99,988','디젤','오토 A/T',10000,3620),
(825,'777코1461','이연아','BMW','5시리즈 (G30)','520d 럭셔리 플러스','준대형 세단','실외: Black metallic, 실내:Leather Mocha','2018','2018년 07월','61,918','디젤','오토 A/T',10000,3600),
(826,'777코1715','강세훈','BMW','5시리즈 (G30)','520d xDrive M 스포츠 플러스','준대형 세단','실외: Black metallic, 실내:Leather Mocha','2017','2017년 07월','97,500','디젤','오토 A/T',10000,3600),
(827,'777코1945','강도연','BMW','5시리즈 (G30)','530i M 스포츠','준대형 세단','실외: Black metallic, 실내:Leather Mocha','2017','2017년 06월','65,381','가솔린','오토 A/T',10000,3600),
(828,'777코1993','고지완','BMW','5시리즈 (G30)','530i M 스포츠 플러스','준대형 세단','실외: Black metallic, 실내:Leather Mocha','2017','2017년 03월','121,010','가솔린','오토 A/T',10000,3600),
(829,'777코1994','조이재','BMW','5시리즈 (G30)','530i M 스포츠 플러스','준대형 세단','실외: Black metallic, 실내:Leather Mocha','2017','2017년 06월','111,840','가솔린','오토 A/T',10000,3600),
(830,'777코1398','조우솔','BMW','5시리즈 (G30)','520d 럭셔리 스페셜 에디션','준대형 세단','실외: Black metallic, 실내:Leather Mocha','2018','2017년 12월','69,783','디젤','오토 A/T',10000,3590),
(831,'777코1399','백윤오','BMW','5시리즈 (G30)','520d 럭셔리 스페셜 에디션','준대형 세단','실외: Black metallic, 실내:Leather Mocha','2018','2017년 12월','62,043','디젤','오토 A/T',10000,3590),
(832,'777코1462','최서진','BMW','5시리즈 (G30)','520d 럭셔리 플러스','준대형 세단','실외: Black metallic, 실내:Leather Mocha','2018','2018년 06월','71,580','디젤','오토 A/T',10000,3590),
(833,'777코1482','류규민','BMW','5시리즈 (G30)','520d M 스포츠','준대형 세단','실외: Black metallic, 실내:Leather Mocha','2017','2017년 04월','70,281','디젤','오토 A/T',10000,3590),
(834,'777코1503','손동연','BMW','5시리즈 (G30)','520d M 스포츠 스페셜 에디션','준대형 세단','실외: Black metallic, 실내:Leather Mocha','2018','2017년 11월','84,114','디젤','오토 A/T',10000,3590),
(835,'777코1598','홍다니엘','BMW','5시리즈 (G30)','520d M 스포츠 플러스','준대형 세단','실외: Black metallic, 실내:Leather Mocha','2017','2017년 10월','55,507','디젤','오토 A/T',10000,3590),
(836,'777코1663','허준환','BMW','5시리즈 (G30)','520d xDrive M 스포츠 플러스','준대형 세단','실외: Black metallic, 실내:Leather Mocha','2018','2017년 12월','116,451','디젤','오토 A/T',10000,3580),
(837,'777코1515','배준원','BMW','5시리즈 (G30)','520d M 스포츠 플러스','준대형 세단','실외: Black metallic, 실내:Leather Mocha','2018','2017년 11월','49,600','디젤','오토 A/T',10000,3559),
(838,'777코1483','조찬희','BMW','5시리즈 (G30)','520d M 스포츠','준대형 세단','실외: Black metallic, 실내:Leather Mocha','2017','2017년 07월','77,610','디젤','오토 A/T',10000,3550),
(839,'777코1504','술안','BMW','5시리즈 (G30)','520d M 스포츠 스페셜 에디션','준대형 세단','실외: Black metallic, 실내:Leather Mocha','2018','2017년 12월','89,032','디젤','오토 A/T',10000,3550),
(840,'777코1516','조지수','BMW','5시리즈 (G30)','520d M 스포츠 플러스','준대형 세단','실외: Black metallic, 실내:Leather Mocha','2018','2017년 11월','102,395','디젤','오토 A/T',10000,3549),
(841,'777코1400','백노엘','BMW','5시리즈 (G30)','520d 럭셔리 스페셜 에디션','준대형 세단','실외: Black metallic, 실내:Leather Mocha','2018','2017년 11월','60,906','디젤','오토 A/T',10000,3530),
(842,'777코1599','오도헌','BMW','5시리즈 (G30)','520d M 스포츠 플러스','준대형 세단','실외: Black metallic, 실내:Leather Mocha','2017','2017년 08월','91,393','디젤','오토 A/T',10000,3520),
(843,'777코1401','김규현','BMW','5시리즈 (G30)','520d 럭셔리 스페셜 에디션','준대형 세단','실외: Black metallic, 실내:Leather Mocha','2018','2017년 12월','58,881','디젤','오토 A/T',10000,3500),
(844,'777코1417','정수빈','BMW','5시리즈 (G30)','520d 럭셔리 스페셜 에디션','준대형 세단','실외: Black metallic, 실내:Leather Mocha','2018','2018년 06월','92,995','디젤','오토 A/T',10000,3500),
(845,'777코1418','손소율','BMW','5시리즈 (G30)','520d 럭셔리 스페셜 에디션','준대형 세단','실외: Black metallic, 실내:Leather Mocha','2018','2018년 04월','80,263','디젤','오토 A/T',10000,3500),
(846,'777코1484','문로하','BMW','5시리즈 (G30)','520d M 스포츠','준대형 세단','실외: Black metallic, 실내:Leather Mocha','2017','2017년 03월','62,540','디젤','오토 A/T',10000,3499),
(847,'777코1600','전선율','BMW','5시리즈 (G30)','520d M 스포츠 플러스','준대형 세단','실외: Black metallic, 실내:Leather Mocha','2017','2017년 04월','91,516','디젤','오토 A/T',10000,3499),
(848,'777코1769','강서이','BMW','5시리즈 (G30)','520i 럭셔리','준대형 세단','실외: Black metallic, 실내:Leather Mocha','2018','2018년 12월','19,800','가솔린','오토 A/T',10000,3499),
(849,'777코1505','허성우','BMW','5시리즈 (G30)','520d M 스포츠 스페셜 에디션','준대형 세단','실외: Black metallic, 실내:Leather Mocha','2018','2017년 11월','96,653','디젤','오토 A/T',10000,3490),
(850,'777코1601','황태호','BMW','5시리즈 (G30)','520d M 스포츠 플러스','준대형 세단','실외: Black metallic, 실내:Leather Mocha','2017','2017년 05월','121,532','디젤','오토 A/T',10000,3490),
(851,'777코1602','배아인','BMW','5시리즈 (G30)','520d M 스포츠 플러스','준대형 세단','실외: Black metallic, 실내:Leather Mocha','2018','2018년 04월','118,745','디젤','오토 A/T',10000,3490),
(852,'777코1716','윤태건','BMW','5시리즈 (G30)','520d xDrive M 스포츠 플러스','준대형 세단','실외: Black metallic, 실내:Leather Mocha','2017','2017년 06월','115,307','디젤','오토 A/T',10000,3490),
(853,'777코1815','장시준','BMW','5시리즈 (G30)','530d M 스포츠','준대형 세단','실외: Black metallic, 실내:Leather Mocha','2017','2017년 06월','133,302','디젤','오토 A/T',10000,3490),
(854,'777코2017','최성연','BMW','5시리즈 (G30)','530i xDrive M 스포츠','준대형 세단','실외: Black metallic, 실내:Leather Mocha','2018','2018년 01월','105,235','가솔린','오토 A/T',10000,3490),
(855,'777코1603','안시헌','BMW','5시리즈 (G30)','520d M 스포츠 플러스','준대형 세단','실외: Black metallic, 실내:Leather Mocha','2017','2017년 05월','113,808','디젤','오토 A/T',10000,3480),
(856,'777코1946','김이환','BMW','5시리즈 (G30)','530i M 스포츠','준대형 세단','실외: Black metallic, 실내:Leather Mocha','2017','2017년 08월','83,200','가솔린','오토 A/T',10000,3480),
(857,'777코1485','경해성','BMW','5시리즈 (G30)','520d M 스포츠','준대형 세단','실외: Black metallic, 실내:Leather Mocha','2017','2017년 06월','79,117','디젤','오토 A/T',10000,3470),
(858,'777코1927','박리원','BMW','5시리즈 (G30)','530i 럭셔리 플러스','준대형 세단','실외: Black metallic, 실내:Leather Mocha','2018','2018년 07월','124,253','가솔린','오토 A/T',10000,3470),
(859,'777코1486','배하윤','BMW','5시리즈 (G30)','520d M 스포츠','준대형 세단','실외: Black metallic, 실내:Leather Mocha','2018','2018년 03월','85,528','디젤','오토 A/T',10000,3460),
(860,'777코1487','양찬','BMW','5시리즈 (G30)','520d M 스포츠','준대형 세단','실외: Black metallic, 실내:Leather Mocha','2017','2017년 03월','100,425','디젤','오토 A/T',10000,3450),
(861,'777코2086','이현승','BMW','5시리즈 (G30)','530i xDrive M 스포츠 플러스','준대형 세단','실외: Black metallic, 실내:Leather Mocha','2017','2017년 08월','140,634','가솔린','오토 A/T',10000,3450),
(862,'777코2087','한동현','BMW','5시리즈 (G30)','530i xDrive M 스포츠 플러스','준대형 세단','실외: Black metallic, 실내:Leather Mocha','2017','2017년 06월','121,206','가솔린','오토 A/T',10000,3450),
(863,'777코1604','송승재','BMW','5시리즈 (G30)','520d M 스포츠 플러스','준대형 세단','실외: Black metallic, 실내:Leather Mocha','2017','2017년 05월','113,374','디젤','오토 A/T',10000,3440),
(864,'777코1419','임의준','BMW','5시리즈 (G30)','520d 럭셔리 스페셜 에디션','준대형 세단','실외: Black metallic, 실내:Leather Mocha','2018','2018년 01월','109,273','디젤','오토 A/T',10000,3399),
(865,'777코1420','강나연','BMW','5시리즈 (G30)','520d 럭셔리 스페셜 에디션','준대형 세단','실외: Black metallic, 실내:Leather Mocha','2018','2018년 06월','91,289','디젤','오토 A/T',10000,3390),
(866,'777코1605','조소윤','BMW','5시리즈 (G30)','520d M 스포츠 플러스','준대형 세단','실외: Black metallic, 실내:Leather Mocha','2018','2018년 04월','57,123','디젤','오토 A/T',10000,3390),
(867,'777코1606','인상윤','BMW','5시리즈 (G30)','520d M 스포츠 플러스','준대형 세단','실외: Black metallic, 실내:Leather Mocha','2017','2017년 06월','74,520','디젤','오토 A/T',10000,3390),
(868,'777코1607','조지아','BMW','5시리즈 (G30)','520d M 스포츠 플러스','준대형 세단','실외: Black metallic, 실내:Leather Mocha','2018','2018년 03월','104,355','디젤','오토 A/T',10000,3390),
(869,'777코1648','신민우','BMW','5시리즈 (G30)','520d xDrive M 스포츠','준대형 세단','실외: Black metallic, 실내:Leather Mocha','2017','2017년 02월','112,839','디젤','오토 A/T',10000,3390),
(870,'777코1770','배가빈','BMW','5시리즈 (G30)','520i 럭셔리','준대형 세단','실외: Black metallic, 실내:Leather Mocha','2018','2018년 09월','37,427','가솔린','오토 A/T',10000,3390),
(871,'777코1421','박루아','BMW','5시리즈 (G30)','520d 럭셔리 스페셜 에디션','준대형 세단','실외: Black metallic, 실내:Leather Mocha','2018','2018년 05월','93,338','디젤','오토 A/T',10000,3370),
(872,'777코1717','박시하','BMW','5시리즈 (G30)','520d xDrive M 스포츠 플러스','준대형 세단','실외: Black metallic, 실내:Leather Mocha','2017','2017년 08월','124,096','디젤','오토 A/T',10000,3370),
(873,'777코1422','최사랑','BMW','5시리즈 (G30)','520d 럭셔리 스페셜 에디션','준대형 세단','실외: Black metallic, 실내:Leather Mocha','2018','2018년 05월','86,961','디젤','오토 A/T',10000,3350),
(874,'777코1488','고동훈','BMW','5시리즈 (G30)','520d M 스포츠','준대형 세단','실외: Black metallic, 실내:Leather Mocha','2017','2017년 10월','97,716','디젤','오토 A/T',10000,3350),
(875,'777코2471','황지우','BMW','7시리즈 (G11)','M760Li xDrive','대형 세단','실외: Black metallic, 실내:Leather Mocha','2020','2020년 08월','5,766','가솔린','오토 A/T',17300,17300),
(876,'777코2472','권지온','BMW','7시리즈 (G11)','M760Li xDrive','대형 세단','실외: Black metallic, 실내:Leather Mocha','2020','2020년 10월','3,920','가솔린','오토 A/T',17300,17000),
(877,'777코2325','이한울','BMW','7시리즈 (G11)','740Li xDrive M 스포츠','대형 세단','실외: Black metallic, 실내:Leather Mocha','2021','2021년 05월','502','가솔린','오토 A/T',17300,15517),
(878,'777코2473','조소유','BMW','7시리즈 (G11)','M760Li xDrive','대형 세단','실외: Black metallic, 실내:Leather Mocha','2018','2018년 12월','1,615','가솔린','오토 A/T',17300,13500),
(879,'777코2326','홍동우','BMW','7시리즈 (G11)','740Li xDrive M 스포츠','대형 세단','실외: Black metallic, 실내:Leather Mocha','2021','2021년 04월','3,914','가솔린','오토 A/T',17300,12790),
(880,'777코2211','송온','BMW','7시리즈 (G11)','730Ld xDrive M 스포츠','대형 세단','실외: Black metallic, 실내:Leather Mocha','2021','2021년 02월','4,131','디젤','오토 A/T',17300,12570),
(881,'777코2212','박다율','BMW','7시리즈 (G11)','730Ld xDrive M 스포츠','대형 세단','실외: Black metallic, 실내:Leather Mocha','2021','2021년 05월','2,400','디젤','오토 A/T',17300,12550),
(882,'777코2311','황리안','BMW','7시리즈 (G11)','740Li xDrive M 스포츠','대형 세단','실외: Black metallic, 실내:Leather Mocha','2021','2020년 10월','3,767','가솔린','오토 A/T',17300,12501),
(883,'777코2312','안해온','BMW','7시리즈 (G11)','740Li xDrive M 스포츠','대형 세단','실외: Black metallic, 실내:Leather Mocha','2021','2020년 11월','7,112','가솔린','오토 A/T',17300,12500),
(884,'777코2313','전성윤','BMW','7시리즈 (G11)','740Li xDrive M 스포츠','대형 세단','실외: Black metallic, 실내:Leather Mocha','2021','2020년 12월','10,556','가솔린','오토 A/T',17300,12500),
(885,'777코2371','송강현','BMW','7시리즈 (G11)','745Le i퍼포먼스 M 스포츠','대형 세단','실외: Black metallic, 실내:Leather Mocha','2021','2020년 11월','3,057','가솔린+전기','오토 A/T',17300,12200),
(886,'777코2314','류정훈','BMW','7시리즈 (G11)','740Li xDrive M 스포츠','대형 세단','실외: Black metallic, 실내:Leather Mocha','2021','2020년 11월','9,367','가솔린','오토 A/T',17300,12000),
(887,'777코2369','강사라','BMW','7시리즈 (G11)','745Le i퍼포먼스 디자인 퓨어 엑셀런스','대형 세단','실외: Black metallic, 실내:Leather Mocha','2020','2020년 01월','20,360','가솔린+전기','오토 A/T',17300,11990),
(888,'777코2327','황현수','BMW','7시리즈 (G11)','740Li xDrive M 스포츠','대형 세단','실외: Black metallic, 실내:Leather Mocha','2021','2021년 03월','11,984','가솔린','오토 A/T',17300,11900),
(889,'777코2315','손빛나','BMW','7시리즈 (G11)','740Li xDrive M 스포츠','대형 세단','실외: Black metallic, 실내:Leather Mocha','2020','2019년 12월','18,457','가솔린','오토 A/T',17300,11880),
(890,'777코2372','전민서','BMW','7시리즈 (G11)','745Le i퍼포먼스 M 스포츠','대형 세단','실외: Black metallic, 실내:Leather Mocha','2021','2020년 11월','8,517','가솔린+전기','오토 A/T',17300,11800),
(891,'777코2373','안민우','BMW','7시리즈 (G11)','745Le i퍼포먼스 M 스포츠','대형 세단','실외: Black metallic, 실내:Leather Mocha','2021','2020년 10월','9,830','가솔린+전기','오토 A/T',17300,11800),
(892,'777코2328','조지후','BMW','7시리즈 (G11)','740Li xDrive M 스포츠','대형 세단','실외: Black metallic, 실내:Leather Mocha','2020','2020년 01월','33,000','가솔린','오토 A/T',17300,11730),
(893,'777코2193','황나희','BMW','7시리즈 (G11)','730Ld xDrive 디자인 퓨어 엑셀런스','대형 세단','실외: Black metallic, 실내:Leather Mocha','2020','2020년 02월','11,404','디젤','오토 A/T',17300,11700),
(894,'777코2368','홍승빈','BMW','7시리즈 (G11)','745Le i퍼포먼스 디자인 퓨어 엑셀런스','대형 세단','실외: Black metallic, 실내:Leather Mocha','2021','2020년 11월','6,210','가솔린+전기','오토 A/T',17300,11700),
(895,'777코2316','배로운','BMW','7시리즈 (G11)','740Li xDrive M 스포츠','대형 세단','실외: Black metallic, 실내:Leather Mocha','2020','2019년 12월','22,700','가솔린','오토 A/T',17300,11650),
(896,'777코2317','배정윤','BMW','7시리즈 (G11)','740Li xDrive M 스포츠','대형 세단','실외: Black metallic, 실내:Leather Mocha','2020','2019년 08월','24,500','가솔린','오토 A/T',17300,11580),
(897,'777코2318','조예봄','BMW','7시리즈 (G11)','740Li xDrive M 스포츠','대형 세단','실외: Black metallic, 실내:Leather Mocha','2020','2019년 07월','29,474','가솔린','오토 A/T',17300,11550),
(898,'777코2308','황진','BMW','7시리즈 (G11)','740Li xDrive 디자인 퓨어 엑셀런스','대형 세단','실외: Black metallic, 실내:Leather Mocha','2020','2020년 04월','27,804','가솔린','오토 A/T',17300,11511),
(899,'777코2300','홍진서','BMW','7시리즈 (G11)','740Li xDrive 디자인 퓨어 엑셀런스','대형 세단','실외: Black metallic, 실내:Leather Mocha','2021','2020년 12월','5,130','가솔린','오토 A/T',17300,11500),
(900,'777코2301','고윤서','BMW','7시리즈 (G11)','740Li xDrive 디자인 퓨어 엑셀런스','대형 세단','실외: Black metallic, 실내:Leather Mocha','2021','2020년 11월','9,819','가솔린','오토 A/T',17300,11500),
(901,'777코2302','송하성','BMW','7시리즈 (G11)','740Li xDrive 디자인 퓨어 엑셀런스','대형 세단','실외: Black metallic, 실내:Leather Mocha','2021','2020년 10월','4,260','가솔린','오토 A/T',17300,11500),
(902,'777코2483','홍하늬','BMW','7시리즈 (G11)','M760Li xDrive V12 엑셀런스','대형 세단','실외: Black metallic, 실내:Leather Mocha','2019','2019년 06월','57,253','가솔린','오토 A/T',17300,11400),
(903,'777코2303','고원준','BMW','7시리즈 (G11)','740Li xDrive 디자인 퓨어 엑셀런스','대형 세단','실외: Black metallic, 실내:Leather Mocha','2021','2020년 12월','10,821','가솔린','오토 A/T',17300,11300),
(904,'777코2374','류하루','BMW','7시리즈 (G11)','745Le i퍼포먼스 M 스포츠','대형 세단','실외: Black metallic, 실내:Leather Mocha','2021','2020년 10월','12,320','가솔린+전기','오토 A/T',17300,11300),
(905,'777코2375','전태이','BMW','7시리즈 (G11)','745Le i퍼포먼스 M 스포츠','대형 세단','실외: Black metallic, 실내:Leather Mocha','2021','2020년 10월','12,315','가솔린+전기','오토 A/T',17300,11300),
(906,'777코2284','조고운','BMW','7시리즈 (G11)','740Ld xDrive 디자인 퓨어 엑셀런스','대형 세단','실외: Black metallic, 실내:Leather Mocha','2020','2019년 12월','30,229','디젤','오토 A/T',17300,11250),
(907,'777코2304','서해든','BMW','7시리즈 (G11)','740Li xDrive 디자인 퓨어 엑셀런스','대형 세단','실외: Black metallic, 실내:Leather Mocha','2021','2020년 11월','8,214','가솔린','오토 A/T',17300,11200),
(908,'777코2309','안현우','BMW','7시리즈 (G11)','740Li xDrive 디자인 퓨어 엑셀런스','대형 세단','실외: Black metallic, 실내:Leather Mocha','2020','2020년 08월','3,550','가솔린','오토 A/T',17300,11100),
(909,'777코2213','송다온','BMW','7시리즈 (G11)','730Ld xDrive M 스포츠','대형 세단','실외: Black metallic, 실내:Leather Mocha','2020','2020년 08월','10,667','디젤','오토 A/T',17300,11000),
(910,'777코2251','안세온','BMW','7시리즈 (G11)','740d xDrive M 스포츠','대형 세단','실외: Black metallic, 실내:Leather Mocha','2020','2020년 04월','23,353','디젤','오토 A/T',17300,11000),
(911,'777코2310','안도현','BMW','7시리즈 (G11)','740Li xDrive 디자인 퓨어 엑셀런스','대형 세단','실외: Black metallic, 실내:Leather Mocha','2020','2020년 07월','10,000','가솔린','오토 A/T',17300,11000),
(912,'777코2329','안정연','BMW','7시리즈 (G11)','740Li xDrive M 스포츠','대형 세단','실외: Black metallic, 실내:Leather Mocha','2020','2020년 02월','30,100','가솔린','오토 A/T',17300,11000),
(913,'777코2370','무은준','BMW','7시리즈 (G11)','745Le i퍼포먼스 디자인 퓨어 엑셀런스','대형 세단','실외: Black metallic, 실내:Leather Mocha','2020','2020년 11월','6,735','가솔린+전기','오토 A/T',17300,11000),
(914,'777코2199','서초아','BMW','7시리즈 (G11)','730Ld xDrive M 스포츠','대형 세단','실외: Black metallic, 실내:Leather Mocha','2020','2019년 09월','32,681','디젤','오토 A/T',17300,10999),
(915,'777코2305','백수인','BMW','7시리즈 (G11)','740Li xDrive 디자인 퓨어 엑셀런스','대형 세단','실외: Black metallic, 실내:Leather Mocha','2020','2019년 12월','28,022','가솔린','오토 A/T',17300,10990),
(916,'777코2200','조이든','BMW','7시리즈 (G11)','730Ld xDrive M 스포츠','대형 세단','실외: Black metallic, 실내:Leather Mocha','2020','2019년 08월','31,915','디젤','오토 A/T',17300,10940),
(917,'777코2201','허새별','BMW','7시리즈 (G11)','730Ld xDrive M 스포츠','대형 세단','실외: Black metallic, 실내:Leather Mocha','2020','2019년 11월','25,865','디젤','오토 A/T',17300,10900),
(918,'777코2376','인지희','BMW','7시리즈 (G11)','745Le i퍼포먼스 M 스포츠','대형 세단','실외: Black metallic, 실내:Leather Mocha','2020','2020년 05월','17,200','가솔린+전기','오토 A/T',17300,10900),
(919,'777코2252','송여원','BMW','7시리즈 (G11)','740d xDrive M 스포츠','대형 세단','실외: Black metallic, 실내:Leather Mocha','2020','2020년 04월','22,750','디젤','오토 A/T',17300,10800),
(920,'777코2306','윤주연','BMW','7시리즈 (G11)','740Li xDrive 디자인 퓨어 엑셀런스','대형 세단','실외: Black metallic, 실내:Leather Mocha','2020','2019년 07월','15,912','가솔린','오토 A/T',17300,10800),
(921,'777코2360','홍해준','BMW','7시리즈 (G11)','745e i퍼포먼스 디자인 퓨어 엑셀런스','대형 세단','실외: Black metallic, 실내:Leather Mocha','2021','2020년 10월','9,175','가솔린+전기','오토 A/T',17300,10800),
(922,'777코2361','권제이','BMW','7시리즈 (G11)','745e i퍼포먼스 디자인 퓨어 엑셀런스','대형 세단','실외: Black metallic, 실내:Leather Mocha','2021','2020년 11월','5,198','가솔린+전기','오토 A/T',17300,10800),
(923,'777코2362','황주영','BMW','7시리즈 (G11)','745e i퍼포먼스 디자인 퓨어 엑셀런스','대형 세단','실외: Black metallic, 실내:Leather Mocha','2021','2020년 11월','5,200','가솔린+전기','오토 A/T',17300,10800),
(924,'777코2363','고준희','BMW','7시리즈 (G11)','745e i퍼포먼스 디자인 퓨어 엑셀런스','대형 세단','실외: Black metallic, 실내:Leather Mocha','2021','2020년 10월','7,040','가솔린+전기','오토 A/T',17300,10800),
(925,'777코2366','권시하','BMW','7시리즈 (G11)','745e i퍼포먼스 디자인 퓨어 엑셀런스','대형 세단','실외: Black metallic, 실내:Leather Mocha','2021','2021년 01월','10,549','가솔린+전기','오토 A/T',17300,10800),
(926,'777코2367','서시환','BMW','7시리즈 (G11)','745e i퍼포먼스 M 스포츠','대형 세단','실외: Black metallic, 실내:Leather Mocha','2020','2020년 10월','8,213','가솔린+전기','오토 A/T',17300,10800),
(927,'777코2245','서예랑','BMW','7시리즈 (G11)','740d xDrive 디자인 퓨어 엑셀런스','대형 세단','실외: Black metallic, 실내:Leather Mocha','2020','2020년 05월','17,071','디젤','오토 A/T',17300,10649),
(928,'777코2139','안우성','BMW','7시리즈 (G11)','730d xDrive M 스포츠','대형 세단','실외: Black metallic, 실내:Leather Mocha','2021','2020년 11월','11,980','디젤','오토 A/T',17300,10600),
(929,'777코2158','장진아','BMW','7시리즈 (G11)','730Ld xDrive','대형 세단','실외: Black metallic, 실내:Leather Mocha','2020','2019년 07월','27,792','디젤','오토 A/T',17300,10500),
(930,'777코2277','정유현','BMW','7시리즈 (G11)','740i M 스포츠','대형 세단','실외: Black metallic, 실내:Leather Mocha','2021','2020년 10월','9,210','가솔린','오토 A/T',17300,10500),
(931,'777코2194','최율하','BMW','7시리즈 (G11)','730Ld xDrive 디자인 퓨어 엑셀런스','대형 세단','실외: Black metallic, 실내:Leather Mocha','2020','2020년 06월','8,250','디젤','오토 A/T',17300,10300),
(932,'777코2195','류린아','BMW','7시리즈 (G11)','730Ld xDrive 디자인 퓨어 엑셀런스','대형 세단','실외: Black metallic, 실내:Leather Mocha','2020','2020년 04월','18,303','디젤','오토 A/T',17300,10300),
(933,'777코2275','권도진','BMW','7시리즈 (G11)','740i 디자인 퓨어 엑셀런스','대형 세단','실외: Black metallic, 실내:Leather Mocha','2021','2020년 10월','10,546','가솔린','오토 A/T',17300,10300),
(934,'777코2307','무윤설','BMW','7시리즈 (G11)','740Li xDrive 디자인 퓨어 엑셀런스','대형 세단','실외: Black metallic, 실내:Leather Mocha','2020','2019년 07월','41,034','가솔린','오토 A/T',17300,10300),
(935,'777코2364','서이건','BMW','7시리즈 (G11)','745e i퍼포먼스 디자인 퓨어 엑셀런스','대형 세단','실외: Black metallic, 실내:Leather Mocha','2021','2020년 12월','10,110','가솔린+전기','오토 A/T',17300,10300),
(936,'777코2196','송온','BMW','7시리즈 (G11)','730Ld xDrive 디자인 퓨어 엑셀런스','대형 세단','실외: Black metallic, 실내:Leather Mocha','2020','2020년 02월','36,280','디젤','오토 A/T',17300,10200),
(937,'777코2474','조다빈','BMW','7시리즈 (G11)','M760Li xDrive','대형 세단','실외: Black metallic, 실내:Leather Mocha','2018','2018년 09월','51,900','가솔린','오토 A/T',17300,10190),
(938,'777코2475','백로하','BMW','7시리즈 (G11)','M760Li xDrive','대형 세단','실외: Black metallic, 실내:Leather Mocha','2018','2018년 09월','51,863','가솔린','오토 A/T',17300,10190),
(939,'777코2145','고훈','BMW','7시리즈 (G11)','730d xDrive M 스포츠','대형 세단','실외: Black metallic, 실내:Leather Mocha','2021','2021년 04월','340','디젤','오토 A/T',17300,10096),
(940,'777코2246','조연주','BMW','7시리즈 (G11)','740d xDrive 디자인 퓨어 엑셀런스','대형 세단','실외: Black metallic, 실내:Leather Mocha','2020','2020년 03월','26,411','디젤','오토 A/T',17300,10068),
(941,'777코2132','송도연','BMW','7시리즈 (G11)','730d xDrive 디자인 퓨어 엑셀런스','대형 세단','실외: Black metallic, 실내:Leather Mocha','2021','2020년 11월','3,912','디젤','오토 A/T',17300,10000),
(942,'777코2202','김유성','BMW','7시리즈 (G11)','730Ld xDrive M 스포츠','대형 세단','실외: Black metallic, 실내:Leather Mocha','2018','2017년 09월','45,857','디젤','오토 A/T',17300,9999),
(943,'777코2191','박선율','BMW','7시리즈 (G11)','730Ld xDrive 디자인 퓨어 엑셀런스','대형 세단','실외: Black metallic, 실내:Leather Mocha','2020','2019년 10월','27,046','디젤','오토 A/T',17300,9950),
(944,'777코2276','계리은','BMW','7시리즈 (G11)','740i 디자인 퓨어 엑셀런스','대형 세단','실외: Black metallic, 실내:Leather Mocha','2020','2020년 05월','6,420','가솔린','오토 A/T',17300,9670),
(945,'777코2192','백담희','BMW','7시리즈 (G11)','730Ld xDrive 디자인 퓨어 엑셀런스','대형 세단','실외: Black metallic, 실내:Leather Mocha','2020','2019년 08월','23,200','디젤','오토 A/T',17300,9650),
(946,'777코2476','윤성윤','BMW','7시리즈 (G11)','M760Li xDrive','대형 세단','실외: Black metallic, 실내:Leather Mocha','2017','2017년 07월','45,046','가솔린','오토 A/T',17300,9650),
(947,'777코2140','최단','BMW','7시리즈 (G11)','730d xDrive M 스포츠','대형 세단','실외: Black metallic, 실내:Leather Mocha','2020','2019년 10월','25,141','디젤','오토 A/T',17300,9600),
(948,'777코2365','허가을','BMW','7시리즈 (G11)','745e i퍼포먼스 디자인 퓨어 엑셀런스','대형 세단','실외: Black metallic, 실내:Leather Mocha','2020','2019년 08월','10,503','가솔린+전기','오토 A/T',17300,9599),
(949,'777코2133','허재은','BMW','7시리즈 (G11)','730d xDrive 디자인 퓨어 엑셀런스','대형 세단','실외: Black metallic, 실내:Leather Mocha','2020','2019년 12월','33,742','디젤','오토 A/T',17300,9500),
(950,'777코2134','을지오','BMW','7시리즈 (G11)','730d xDrive 디자인 퓨어 엑셀런스','대형 세단','실외: Black metallic, 실내:Leather Mocha','2020','2019년 10월','24,544','디젤','오토 A/T',17300,9290),
(951,'777코2167','윤가영','BMW','7시리즈 (G11)','730Ld xDrive','대형 세단','실외: Black metallic, 실내:Leather Mocha','2020','2020년 01월','13,880','디젤','오토 A/T',17300,9250),
(952,'777코2330','병다현','BMW','7시리즈 (G11)','740Li xDrive M 스포츠','대형 세단','실외: Black metallic, 실내:Leather Mocha','2018','2018년 05월','2,700','가솔린','오토 A/T',17300,8999),
(953,'777코2168','백아민','BMW','7시리즈 (G11)','730Ld xDrive','대형 세단','실외: Black metallic, 실내:Leather Mocha','2020','2020년 03월','32,804','디젤','오토 A/T',17300,8992),
(954,'777코2214','고제인','BMW','7시리즈 (G11)','730Ld xDrive M 스포츠','대형 세단','실외: Black metallic, 실내:Leather Mocha','2019','2019년 06월','43,520','디젤','오토 A/T',17300,8900),
(955,'777코2477','장진서','BMW','7시리즈 (G11)','M760Li xDrive','대형 세단','실외: Black metallic, 실내:Leather Mocha','2017','2017년 07월','51,887','가솔린','오토 A/T',17300,8850),
(956,'777코2478','신원준','BMW','7시리즈 (G11)','M760Li xDrive','대형 세단','실외: Black metallic, 실내:Leather Mocha','2017','2017년 07월','63,954','가솔린','오토 A/T',17300,8850),
(957,'777코2146','신태희','BMW','7시리즈 (G11)','730d xDrive M 스포츠','대형 세단','실외: Black metallic, 실내:Leather Mocha','2019','2019년 03월','28,200','디젤','오토 A/T',17300,8700),
(958,'777코2380','조하영','BMW','7시리즈 (G11)','750Li xDrive','대형 세단','실외: Black metallic, 실내:Leather Mocha','2018','2018년 06월','21,061','가솔린','오토 A/T',17300,8700),
(959,'777코2215','최이엘','BMW','7시리즈 (G11)','730Ld xDrive M 스포츠','대형 세단','실외: Black metallic, 실내:Leather Mocha','2019','2019년 05월','41,900','디젤','오토 A/T',17300,8651),
(960,'777코2381','윤소연','BMW','7시리즈 (G11)','750Li xDrive','대형 세단','실외: Black metallic, 실내:Leather Mocha','2018','2018년 12월','34,392','가솔린','오토 A/T',17300,8500),
(961,'777코2331','백예서','BMW','7시리즈 (G11)','740Li xDrive M 스포츠','대형 세단','실외: Black metallic, 실내:Leather Mocha','2018','2018년 04월','23,245','가솔린','오토 A/T',17300,8490),
(962,'777코2216','윤하온','BMW','7시리즈 (G11)','730Ld xDrive M 스포츠','대형 세단','실외: Black metallic, 실내:Leather Mocha','2018','2018년 06월','19,510','디젤','오토 A/T',17300,8450),
(963,'777코2217','문라은','BMW','7시리즈 (G11)','730Ld xDrive M 스포츠','대형 세단','실외: Black metallic, 실내:Leather Mocha','2019','2019년 06월','51,145','디젤','오토 A/T',17300,8407),
(964,'777코2218','김바다','BMW','7시리즈 (G11)','730Ld xDrive M 스포츠','대형 세단','실외: Black metallic, 실내:Leather Mocha','2018','2018년 02월','39,570','디젤','오토 A/T',17300,8400),
(965,'777코2219','이서로','BMW','7시리즈 (G11)','730Ld xDrive M 스포츠','대형 세단','실외: Black metallic, 실내:Leather Mocha','2018','2018년 02월','39,561','디젤','오토 A/T',17300,8400),
(966,'777코2332','백아윤','BMW','7시리즈 (G11)','740Li xDrive M 스포츠','대형 세단','실외: Black metallic, 실내:Leather Mocha','2018','2018년 03월','30,529','가솔린','오토 A/T',17300,8390),
(967,'777코2479','문태훈','BMW','7시리즈 (G11)','M760Li xDrive','대형 세단','실외: Black metallic, 실내:Leather Mocha','2017','2017년 10월','83,730','가솔린','오토 A/T',17300,8390),
(968,'777코2480','손은성','BMW','7시리즈 (G11)','M760Li xDrive','대형 세단','실외: Black metallic, 실내:Leather Mocha','2017','2017년 03월','68,231','가솔린','오토 A/T',17300,8390),
(969,'777코2333','장솔','BMW','7시리즈 (G11)','740Li xDrive M 스포츠','대형 세단','실외: Black metallic, 실내:Leather Mocha','2018','2018년 06월','43,480','가솔린','오토 A/T',17300,8350),
(970,'777코2334','최별','BMW','7시리즈 (G11)','740Li xDrive M 스포츠','대형 세단','실외: Black metallic, 실내:Leather Mocha','2018','2018년 07월','41,488','가솔린','오토 A/T',17300,8350),
(971,'777코2335','장유민','BMW','7시리즈 (G11)','740Li xDrive M 스포츠','대형 세단','실외: Black metallic, 실내:Leather Mocha','2018','2018년 12월','28,779','가솔린','오토 A/T',17300,8330),
(972,'777코2135','한다영','BMW','7시리즈 (G11)','730d xDrive 디자인 퓨어 엑셀런스','대형 세단','실외: Black metallic, 실내:Leather Mocha','2020','2019년 07월','85,231','디젤','오토 A/T',17300,8200),
(973,'777코2220','을윤지','BMW','7시리즈 (G11)','730Ld xDrive M 스포츠','대형 세단','실외: Black metallic, 실내:Leather Mocha','2018','2018년 12월','29,467','디젤','오토 A/T',17300,8200),
(974,'777코2319','이든','BMW','7시리즈 (G11)','740Li xDrive M 스포츠','대형 세단','실외: Black metallic, 실내:Leather Mocha','2018','2017년 12월','34,943','가솔린','오토 A/T',17300,8130),
(975,'777코2336','허아린','BMW','7시리즈 (G11)','740Li xDrive M 스포츠','대형 세단','실외: Black metallic, 실내:Leather Mocha','2018','2018년 03월','62,931','가솔린','오토 A/T',17300,8090),
(976,'777코2320','박수찬','BMW','7시리즈 (G11)','740Li xDrive M 스포츠','대형 세단','실외: Black metallic, 실내:Leather Mocha','2018','2017년 12월','43,437','가솔린','오토 A/T',17300,8000),
(977,'777코2382','양승찬','BMW','7시리즈 (G11)','750Li xDrive','대형 세단','실외: Black metallic, 실내:Leather Mocha','2017','2017년 10월','36,296','가솔린','오토 A/T',17300,7990),
(978,'777코2418','허서현','BMW','7시리즈 (G11)','750Li xDrive 프레스티지','대형 세단','실외: Black metallic, 실내:Leather Mocha','2018','2018년 04월','75,130','가솔린','오토 A/T',17300,7990),
(979,'777코2481','강이솔','BMW','7시리즈 (G11)','M760Li xDrive','대형 세단','실외: Black metallic, 실내:Leather Mocha','2018','2018년 05월','58,385','가솔린','오토 A/T',17300,7990),
(980,'777코2221','신세희','BMW','7시리즈 (G11)','730Ld xDrive M 스포츠','대형 세단','실외: Black metallic, 실내:Leather Mocha','2019','2019년 07월','55,990','디젤','오토 A/T',17300,7900),
(981,'777코2337','축시아','BMW','7시리즈 (G11)','740Li xDrive M 스포츠','대형 세단','실외: Black metallic, 실내:Leather Mocha','2018','2018년 03월','59,946','가솔린','오토 A/T',17300,7900),
(982,'777코2253','한태은','BMW','7시리즈 (G11)','740d xDrive M 스포츠','대형 세단','실외: Black metallic, 실내:Leather Mocha','2018','2018년 12월','17,380','디젤','오토 A/T',17300,7890),
(983,'777코2383','무나현','BMW','7시리즈 (G11)','750Li xDrive','대형 세단','실외: Black metallic, 실내:Leather Mocha','2018','2018년 07월','63,437','가솔린','오토 A/T',17300,7890),
(984,'777코2254','사유담','BMW','7시리즈 (G11)','740d xDrive M 스포츠','대형 세단','실외: Black metallic, 실내:Leather Mocha','2018','2018년 12월','39,900','디젤','오토 A/T',17300,7850),
(985,'777코2222','양라임','BMW','7시리즈 (G11)','730Ld xDrive M 스포츠','대형 세단','실외: Black metallic, 실내:Leather Mocha','2019','2019년 06월','50,701','디젤','오토 A/T',17300,7800),
(986,'777코2338','류하윤','BMW','7시리즈 (G11)','740Li xDrive M 스포츠','대형 세단','실외: Black metallic, 실내:Leather Mocha','2017','2017년 05월','33,477','가솔린','오토 A/T',17300,7800),
(987,'777코2384','양도준','BMW','7시리즈 (G11)','750Li xDrive','대형 세단','실외: Black metallic, 실내:Leather Mocha','2016','2016년 12월','43,051','가솔린','오토 A/T',17300,7800),
(988,'777코2385','서다율','BMW','7시리즈 (G11)','750Li xDrive','대형 세단','실외: Black metallic, 실내:Leather Mocha','2018','2018년 08월','67,984','가솔린','오토 A/T',17300,7780),
(989,'777코2223','인서하','BMW','7시리즈 (G11)','730Ld xDrive M 스포츠','대형 세단','실외: Black metallic, 실내:Leather Mocha','2018','2018년 04월','54,033','디젤','오토 A/T',17300,7700),
(990,'777코2255','서세연','BMW','7시리즈 (G11)','740d xDrive M 스포츠','대형 세단','실외: Black metallic, 실내:Leather Mocha','2018','2018년 12월','41,700','디젤','오토 A/T',17300,7700),
(991,'777코2386','계하온','BMW','7시리즈 (G11)','750Li xDrive','대형 세단','실외: Black metallic, 실내:Leather Mocha','2016','2016년 04월','38,100','가솔린','오토 A/T',17300,7699),
(992,'777코2339','이주현','BMW','7시리즈 (G11)','740Li xDrive M 스포츠','대형 세단','실외: Black metallic, 실내:Leather Mocha','2017','2017년 09월','33,556','가솔린','오토 A/T',17300,7650),
(993,'777코2387','손상우','BMW','7시리즈 (G11)','750Li xDrive','대형 세단','실외: Black metallic, 실내:Leather Mocha','2017','2017년 10월','62,089','가솔린','오토 A/T',17300,7580),
(994,'777코2224','조지민','BMW','7시리즈 (G11)','730Ld xDrive M 스포츠','대형 세단','실외: Black metallic, 실내:Leather Mocha','2018','2018년 05월','52,200','디젤','오토 A/T',17300,7550),
(995,'777코2340','박한울','BMW','7시리즈 (G11)','740Li xDrive M 스포츠','대형 세단','실외: Black metallic, 실내:Leather Mocha','2017','2017년 09월','55,660','가솔린','오토 A/T',17300,7550),
(996,'777코2341','임시온','BMW','7시리즈 (G11)','740Li xDrive M 스포츠','대형 세단','실외: Black metallic, 실내:Leather Mocha','2018','2018년 06월','78,856','가솔린','오토 A/T',17300,7500),
(997,'777코2342','김재이','BMW','7시리즈 (G11)','740Li xDrive M 스포츠','대형 세단','실외: Black metallic, 실내:Leather Mocha','2018','2018년 04월','84,487','가솔린','오토 A/T',17300,7500),
(998,'777코2225','강리하','BMW','7시리즈 (G11)','730Ld xDrive M 스포츠','대형 세단','실외: Black metallic, 실내:Leather Mocha','2018','2018년 10월','61,867','디젤','오토 A/T',17300,7490),
(999,'777코2388','최제하','BMW','7시리즈 (G11)','750Li xDrive','대형 세단','실외: Black metallic, 실내:Leather Mocha','2017','2017년 12월','75,578','가솔린','오토 A/T',17300,7490),
(1000,'777코2226','김서윤','BMW','7시리즈 (G11)','730Ld xDrive M 스포츠','대형 세단','실외: Black metallic, 실내:Leather Mocha','2018','2018년 03월','59,746','디젤','오토 A/T',17300,7480),
(1001,'777코2321','유지석','BMW','7시리즈 (G11)','740Li xDrive M 스포츠','대형 세단','실외: Black metallic, 실내:Leather Mocha','2018','2017년 11월','34,236','가솔린','오토 A/T',17300,7480),
(1002,'777코2227','갑은솔','BMW','7시리즈 (G11)','730Ld xDrive M 스포츠','대형 세단','실외: Black metallic, 실내:Leather Mocha','2018','2018년 12월','19,400','디젤','오토 A/T',17300,7459),
(1003,'777코2159','김이준','BMW','7시리즈 (G11)','730Ld xDrive','대형 세단','실외: Black metallic, 실내:Leather Mocha','2016','2015년 10월','174,000','디젤','오토 A/T',17300,7400),
(1004,'777코2256','박세민','BMW','7시리즈 (G11)','740d xDrive M 스포츠','대형 세단','실외: Black metallic, 실내:Leather Mocha','2018','2018년 02월','57,361','디젤','오토 A/T',17300,7400),
(1005,'777코2343','강지수','BMW','7시리즈 (G11)','740Li xDrive M 스포츠','대형 세단','실외: Black metallic, 실내:Leather Mocha','2018','2018년 07월','82,831','가솔린','오토 A/T',17300,7400),
(1006,'777코2344','배유하','BMW','7시리즈 (G11)','740Li xDrive M 스포츠','대형 세단','실외: Black metallic, 실내:Leather Mocha','2017','2017년 03월','50,247','가솔린','오토 A/T',17300,7400),
(1007,'777코2414','손윤','BMW','7시리즈 (G11)','750Li xDrive 인디비주얼','대형 세단','실외: Black metallic, 실내:Leather Mocha','2016','2016년 12월','46,270','가솔린','오토 A/T',17300,7400),
(1008,'777코2389','배이도','BMW','7시리즈 (G11)','750Li xDrive','대형 세단','실외: Black metallic, 실내:Leather Mocha','2016','2016년 12월','48,147','가솔린','오토 A/T',17300,7390),
(1009,'777코2482','김승훈','BMW','7시리즈 (G11)','M760Li xDrive','대형 세단','실외: Black metallic, 실내:Leather Mocha','2017','2017년 11월','118,588','가솔린','오토 A/T',17300,7390),
(1010,'777코2345','배희찬','BMW','7시리즈 (G11)','740Li xDrive M 스포츠','대형 세단','실외: Black metallic, 실내:Leather Mocha','2017','2017년 10월','90,300','가솔린','오토 A/T',17300,7356),
(1011,'777코2346','홍우준','BMW','7시리즈 (G11)','740Li xDrive M 스포츠','대형 세단','실외: Black metallic, 실내:Leather Mocha','2017','2017년 04월','49,225','가솔린','오토 A/T',17300,7350),
(1012,'777코2322','신이강','BMW','7시리즈 (G11)','740Li xDrive M 스포츠','대형 세단','실외: Black metallic, 실내:Leather Mocha','2018','2017년 12월','11,258','가솔린','오토 A/T',17300,7290),
(1013,'777코2228','허소희','BMW','7시리즈 (G11)','730Ld xDrive M 스포츠','대형 세단','실외: Black metallic, 실내:Leather Mocha','2018','2018년 09월','59,318','디젤','오토 A/T',17300,7250),
(1014,'777코2229','조수연','BMW','7시리즈 (G11)','730Ld xDrive M 스포츠','대형 세단','실외: Black metallic, 실내:Leather Mocha','2018','2018년 10월','69,167','디젤','오토 A/T',17300,7250),
(1015,'777코2230','윤라엘','BMW','7시리즈 (G11)','730Ld xDrive M 스포츠','대형 세단','실외: Black metallic, 실내:Leather Mocha','2018','2018년 10월','69,250','디젤','오토 A/T',17300,7250),
(1016,'777코2203','조담호','BMW','7시리즈 (G11)','730Ld xDrive M 스포츠','대형 세단','실외: Black metallic, 실내:Leather Mocha','2018','2017년 10월','42,794','디젤','오토 A/T',17300,7200),
(1017,'777코2231','최이헌','BMW','7시리즈 (G11)','730Ld xDrive M 스포츠','대형 세단','실외: Black metallic, 실내:Leather Mocha','2017','2017년 08월','41,281','디젤','오토 A/T',17300,7200),
(1018,'777코2274','임은율','BMW','7시리즈 (G11)','740e i퍼포먼스 M 스포츠','대형 세단','실외: Black metallic, 실내:Leather Mocha','2019','2019년 05월','71,244','가솔린+전기','오토 A/T',17300,7199),
(1019,'777코2347','전승윤','BMW','7시리즈 (G11)','740Li xDrive M 스포츠','대형 세단','실외: Black metallic, 실내:Leather Mocha','2017','2017년 05월','31,875','가솔린','오토 A/T',17300,7190),
(1020,'777코2257','한아율','BMW','7시리즈 (G11)','740d xDrive M 스포츠','대형 세단','실외: Black metallic, 실내:Leather Mocha','2018','2018년 06월','22,132','디젤','오토 A/T',17300,7150),
(1021,'777코2204','최다율','BMW','7시리즈 (G11)','730Ld xDrive M 스포츠','대형 세단','실외: Black metallic, 실내:Leather Mocha','2018','2017년 09월','46,644','디젤','오토 A/T',17300,7100),
(1022,'777코2232','서한율','BMW','7시리즈 (G11)','730Ld xDrive M 스포츠','대형 세단','실외: Black metallic, 실내:Leather Mocha','2017','2017년 06월','56,455','디젤','오토 A/T',17300,7100),
(1023,'777코2233','기승유','BMW','7시리즈 (G11)','730Ld xDrive M 스포츠','대형 세단','실외: Black metallic, 실내:Leather Mocha','2017','2017년 06월','62,382','디젤','오토 A/T',17300,7100),
(1024,'777코2390','조선호','BMW','7시리즈 (G11)','750Li xDrive','대형 세단','실외: Black metallic, 실내:Leather Mocha','2016','2016년 12월','66,887','가솔린','오토 A/T',17300,7100),
(1025,'777코2205','강한','BMW','7시리즈 (G11)','730Ld xDrive M 스포츠','대형 세단','실외: Black metallic, 실내:Leather Mocha','2018','2017년 12월','66,200','디젤','오토 A/T',17300,7090),
(1026,'777코2323','조영우','BMW','7시리즈 (G11)','740Li xDrive M 스포츠','대형 세단','실외: Black metallic, 실내:Leather Mocha','2018','2017년 12월','73,764','가솔린','오토 A/T',17300,7090),
(1027,'777코2391','백태양','BMW','7시리즈 (G11)','750Li xDrive','대형 세단','실외: Black metallic, 실내:Leather Mocha','2016','2016년 12월','48,000','가솔린','오토 A/T',17300,7080),
(1028,'777코2348','권재훈','BMW','7시리즈 (G11)','740Li xDrive M 스포츠','대형 세단','실외: Black metallic, 실내:Leather Mocha','2017','2017년 06월','70,366','가솔린','오토 A/T',17300,7001),
(1029,'777코2349','홍준후','BMW','7시리즈 (G11)','740Li xDrive M 스포츠','대형 세단','실외: Black metallic, 실내:Leather Mocha','2017','2017년 05월','60,953','가솔린','오토 A/T',17300,7000),
(1030,'777코2350','최준범','BMW','7시리즈 (G11)','740Li xDrive M 스포츠','대형 세단','실외: Black metallic, 실내:Leather Mocha','2018','2018년 02월','73,000','가솔린','오토 A/T',17300,6999),
(1031,'777코2392','허도원','BMW','7시리즈 (G11)','750Li xDrive','대형 세단','실외: Black metallic, 실내:Leather Mocha','2016','2016년 12월','48,148','가솔린','오토 A/T',17300,6999),
(1032,'777코2234','인주하','BMW','7시리즈 (G11)','730Ld xDrive M 스포츠','대형 세단','실외: Black metallic, 실내:Leather Mocha','2018','2018년 06월','88,997','디젤','오토 A/T',17300,6997),
(1033,'777코2351','고건호','BMW','7시리즈 (G11)','740Li xDrive M 스포츠','대형 세단','실외: Black metallic, 실내:Leather Mocha','2017','2017년 05월','50,903','가솔린','오토 A/T',17300,6990),
(1034,'777코2393','해지민','BMW','7시리즈 (G11)','750Li xDrive','대형 세단','실외: Black metallic, 실내:Leather Mocha','2016','2016년 12월','62,350','가솔린','오토 A/T',17300,6980),
(1035,'777코2394','홍민준','BMW','7시리즈 (G11)','750Li xDrive','대형 세단','실외: Black metallic, 실내:Leather Mocha','2016','2016년 01월','36,023','가솔린','오토 A/T',17300,6980),
(1036,'777코2395','김로건','BMW','7시리즈 (G11)','750Li xDrive','대형 세단','실외: Black metallic, 실내:Leather Mocha','2016','2016년 12월','57,164','가솔린','오토 A/T',17300,6980),
(1037,'777코2235','윤이안','BMW','7시리즈 (G11)','730Ld xDrive M 스포츠','대형 세단','실외: Black metallic, 실내:Leather Mocha','2018','2018년 05월','68,335','디젤','오토 A/T',17300,6950),
(1038,'777코2247','장혜주','BMW','7시리즈 (G11)','740d xDrive 디자인 퓨어 엑셀런스','대형 세단','실외: Black metallic, 실내:Leather Mocha','2020','2020년 01월','22,500','디젤','오토 A/T',17300,6915),
(1039,'777코2324','윤석현','BMW','7시리즈 (G11)','740Li xDrive M 스포츠','대형 세단','실외: Black metallic, 실내:Leather Mocha','2018','2017년 12월','76,050','가솔린','오토 A/T',17300,6900),
(1040,'777코2352','임규리','BMW','7시리즈 (G11)','740Li xDrive M 스포츠','대형 세단','실외: Black metallic, 실내:Leather Mocha','2018','2018년 08월','97,334','가솔린','오토 A/T',17300,6890),
(1041,'777코2353','문지운','BMW','7시리즈 (G11)','740Li xDrive M 스포츠','대형 세단','실외: Black metallic, 실내:Leather Mocha','2017','2017년 05월','66,000','가솔린','오토 A/T',17300,6890),
(1042,'777코2248','백담','BMW','7시리즈 (G11)','740d xDrive M 스포츠','대형 세단','실외: Black metallic, 실내:Leather Mocha','2018','2017년 10월','58,142','디젤','오토 A/T',17300,6850),
(1043,'777코2258','황지웅','BMW','7시리즈 (G11)','740d xDrive M 스포츠','대형 세단','실외: Black metallic, 실내:Leather Mocha','2017','2017년 06월','65,761','디젤','오토 A/T',17300,6849),
(1044,'777코2285','계영웅','BMW','7시리즈 (G11)','740Ld xDrive M 스포츠','대형 세단','실외: Black metallic, 실내:Leather Mocha','2018','2018년 02월','95,069','디젤','오토 A/T',17300,6830),
(1045,'777코2249','장찬민','BMW','7시리즈 (G11)','740d xDrive M 스포츠','대형 세단','실외: Black metallic, 실내:Leather Mocha','2018','2017년 12월','52,134','디젤','오토 A/T',17300,6800),
(1046,'777코2259','조예지','BMW','7시리즈 (G11)','740d xDrive M 스포츠','대형 세단','실외: Black metallic, 실내:Leather Mocha','2018','2018년 07월','94,139','디젤','오토 A/T',17300,6800),
(1047,'777코2396','이시호','BMW','7시리즈 (G11)','750Li xDrive','대형 세단','실외: Black metallic, 실내:Leather Mocha','2016','2016년 12월','81,539','가솔린','오토 A/T',17300,6800),
(1048,'777코2147','한이건','BMW','7시리즈 (G11)','730d xDrive M 스포츠','대형 세단','실외: Black metallic, 실내:Leather Mocha','2017','2017년 07월','35,625','디젤','오토 A/T',17300,6799),
(1049,'777코2169','황하율','BMW','7시리즈 (G11)','730Ld xDrive','대형 세단','실외: Black metallic, 실내:Leather Mocha','2016','2016년 11월','55,058','디젤','오토 A/T',17300,6790),
(1050,'777코2287','안수현','BMW','7시리즈 (G11)','740Li xDrive','대형 세단','실외: Black metallic, 실내:Leather Mocha','2016','2016년 11월','52,775','가솔린','오토 A/T',17300,6750),
(1051,'777코2288','문로이','BMW','7시리즈 (G11)','740Li xDrive','대형 세단','실외: Black metallic, 실내:Leather Mocha','2016','2016년 07월','29,287','가솔린','오토 A/T',17300,6750),
(1052,'777코2289','한재윤','BMW','7시리즈 (G11)','740Li xDrive','대형 세단','실외: Black metallic, 실내:Leather Mocha','2016','2016년 10월','41,540','가솔린','오토 A/T',17300,6749),
(1053,'777코2236','안하겸','BMW','7시리즈 (G11)','730Ld xDrive M 스포츠','대형 세단','실외: Black metallic, 실내:Leather Mocha','2017','2017년 06월','85,692','디젤','오토 A/T',17300,6690),
(1054,'777코2286','묘세현','BMW','7시리즈 (G11)','740Ld xDrive M 스포츠','대형 세단','실외: Black metallic, 실내:Leather Mocha','2017','2017년 07월','96,507','디젤','오토 A/T',17300,6690),
(1055,'777코2354','정채우','BMW','7시리즈 (G11)','740Li xDrive M 스포츠','대형 세단','실외: Black metallic, 실내:Leather Mocha','2017','2017년 08월','77,465','가솔린','오토 A/T',17300,6650),
(1056,'777코2170','박민호','BMW','7시리즈 (G11)','730Ld xDrive','대형 세단','실외: Black metallic, 실내:Leather Mocha','2016','2016년 12월','41,255','디젤','오토 A/T',17300,6600),
(1057,'777코2397','강다온','BMW','7시리즈 (G11)','750Li xDrive','대형 세단','실외: Black metallic, 실내:Leather Mocha','2016','2016년 03월','73,535','가솔린','오토 A/T',17300,6600),
(1058,'777코2171','송준','BMW','7시리즈 (G11)','730Ld xDrive','대형 세단','실외: Black metallic, 실내:Leather Mocha','2016','2016년 11월','49,512','디젤','오토 A/T',17300,6590),
(1059,'777코2206','이유빈','BMW','7시리즈 (G11)','730Ld xDrive M 스포츠','대형 세단','실외: Black metallic, 실내:Leather Mocha','2018','2017년 11월','59,667','디젤','오토 A/T',17300,6550),
(1060,'777코2355','조이수','BMW','7시리즈 (G11)','740Li xDrive M 스포츠','대형 세단','실외: Black metallic, 실내:Leather Mocha','2017','2017년 03월','83,564','가솔린','오토 A/T',17300,6550),
(1061,'777코2398','고윤우','BMW','7시리즈 (G11)','750Li xDrive','대형 세단','실외: Black metallic, 실내:Leather Mocha','2016','2016년 01월','72,566','가솔린','오토 A/T',17300,6550),
(1062,'777코2260','서시안','BMW','7시리즈 (G11)','740d xDrive M 스포츠','대형 세단','실외: Black metallic, 실내:Leather Mocha','2016','2016년 05월','83,251','디젤','오토 A/T',17300,6530),
(1063,'777코2356','강하운','BMW','7시리즈 (G11)','740Li xDrive M 스포츠','대형 세단','실외: Black metallic, 실내:Leather Mocha','2018','2018년 01월','120,616','가솔린','오토 A/T',17300,6530),
(1064,'777코2207','박현빈','BMW','7시리즈 (G11)','730Ld xDrive M 스포츠','대형 세단','실외: Black metallic, 실내:Leather Mocha','2018','2017년 11월','61,314','디젤','오토 A/T',17300,6520),
(1065,'777코2399','최서율','BMW','7시리즈 (G11)','750Li xDrive','대형 세단','실외: Black metallic, 실내:Leather Mocha','2016','2016년 12월','73,844','가솔린','오토 A/T',17300,6520),
(1066,'777코2261','양로한','BMW','7시리즈 (G11)','740d xDrive M 스포츠','대형 세단','실외: Black metallic, 실내:Leather Mocha','2017','2017년 05월','47,492','디젤','오토 A/T',17300,6490),
(1067,'777코2419','경하늘','BMW','7시리즈 (G11)','750Li xDrive 프레스티지','대형 세단','실외: Black metallic, 실내:Leather Mocha','2016','2016년 12월','78,465','가솔린','오토 A/T',17300,6490),
(1068,'777코2377','서로운','BMW','7시리즈 (G11)','750Li xDrive','대형 세단','실외: Black metallic, 실내:Leather Mocha','2016','2015년 12월','50,563','가솔린','오토 A/T',17300,6480),
(1069,'777코2237','송우영','BMW','7시리즈 (G11)','730Ld xDrive M 스포츠','대형 세단','실외: Black metallic, 실내:Leather Mocha','2017','2017년 06월','79,373','디젤','오토 A/T',17300,6450),
(1070,'777코2250','최한준','BMW','7시리즈 (G11)','740d xDrive M 스포츠','대형 세단','실외: Black metallic, 실내:Leather Mocha','2018','2017년 11월','80,873','디젤','오토 A/T',17300,6450),
(1071,'777코2400','문지후','BMW','7시리즈 (G11)','750Li xDrive','대형 세단','실외: Black metallic, 실내:Leather Mocha','2016','2016년 01월','61,164','가솔린','오토 A/T',17300,6450),
(1072,'777코2262','강현','BMW','7시리즈 (G11)','740d xDrive M 스포츠','대형 세단','실외: Black metallic, 실내:Leather Mocha','2016','2016년 12월','71,977','디젤','오토 A/T',17300,6449),
(1073,'777코2172','백재원','BMW','7시리즈 (G11)','730Ld xDrive','대형 세단','실외: Black metallic, 실내:Leather Mocha','2017','2017년 03월','74,983','디젤','오토 A/T',17300,6400),
(1074,'777코2357','강은후','BMW','7시리즈 (G11)','740Li xDrive M 스포츠','대형 세단','실외: Black metallic, 실내:Leather Mocha','2017','2017년 08월','104,860','가솔린','오토 A/T',17300,6390),
(1075,'777코2401','백하민','BMW','7시리즈 (G11)','750Li xDrive','대형 세단','실외: Black metallic, 실내:Leather Mocha','2016','2016년 08월','80,322','가솔린','오토 A/T',17300,6390),
(1076,'777코2173','양준우','BMW','7시리즈 (G11)','730Ld xDrive','대형 세단','실외: Black metallic, 실내:Leather Mocha','2016','2016년 01월','42,397','디젤','오토 A/T',17300,6380),
(1077,'777코2197','조은우','BMW','7시리즈 (G11)','730Ld xDrive 프리미엄','대형 세단','실외: Black metallic, 실내:Leather Mocha','2016','2015년 11월','64,000','디젤','오토 A/T',17300,6350),
(1078,'777코2148','고준영','BMW','7시리즈 (G11)','730d xDrive M 스포츠','대형 세단','실외: Black metallic, 실내:Leather Mocha','2017','2017년 04월','75,800','디젤','오토 A/T',17300,6300),
(1079,'777코2149','손우재','BMW','7시리즈 (G11)','730d xDrive M 스포츠','대형 세단','실외: Black metallic, 실내:Leather Mocha','2017','2017년 05월','73,034','디젤','오토 A/T',17300,6300),
(1080,'777코2238','배유민','BMW','7시리즈 (G11)','730Ld xDrive M 스포츠','대형 세단','실외: Black metallic, 실내:Leather Mocha','2017','2017년 05월','73,042','디젤','오토 A/T',17300,6300),
(1081,'777코2208','무태영','BMW','7시리즈 (G11)','730Ld xDrive M 스포츠','대형 세단','실외: Black metallic, 실내:Leather Mocha','2018','2017년 09월','109,900','디젤','오토 A/T',17300,6270),
(1082,'777코2239','허승호','BMW','7시리즈 (G11)','730Ld xDrive M 스포츠','대형 세단','실외: Black metallic, 실내:Leather Mocha','2017','2017년 03월','82,120','디젤','오토 A/T',17300,6250),
(1083,'777코2263','문서안','BMW','7시리즈 (G11)','740d xDrive M 스포츠','대형 세단','실외: Black metallic, 실내:Leather Mocha','2017','2017년 04월','89,461','디젤','오토 A/T',17300,6250),
(1084,'777코2402','조은찬','BMW','7시리즈 (G11)','750Li xDrive','대형 세단','실외: Black metallic, 실내:Leather Mocha','2016','2016년 12월','69,300','가솔린','오토 A/T',17300,6250),
(1085,'777코2403','윤시훈','BMW','7시리즈 (G11)','750Li xDrive','대형 세단','실외: Black metallic, 실내:Leather Mocha','2016','2016년 12월','91,871','가솔린','오토 A/T',17300,6250),
(1086,'777코2240','이지우','BMW','7시리즈 (G11)','730Ld xDrive M 스포츠','대형 세단','실외: Black metallic, 실내:Leather Mocha','2018','2018년 03월','74,569','디젤','오토 A/T',17300,6200),
(1087,'777코2150','양해솔','BMW','7시리즈 (G11)','730d xDrive M 스포츠','대형 세단','실외: Black metallic, 실내:Leather Mocha','2017','2017년 04월','96,014','디젤','오토 A/T',17300,6199),
(1088,'777코2378','신우주','BMW','7시리즈 (G11)','750Li xDrive','대형 세단','실외: Black metallic, 실내:Leather Mocha','2016','2015년 12월','85,226','가솔린','오토 A/T',17300,6199),
(1089,'777코2404','신재하','BMW','7시리즈 (G11)','750Li xDrive','대형 세단','실외: Black metallic, 실내:Leather Mocha','2016','2016년 10월','95,875','가솔린','오토 A/T',17300,6100),
(1090,'777코2420','임율','BMW','7시리즈 (G11)','750Li xDrive 프레스티지','대형 세단','실외: Black metallic, 실내:Leather Mocha','2016','2016년 05월','83,901','가솔린','오토 A/T',17300,6080),
(1091,'777코2151','류예건','BMW','7시리즈 (G11)','730d xDrive M 스포츠','대형 세단','실외: Black metallic, 실내:Leather Mocha','2017','2017년 06월','81,524','디젤','오토 A/T',17300,6000),
(1092,'777코2264','허유안','BMW','7시리즈 (G11)','740d xDrive M 스포츠','대형 세단','실외: Black metallic, 실내:Leather Mocha','2016','2016년 08월','74,000','디젤','오토 A/T',17300,6000),
(1093,'777코2142','병준기','BMW','7시리즈 (G11)','730d xDrive M 스포츠','대형 세단','실외: Black metallic, 실내:Leather Mocha','2018','2017년 12월','87,075','디젤','오토 A/T',17300,5999),
(1094,'777코2241','서승원','BMW','7시리즈 (G11)','730Ld xDrive M 스포츠','대형 세단','실외: Black metallic, 실내:Leather Mocha','2017','2017년 07월','91,001','디젤','오토 A/T',17300,5999),
(1095,'777코2265','류이찬','BMW','7시리즈 (G11)','740d xDrive M 스포츠','대형 세단','실외: Black metallic, 실내:Leather Mocha','2016','2016년 11월','114,924','디젤','오토 A/T',17300,5999),
(1096,'777코2278','기하람','BMW','7시리즈 (G11)','740Ld xDrive','대형 세단','실외: Black metallic, 실내:Leather Mocha','2016','2016년 09월','123,619','디젤','오토 A/T',17300,5999),
(1097,'777코2152','조주한','BMW','7시리즈 (G11)','730d xDrive M 스포츠','대형 세단','실외: Black metallic, 실내:Leather Mocha','2017','2017년 05월','74,747','디젤','오토 A/T',17300,5990),
(1098,'777코2266','권하진','BMW','7시리즈 (G11)','740d xDrive M 스포츠','대형 세단','실외: Black metallic, 실내:Leather Mocha','2016','2016년 05월','106,106','디젤','오토 A/T',17300,5980),
(1099,'777코2153','전준성','BMW','7시리즈 (G11)','730d xDrive M 스포츠','대형 세단','실외: Black metallic, 실내:Leather Mocha','2017','2017년 06월','94,801','디젤','오토 A/T',17300,5900),
(1100,'777코2405','장건','BMW','7시리즈 (G11)','750Li xDrive','대형 세단','실외: Black metallic, 실내:Leather Mocha','2016','2016년 12월','84,000','가솔린','오토 A/T',17300,5900),
(1101,'777코2415','윤이안','BMW','7시리즈 (G11)','750Li xDrive 프레스티지','대형 세단','실외: Black metallic, 실내:Leather Mocha','2016','2015년 11월','103,438','가솔린','오토 A/T',17300,5899),
(1102,'777코2174','강아준','BMW','7시리즈 (G11)','730Ld xDrive','대형 세단','실외: Black metallic, 실내:Leather Mocha','2016','2016년 09월','57,975','디젤','오토 A/T',17300,5890),
(1103,'777코2198','이서준','BMW','7시리즈 (G11)','730Ld xDrive 프리미엄','대형 세단','실외: Black metallic, 실내:Leather Mocha','2016','2015년 10월','80,813','디젤','오토 A/T',17300,5850),
(1104,'777코2358','허우혁','BMW','7시리즈 (G11)','740Li xDrive M 스포츠','대형 세단','실외: Black metallic, 실내:Leather Mocha','2017','2017년 10월','181,931','가솔린','오토 A/T',17300,5830),
(1105,'777코2209','한찬솔','BMW','7시리즈 (G11)','730Ld xDrive M 스포츠','대형 세단','실외: Black metallic, 실내:Leather Mocha','2018','2017년 12월','99,817','디젤','오토 A/T',17300,5800),
(1106,'777코2279','을준호','BMW','7시리즈 (G11)','740Ld xDrive','대형 세단','실외: Black metallic, 실내:Leather Mocha','2016','2016년 12월','91,784','디젤','오토 A/T',17300,5790),
(1107,'777코2280','한지환','BMW','7시리즈 (G11)','740Ld xDrive','대형 세단','실외: Black metallic, 실내:Leather Mocha','2016','2016년 12월','91,071','디젤','오토 A/T',17300,5790),
(1108,'777코2359','축태현','BMW','7시리즈 (G11)','740Li xDrive M 스포츠','대형 세단','실외: Black metallic, 실내:Leather Mocha','2017','2017년 03월','140,681','가솔린','오토 A/T',17300,5790),
(1109,'777코2406','유현준','BMW','7시리즈 (G11)','750Li xDrive','대형 세단','실외: Black metallic, 실내:Leather Mocha','2016','2016년 12월','107,736','가솔린','오토 A/T',17300,5790),
(1110,'777코2175','한정우','BMW','7시리즈 (G11)','730Ld xDrive','대형 세단','실외: Black metallic, 실내:Leather Mocha','2016','2016년 04월','86,835','디젤','오토 A/T',17300,5770),
(1111,'777코2176','조진우','BMW','7시리즈 (G11)','730Ld xDrive','대형 세단','실외: Black metallic, 실내:Leather Mocha','2016','2016년 09월','60,334','디젤','오토 A/T',17300,5750),
(1112,'777코2111','유서진','BMW','7시리즈 (G11)','730d xDrive','대형 세단','실외: Black metallic, 실내:Leather Mocha','2016','2016년 02월','31,165','디젤','오토 A/T',17300,5700),
(1113,'777코2407','서도훈','BMW','7시리즈 (G11)','750Li xDrive','대형 세단','실외: Black metallic, 실내:Leather Mocha','2016','2016년 12월','119,440','가솔린','오토 A/T',17300,5700),
(1114,'777코2408','손이든','BMW','7시리즈 (G11)','750Li xDrive','대형 세단','실외: Black metallic, 실내:Leather Mocha','2016','2016년 01월','89,500','가솔린','오토 A/T',17300,5700),
(1115,'777코2290','양이한','BMW','7시리즈 (G11)','740Li xDrive','대형 세단','실외: Black metallic, 실내:Leather Mocha','2016','2016년 07월','103,973','가솔린','오토 A/T',17300,5690),
(1116,'777코2112','김서우','BMW','7시리즈 (G11)','730d xDrive','대형 세단','실외: Black metallic, 실내:Leather Mocha','2016','2016년 02월','62,936','디젤','오토 A/T',17300,5670),
(1117,'777코2291','손한결','BMW','7시리즈 (G11)','740Li xDrive','대형 세단','실외: Black metallic, 실내:Leather Mocha','2016','2016년 07월','91,792','가솔린','오토 A/T',17300,5669),
(1118,'777코2154','진민채','BMW','7시리즈 (G11)','730d xDrive M 스포츠','대형 세단','실외: Black metallic, 실내:Leather Mocha','2018','2018년 11월','120,122','디젤','오토 A/T',17300,5650),
(1119,'777코2379','권도현','BMW','7시리즈 (G11)','750Li xDrive','대형 세단','실외: Black metallic, 실내:Leather Mocha','2016','2015년 12월','132,448','가솔린','오토 A/T',17300,5650),
(1120,'777코2416','황연우','BMW','7시리즈 (G11)','750Li xDrive 프레스티지','대형 세단','실외: Black metallic, 실내:Leather Mocha','2016','2015년 12월','102,318','가솔린','오토 A/T',17300,5650),
(1121,'777코2292','윤윤재','BMW','7시리즈 (G11)','740Li xDrive','대형 세단','실외: Black metallic, 실내:Leather Mocha','2016','2016년 09월','82,739','가솔린','오토 A/T',17300,5649),
(1122,'777코2409','갑정후','BMW','7시리즈 (G11)','750Li xDrive','대형 세단','실외: Black metallic, 실내:Leather Mocha','2016','2016년 12월','110,308','가솔린','오토 A/T',17300,5600),
(1123,'777코2267','전도겸','BMW','7시리즈 (G11)','740d xDrive M 스포츠','대형 세단','실외: Black metallic, 실내:Leather Mocha','2016','2016년 11월','121,315','디젤','오토 A/T',17300,5589),
(1124,'777코2113','술태윤','BMW','7시리즈 (G11)','730d xDrive','대형 세단','실외: Black metallic, 실내:Leather Mocha','2016','2016년 08월','55,753','디젤','오토 A/T',17300,5550),
(1125,'777코2137','홍아인','BMW','7시리즈 (G11)','730d xDrive 프리미엄','대형 세단','실외: Black metallic, 실내:Leather Mocha','2016','2016년 11월','66,464','디젤','오토 A/T',17300,5550),
(1126,'777코2268','강정빈','BMW','7시리즈 (G11)','740d xDrive M 스포츠','대형 세단','실외: Black metallic, 실내:Leather Mocha','2018','2018년 02월','107,992','디젤','오토 A/T',17300,5550),
(1127,'777코2269','조선재','BMW','7시리즈 (G11)','740d xDrive M 스포츠','대형 세단','실외: Black metallic, 실내:Leather Mocha','2018','2018년 02월','107,999','디젤','오토 A/T',17300,5550),
(1128,'777코2155','백건희','BMW','7시리즈 (G11)','730d xDrive M 스포츠','대형 세단','실외: Black metallic, 실내:Leather Mocha','2017','2017년 05월','132,397','디젤','오토 A/T',17300,5549),
(1129,'777코2293','권온유','BMW','7시리즈 (G11)','740Li xDrive','대형 세단','실외: Black metallic, 실내:Leather Mocha','2016','2016년 12월','104,019','가솔린','오토 A/T',17300,5530),
(1130,'777코2270','홍주혁','BMW','7시리즈 (G11)','740d xDrive M 스포츠','대형 세단','실외: Black metallic, 실내:Leather Mocha','2017','2017년 06월','150,492','디젤','오토 A/T',17300,5500),
(1131,'777코2281','황지원','BMW','7시리즈 (G11)','740Ld xDrive','대형 세단','실외: Black metallic, 실내:Leather Mocha','2016','2016년 12월','163,500','디젤','오토 A/T',17300,5500),
(1132,'777코2294','안이담','BMW','7시리즈 (G11)','740Li xDrive','대형 세단','실외: Black metallic, 실내:Leather Mocha','2016','2016년 12월','102,612','가솔린','오토 A/T',17300,5499),
(1133,'777코2410','송서원','BMW','7시리즈 (G11)','750Li xDrive','대형 세단','실외: Black metallic, 실내:Leather Mocha','2016','2016년 12월','130,994','가솔린','오토 A/T',17300,5499),
(1134,'777코2160','장선우','BMW','7시리즈 (G11)','730Ld xDrive','대형 세단','실외: Black metallic, 실내:Leather Mocha','2016','2015년 11월','71,033','디젤','오토 A/T',17300,5490),
(1135,'777코2177','장예원','BMW','7시리즈 (G11)','730Ld xDrive','대형 세단','실외: Black metallic, 실내:Leather Mocha','2018','2018년 05월','152,000','디젤','오토 A/T',17300,5490),
(1136,'777코2271','경범준','BMW','7시리즈 (G11)','740d xDrive M 스포츠','대형 세단','실외: Black metallic, 실내:Leather Mocha','2017','2017년 07월','102,991','디젤','오토 A/T',17300,5490),
(1137,'777코2156','권민규','BMW','7시리즈 (G11)','730d xDrive M 스포츠','대형 세단','실외: Black metallic, 실내:Leather Mocha','2017','2017년 07월','120,100','디젤','오토 A/T',17300,5480),
(1138,'777코2143','신유온','BMW','7시리즈 (G11)','730d xDrive M 스포츠','대형 세단','실외: Black metallic, 실내:Leather Mocha','2018','2017년 12월','89,039','디젤','오토 A/T',17300,5400),
(1139,'777코2114','고시원','BMW','7시리즈 (G11)','730d xDrive','대형 세단','실외: Black metallic, 실내:Leather Mocha','2016','2016년 11월','69,373','디젤','오토 A/T',17300,5390),
(1140,'777코2161','박하준','BMW','7시리즈 (G11)','730Ld xDrive','대형 세단','실외: Black metallic, 실내:Leather Mocha','2016','2015년 10월','97,791','디젤','오토 A/T',17300,5390),
(1141,'777코2242','허윤찬','BMW','7시리즈 (G11)','730Ld xDrive M 스포츠','대형 세단','실외: Black metallic, 실내:Leather Mocha','2017','2017년 05월','149,779','디젤','오토 A/T',17300,5390),
(1142,'777코2243','묘서빈','BMW','7시리즈 (G11)','730Ld xDrive M 스포츠','대형 세단','실외: Black metallic, 실내:Leather Mocha','2017','2017년 05월','117,147','디젤','오토 A/T',17300,5390),
(1143,'777코2108','안이현','BMW','7시리즈 (G11)','730d xDrive','대형 세단','실외: Black metallic, 실내:Leather Mocha','2016','2015년 12월','73,446','디젤','오토 A/T',17300,5350),
(1144,'777코2178','장서후','BMW','7시리즈 (G11)','730Ld xDrive','대형 세단','실외: Black metallic, 실내:Leather Mocha','2016','2016년 09월','93,358','디젤','오토 A/T',17300,5350),
(1145,'777코2295','류정원','BMW','7시리즈 (G11)','740Li xDrive','대형 세단','실외: Black metallic, 실내:Leather Mocha','2016','2016년 12월','111,536','가솔린','오토 A/T',17300,5350),
(1146,'777코2162','임유준','BMW','7시리즈 (G11)','730Ld xDrive','대형 세단','실외: Black metallic, 실내:Leather Mocha','2016','2015년 11월','159,085','디젤','오토 A/T',17300,5330),
(1147,'777코2411','전태하','BMW','7시리즈 (G11)','750Li xDrive','대형 세단','실외: Black metallic, 실내:Leather Mocha','2016','2016년 12월','93,766','가솔린','오토 A/T',17300,5300),
(1148,'777코2179','황단우','BMW','7시리즈 (G11)','730Ld xDrive','대형 세단','실외: Black metallic, 실내:Leather Mocha','2016','2016년 05월','113,671','디젤','오토 A/T',17300,5290),
(1149,'777코2282','홍태율','BMW','7시리즈 (G11)','740Ld xDrive','대형 세단','실외: Black metallic, 실내:Leather Mocha','2016','2016년 12월','161,617','디젤','오토 A/T',17300,5290),
(1150,'777코2417','한수호','BMW','7시리즈 (G11)','750Li xDrive 프레스티지','대형 세단','실외: Black metallic, 실내:Leather Mocha','2016','2015년 11월','139,274','가솔린','오토 A/T',17300,5290),
(1151,'777코2180','배은호','BMW','7시리즈 (G11)','730Ld xDrive','대형 세단','실외: Black metallic, 실내:Leather Mocha','2016','2016년 01월','108,503','디젤','오토 A/T',17300,5280),
(1152,'777코2163','최시우','BMW','7시리즈 (G11)','730Ld xDrive','대형 세단','실외: Black metallic, 실내:Leather Mocha','2016','2015년 10월','95,457','디젤','오토 A/T',17300,5240),
(1153,'777코2164','오예준','BMW','7시리즈 (G11)','730Ld xDrive','대형 세단','실외: Black metallic, 실내:Leather Mocha','2016','2015년 11월','98,303','디젤','오토 A/T',17300,5230),
(1154,'777코2181','조도하','BMW','7시리즈 (G11)','730Ld xDrive','대형 세단','실외: Black metallic, 실내:Leather Mocha','2016','2016년 01월','85,960','디젤','오토 A/T',17300,5209),
(1155,'777코2115','백건우','BMW','7시리즈 (G11)','730d xDrive','대형 세단','실외: Black metallic, 실내:Leather Mocha','2016','2016년 01월','90,447','디젤','오토 A/T',17300,5200),
(1156,'777코2182','안지오','BMW','7시리즈 (G11)','730Ld xDrive','대형 세단','실외: Black metallic, 실내:Leather Mocha','2016','2016년 06월','123,106','디젤','오토 A/T',17300,5190),
(1157,'777코2183','조시온','BMW','7시리즈 (G11)','730Ld xDrive','대형 세단','실외: Black metallic, 실내:Leather Mocha','2016','2016년 03월','96,354','디젤','오토 A/T',17300,5190),
(1158,'777코2296','갑주호','BMW','7시리즈 (G11)','740Li xDrive','대형 세단','실외: Black metallic, 실내:Leather Mocha','2016','2016년 09월','87,771','가솔린','오토 A/T',17300,5190),
(1159,'777코2116','김서호','BMW','7시리즈 (G11)','730d xDrive','대형 세단','실외: Black metallic, 실내:Leather Mocha','2016','2016년 08월','82,454','디젤','오토 A/T',17300,5180),
(1160,'777코2210','신태환','BMW','7시리즈 (G11)','730Ld xDrive M 스포츠','대형 세단','실외: Black metallic, 실내:Leather Mocha','2018','2017년 10월','147,549','디젤','오토 A/T',17300,5150),
(1161,'777코2272','김성준','BMW','7시리즈 (G11)','740d xDrive M 스포츠','대형 세단','실외: Black metallic, 실내:Leather Mocha','2017','2017년 03월','135,489','디젤','오토 A/T',17300,5150),
(1162,'777코2165','정도윤','BMW','7시리즈 (G11)','730Ld xDrive','대형 세단','실외: Black metallic, 실내:Leather Mocha','2016','2015년 10월','105,105','디젤','오토 A/T',17300,5140),
(1163,'777코2144','서서온','BMW','7시리즈 (G11)','730d xDrive M 스포츠','대형 세단','실외: Black metallic, 실내:Leather Mocha','2018','2017년 12월','125,191','디젤','오토 A/T',17300,5100),
(1164,'777코2412','배주안','BMW','7시리즈 (G11)','750Li xDrive','대형 세단','실외: Black metallic, 실내:Leather Mocha','2016','2016년 07월','187,121','가솔린','오토 A/T',17300,5099),
(1165,'777코2184','송승우','BMW','7시리즈 (G11)','730Ld xDrive','대형 세단','실외: Black metallic, 실내:Leather Mocha','2016','2016년 06월','121,556','디젤','오토 A/T',17300,5090),
(1166,'777코2185','고태준','BMW','7시리즈 (G11)','730Ld xDrive','대형 세단','실외: Black metallic, 실내:Leather Mocha','2016','2016년 12월','142,976','디젤','오토 A/T',17300,5050),
(1167,'777코2117','서윤호','BMW','7시리즈 (G11)','730d xDrive','대형 세단','실외: Black metallic, 실내:Leather Mocha','2016','2016년 10월','103,549','디젤','오토 A/T',17300,5000),
(1168,'777코2413','이준서','BMW','7시리즈 (G11)','750Li xDrive','대형 세단','실외: Black metallic, 실내:Leather Mocha','2016','2016년 02월','127,266','가솔린','오토 A/T',17300,4999),
(1169,'777코2118','이시율','BMW','7시리즈 (G11)','730d xDrive','대형 세단','실외: Black metallic, 실내:Leather Mocha','2016','2016년 08월','81,319','디젤','오토 A/T',17300,4990),
(1170,'777코2119','윤지훈','BMW','7시리즈 (G11)','730d xDrive','대형 세단','실외: Black metallic, 실내:Leather Mocha','2016','2016년 03월','111,711','디젤','오토 A/T',17300,4990),
(1171,'777코2297','박지율','BMW','7시리즈 (G11)','740Li xDrive','대형 세단','실외: Black metallic, 실내:Leather Mocha','2016','2016년 08월','94,000','가솔린','오토 A/T',17300,4990),
(1172,'777코2109','송시윤','BMW','7시리즈 (G11)','730d xDrive','대형 세단','실외: Black metallic, 실내:Leather Mocha','2016','2015년 12월','91,018','디젤','오토 A/T',17300,4980),
(1173,'777코2273','문도경','BMW','7시리즈 (G11)','740d xDrive M 스포츠','대형 세단','실외: Black metallic, 실내:Leather Mocha','2016','2016년 11월','175,839','디젤','오토 A/T',17300,4949),
(1174,'777코2120','류유찬','BMW','7시리즈 (G11)','730d xDrive','대형 세단','실외: Black metallic, 실내:Leather Mocha','2016','2016년 06월','134,976','디젤','오토 A/T',17300,4900),
(1175,'777코2186','문재율','BMW','7시리즈 (G11)','730Ld xDrive','대형 세단','실외: Black metallic, 실내:Leather Mocha','2016','2016년 12월','111,352','디젤','오토 A/T',17300,4900),
(1176,'777코2121','조시현','BMW','7시리즈 (G11)','730d xDrive','대형 세단','실외: Black metallic, 실내:Leather Mocha','2016','2016년 07월','112,553','디젤','오토 A/T',17300,4890),
(1177,'777코2122','양유건','BMW','7시리즈 (G11)','730d xDrive','대형 세단','실외: Black metallic, 실내:Leather Mocha','2016','2016년 12월','51,916','디젤','오토 A/T',17300,4890),
(1178,'777코2166','류우진','BMW','7시리즈 (G11)','730Ld xDrive','대형 세단','실외: Black metallic, 실내:Leather Mocha','2016','2015년 12월','140,369','디젤','오토 A/T',17300,4890),
(1179,'777코2123','전도율','BMW','7시리즈 (G11)','730d xDrive','대형 세단','실외: Black metallic, 실내:Leather Mocha','2016','2016년 06월','124,721','디젤','오토 A/T',17300,4870),
(1180,'777코2124','계민재','BMW','7시리즈 (G11)','730d xDrive','대형 세단','실외: Black metallic, 실내:Leather Mocha','2016','2016년 10월','94,284','디젤','오토 A/T',17300,4850),
(1181,'777코2187','손승현','BMW','7시리즈 (G11)','730Ld xDrive','대형 세단','실외: Black metallic, 실내:Leather Mocha','2016','2016년 12월','129,599','디젤','오토 A/T',17300,4840),
(1182,'777코2125','최하랑','BMW','7시리즈 (G11)','730d xDrive','대형 세단','실외: Black metallic, 실내:Leather Mocha','2016','2016년 08월','122,000','디젤','오토 A/T',17300,4800),
(1183,'777코2126','박지안','BMW','7시리즈 (G11)','730d xDrive','대형 세단','실외: Black metallic, 실내:Leather Mocha','2016','2016년 02월','135,570','디젤','오토 A/T',17300,4799),
(1184,'777코2283','배시완','BMW','7시리즈 (G11)','740Ld xDrive','대형 세단','실외: Black metallic, 실내:Leather Mocha','2016','2016년 12월','178,744','디젤','오토 A/T',17300,4799),
(1185,'777코2127','허태오','BMW','7시리즈 (G11)','730d xDrive','대형 세단','실외: Black metallic, 실내:Leather Mocha','2016','2016년 01월','130,047','디젤','오토 A/T',17300,4790),
(1186,'777코2138','홍우빈','BMW','7시리즈 (G11)','730d xDrive 프리미엄','대형 세단','실외: Black metallic, 실내:Leather Mocha','2016','2016년 06월','128,037','디젤','오토 A/T',17300,4750),
(1187,'777코2110','강지호','BMW','7시리즈 (G11)','730d xDrive','대형 세단','실외: Black metallic, 실내:Leather Mocha','2016','2015년 10월','115,524','디젤','오토 A/T',17300,4730),
(1188,'777코1312','임세현','BMW','3시리즈 (G20)','320i','중형세단','실외: Black metallic, 실내:Leather Mocha','2021','2020년 12월','5,000','가솔린','오토 A/T',10000,3800),
(1189,'777코1263','권제아','BMW','3시리즈 (G20)','320d 럭셔리','중형세단','실외: Black metallic, 실내:Leather Mocha','2020','2020년 05월','18,282','디젤','오토 A/T',10000,3720),
(1190,'777코1352','류이재','BMW','3시리즈 (G20)','320i M 스포츠','중형세단','실외: Black metallic, 실내:Leather Mocha','2021','2020년 11월','14,330','가솔린','오토 A/T',10000,3680),
(1191,'777코1243','인주희','BMW','3시리즈 (G20)','320d','중형세단','실외: Black metallic, 실내:Leather Mocha','2019','2019년 12월','29,072','디젤','오토 A/T',10000,3480),
(1192,'777코1295','무주이','BMW','3시리즈 (G20)','320d M 스포츠','중형세단','실외: Black metallic, 실내:Leather Mocha','2019','2019년 09월','9,000','디젤','오토 A/T',10000,2680),
(1193,'777코2426','경리예','BMW','X5 (G05)','M50d','준대형 SUV','실외: Black metallic, 실내:Leather Mocha','2020','2020년 06월','26,501','디젤','오토 A/T',13600,13600),
(1194,'777코2427','허시유','BMW','X5 (G05)','M50d','준대형 SUV','실외: Black metallic, 실내:Leather Mocha','2020','2020년 03월','7,721','디젤','오토 A/T',13600,12600),
(1195,'777코2428','권로이','BMW','X5 (G05)','M50d','준대형 SUV','실외: Black metallic, 실내:Leather Mocha','2020','2020년 09월','5,845','디젤','오토 A/T',13600,11999),
(1196,'777코2429','서채영','BMW','X5 (G05)','M50d','준대형 SUV','실외: Black metallic, 실내:Leather Mocha','2019','2019년 07월','36,084','디젤','오토 A/T',13600,10900),
(1197,'777코2430','강다겸','BMW','X5 (G05)','M50d','준대형 SUV','실외: Black metallic, 실내:Leather Mocha','2019','2019년 05월','21,880','디젤','오토 A/T',13600,10800),
(1198,'777코2431','황송이','BMW','X5 (G05)','M50d','준대형 SUV','실외: Black metallic, 실내:Leather Mocha','2020','2020년 05월','19,890','디젤','오토 A/T',13600,9990),
(1199,'777코2432','손제나','BMW','X5 (G05)','M50d','준대형 SUV','실외: Black metallic, 실내:Leather Mocha','2019','2019년 06월','22,104','디젤','오토 A/T',13600,9300),
(1200,'777코2433','권승원','BMW','X5 (G05)','M50i','준대형 SUV','실외: Black metallic, 실내:Leather Mocha','2021','2020년 12월','8,680','가솔린','오토 A/T',13600,10300),
(1201,'777코2434','황예찬','BMW','X5 (G05)','M50i','준대형 SUV','실외: Black metallic, 실내:Leather Mocha','2020','2020년 10월','2,690','가솔린','오토 A/T',13600,12100),
(1202,'777코2435','안태민','BMW','X5 (G05)','M50i','준대형 SUV','실외: Black metallic, 실내:Leather Mocha','2020','2020년 10월','10,374','가솔린','오토 A/T',13600,12100),
(1203,'777코2436','송지혁','BMW','X5 (G05)','M50i','준대형 SUV','실외: Black metallic, 실내:Leather Mocha','2020','2020년 10월','3,388','가솔린','오토 A/T',13600,11900),
(1204,'777코2437','류재현','BMW','X5 (G05)','M50i','준대형 SUV','실외: Black metallic, 실내:Leather Mocha','2020','2020년 10월','9,183','가솔린','오토 A/T',13600,11600),
(1205,'777코2438','전신우','BMW','X5 (G05)','M50i','준대형 SUV','실외: Black metallic, 실내:Leather Mocha','2020','2020년 10월','6,250','가솔린','오토 A/T',13600,11600),
(1206,'777코2439','안겸','BMW','X5 (G05)','M50i','준대형 SUV','실외: Black metallic, 실내:Leather Mocha','2021','2021년 03월','10,001','가솔린','오토 A/T',13600,11450),
(1207,'777코2440','홍도건','BMW','X5 (G05)','M50i','준대형 SUV','실외: Black metallic, 실내:Leather Mocha','2020','2020년 10월','7,716','가솔린','오토 A/T',13600,10900),
(1208,'777코2441','계정윤','BMW','X5 (G05)','M50i','준대형 SUV','실외: Black metallic, 실내:Leather Mocha','2021','2021년 06월','2,500','가솔린','오토 A/T',13600,9617),
(1209,'777코1718','김세윤','BMW','5시리즈 (G30)','520d xDrive M 스포츠 플러스','준대형 세단','실외: Black metallic, 실내:Leather Mocha','2017','2017년 10월','127,745','디젤','오토 A/T',10000,3349),
(1210,'777코1489','이리한','BMW','5시리즈 (G30)','520d M 스포츠','준대형 세단','실외: Black metallic, 실내:Leather Mocha','2017','2017년 03월','98,708','디젤','오토 A/T',10000,3300),
(1211,'777코1631','권채율','BMW','5시리즈 (G30)','520d xDrive 럭셔리 플러스','준대형 세단','실외: Black metallic, 실내:Leather Mocha','2018','2018년 12월','121,238','디젤','오토 A/T',10000,3300),
(1212,'777코1649','고호','BMW','5시리즈 (G30)','520d xDrive M 스포츠','준대형 세단','실외: Black metallic, 실내:Leather Mocha','2017','2017년 06월','116,300','디젤','오토 A/T',10000,3300),
(1213,'777코1719','박준혁','BMW','5시리즈 (G30)','520d xDrive M 스포츠 플러스','준대형 세단','실외: Black metallic, 실내:Leather Mocha','2017','2017년 03월','103,718','디젤','오토 A/T',10000,3300),
(1214,'777코1490','김강준','BMW','5시리즈 (G30)','520d M 스포츠','준대형 세단','실외: Black metallic, 실내:Leather Mocha','2017','2017년 05월','110,621','디젤','오토 A/T',10000,3299),
(1215,'777코1491','박하린','BMW','5시리즈 (G30)','520d M 스포츠','준대형 세단','실외: Black metallic, 실내:Leather Mocha','2018','2018년 03월','101,670','디젤','오토 A/T',10000,3299),
(1216,'777코1608','이봄','BMW','5시리즈 (G30)','520d M 스포츠 플러스','준대형 세단','실외: Black metallic, 실내:Leather Mocha','2018','2018년 04월','115,807','디젤','오토 A/T',10000,3299),
(1217,'777코1650','강하성','BMW','5시리즈 (G30)','520d xDrive M 스포츠','준대형 세단','실외: Black metallic, 실내:Leather Mocha','2017','2017년 02월','140,007','디젤','오토 A/T',10000,3299),
(1218,'777코1651','조루이','BMW','5시리즈 (G30)','520d xDrive M 스포츠','준대형 세단','실외: Black metallic, 실내:Leather Mocha','2017','2017년 08월','92,780','디젤','오토 A/T',10000,3299),
(1219,'777코1492','이수혁','BMW','5시리즈 (G30)','520d M 스포츠','준대형 세단','실외: Black metallic, 실내:Leather Mocha','2017','2017년 05월','99,373','디젤','오토 A/T',10000,3290),
(1220,'777코1493','박승준','BMW','5시리즈 (G30)','520d M 스포츠','준대형 세단','실외: Black metallic, 실내:Leather Mocha','2017','2017년 05월','115,000','디젤','오토 A/T',10000,3290),
(1221,'777코1494','문연후','BMW','5시리즈 (G30)','520d M 스포츠','준대형 세단','실외: Black metallic, 실내:Leather Mocha','2017','2017년 06월','109,886','디젤','오토 A/T',10000,3290),
(1222,'777코1609','최강민','BMW','5시리즈 (G30)','520d M 스포츠 플러스','준대형 세단','실외: Black metallic, 실내:Leather Mocha','2017','2017년 03월','179,495','디젤','오토 A/T',10000,3290),
(1223,'777코1495','이재영','BMW','5시리즈 (G30)','520d M 스포츠','준대형 세단','실외: Black metallic, 실내:Leather Mocha','2017','2017년 10월','99,117','디젤','오토 A/T',10000,3280),
(1224,'777코1610','박윤준','BMW','5시리즈 (G30)','520d M 스포츠 플러스','준대형 세단','실외: Black metallic, 실내:Leather Mocha','2017','2017년 10월','109,548','디젤','오토 A/T',10000,3199),
(1225,'777코1720','손민성','BMW','5시리즈 (G30)','520d xDrive M 스포츠 플러스','준대형 세단','실외: Black metallic, 실내:Leather Mocha','2017','2017년 04월','155,305','디젤','오토 A/T',10000,3199),
(1226,'777코1721','배동하','BMW','5시리즈 (G30)','520d xDrive M 스포츠 플러스','준대형 세단','실외: Black metallic, 실내:Leather Mocha','2017','2017년 04월','143,658','디젤','오토 A/T',10000,3199),
(1227,'777코1652','최주환','BMW','5시리즈 (G30)','520d xDrive M 스포츠','준대형 세단','실외: Black metallic, 실내:Leather Mocha','2017','2017년 05월','115,894','디젤','오토 A/T',10000,3150),
(1228,'777코1611','양찬우','BMW','5시리즈 (G30)','520d M 스포츠 플러스','준대형 세단','실외: Black metallic, 실내:Leather Mocha','2017','2017년 06월','147,488','디젤','오토 A/T',10000,3090),
(1229,'777코1722','갑찬율','BMW','5시리즈 (G30)','520d xDrive M 스포츠 플러스','준대형 세단','실외: Black metallic, 실내:Leather Mocha','2017','2017년 05월','151,390','디젤','오토 A/T',10000,3090),
(1230,'777코1723','임현서','BMW','5시리즈 (G30)','520d xDrive M 스포츠 플러스','준대형 세단','실외: Black metallic, 실내:Leather Mocha','2017','2017년 03월','163,210','디젤','오토 A/T',10000,2999),
(1231,'777코1496','황리오','BMW','5시리즈 (G30)','520d M 스포츠','준대형 세단','실외: Black metallic, 실내:Leather Mocha','2017','2017년 07월','178,806','디젤','오토 A/T',10000,2950),
(1232,'777코1612','안민결','BMW','5시리즈 (G30)','520d M 스포츠 플러스','준대형 세단','실외: Black metallic, 실내:Leather Mocha','2017','2017년 07월','154,050','디젤','오토 A/T',10000,2950),
(1233,'777코1613','강성민','BMW','5시리즈 (G30)','520d M 스포츠 플러스','준대형 세단','실외: Black metallic, 실내:Leather Mocha','2017','2017년 05월','207,979','디젤','오토 A/T',10000,2890),
(1234,'777코1724','조정민','BMW','5시리즈 (G30)','520d xDrive M 스포츠 플러스','준대형 세단','실외: Black metallic, 실내:Leather Mocha','2017','2017년 05월','171,901','디젤','오토 A/T',10000,2890),
(1235,'777코1653','강예성','BMW','5시리즈 (G30)','520d xDrive M 스포츠','준대형 세단','실외: Black metallic, 실내:Leather Mocha','2017','2017년 03월','218,597','디젤','오토 A/T',10000,2750),
(1236,'777코1506','경다훈','BMW','5시리즈 (G30)','520d M 스포츠 스페셜 에디션','준대형 세단','실외: Black metallic, 실내:Leather Mocha','2018','2017년 11월','28,800','디젤','오토 A/T',10000,1006),
(1237,'777코1995','조채희','BMW','5시리즈 (G30)','530i M 스포츠 플러스','준대형 세단','실외: Black metallic, 실내:Leather Mocha','2019','2019년 05월','21,007','가솔린','오토 A/T',10000,500),
(1238,'777코2157','윤강우','BMW','7시리즈 (G11)','730d xDrive M 스포츠','대형 세단','실외: Black metallic, 실내:Leather Mocha','2017','2017년 05월','249,194','디젤','오토 A/T',17300,4700),
(1239,'777코2188','고라온','BMW','7시리즈 (G11)','730Ld xDrive','대형 세단','실외: Black metallic, 실내:Leather Mocha','2016','2016년 06월','181,520','디젤','오토 A/T',17300,4699),
(1240,'777코2189','권재이','BMW','7시리즈 (G11)','730Ld xDrive','대형 세단','실외: Black metallic, 실내:Leather Mocha','2016','2016년 10월','191,067','디젤','오토 A/T',17300,4690),
(1241,'777코2128','최지우','BMW','7시리즈 (G11)','730d xDrive','대형 세단','실외: Black metallic, 실내:Leather Mocha','2016','2016년 02월','155,933','디젤','오토 A/T',17300,4550),
(1242,'777코2298','조연준','BMW','7시리즈 (G11)','740Li xDrive','대형 세단','실외: Black metallic, 실내:Leather Mocha','2016','2016년 12월','178,915','가솔린','오토 A/T',17300,4530),
(1243,'777코2129','미시후','BMW','7시리즈 (G11)','730d xDrive','대형 세단','실외: Black metallic, 실내:Leather Mocha','2016','2016년 04월','174,757','디젤','오토 A/T',17300,4500),
(1244,'777코2299','백도영','BMW','7시리즈 (G11)','740Li xDrive','대형 세단','실외: Black metallic, 실내:Leather Mocha','2016','2016년 12월','212,000','가솔린','오토 A/T',17300,4449),
(1245,'777코2141','강재인','BMW','7시리즈 (G11)','730d xDrive M 스포츠','대형 세단','실외: Black metallic, 실내:Leather Mocha','2020','2019년 10월','25,092','디젤','오토 A/T',17300,4326),
(1246,'777코2130','무현우','BMW','7시리즈 (G11)','730d xDrive','대형 세단','실외: Black metallic, 실내:Leather Mocha','2016','2016년 02월','196,149','디젤','오토 A/T',17300,4270),
(1247,'777코2190','허민찬','BMW','7시리즈 (G11)','730Ld xDrive','대형 세단','실외: Black metallic, 실내:Leather Mocha','2016','2016년 12월','63,600','디젤','오토 A/T',17300,4200),
(1248,'777코2136','전주원','BMW','7시리즈 (G11)','730d xDrive 프리미엄','대형 세단','실외: Black metallic, 실내:Leather Mocha','2016','2015년 12월','226,000','디젤','오토 A/T',17300,4100),
(1249,'777코2131','장지한','BMW','7시리즈 (G11)','730d xDrive','대형 세단','실외: Black metallic, 실내:Leather Mocha','2016','2016년 03월','195,534','디젤','오토 A/T',17300,4090),
(1250,'777코2244','최지유','BMW','7시리즈 (G11)','730Ld xDrive M 스포츠','대형 세단','실외: Black metallic, 실내:Leather Mocha','2018','2018년 03월','66,115','디젤','오토 A/T',17300,3831),
(1251,'777코2501','윤민아','BMW','X3 (G01)','xDrive 20d M 스포츠','중형 SUV','실외: Black metallic, 실내:Leather Mocha','2018','2018년 07월','72,144','디젤','오토 A/T',6900,4250),
(1252,'777코2488','조현재','BMW','X3 (G01)','xDrive 20d','중형 SUV','실외: Black metallic, 실내:Leather Mocha','2018','2018년 01월','25,385','디젤','오토 A/T',6900,4300),
(1253,'777코2487','갑하은','BMW','X3 (G01)','xDrive 20d','중형 SUV','실외: Black metallic, 실내:Leather Mocha','2018','2018년 03월','69,049','디젤','오토 A/T',6900,4570),
(1254,'777코2486','신태린','BMW','X3 (G01)','xDrive 20d','중형 SUV','실외: Black metallic, 실내:Leather Mocha','2018','2018년 05월','54,416','디젤','오토 A/T',6900,4590),
(1255,'777코2485','윤윤제','BMW','X3 (G01)','xDrive 20d','중형 SUV','실외: Black metallic, 실내:Leather Mocha','2018','2018년 01월','50,291','디젤','오토 A/T',6900,4650),
(1256,'777코2500','강유나','BMW','X3 (G01)','xDrive 20d M 스포츠','중형 SUV','실외: Black metallic, 실내:Leather Mocha','2018','2018년 03월','63,508','디젤','오토 A/T',6900,4660),
(1257,'777코2536','장민하','BMW','X3 (G01)','xDrive 30d M 스포츠','중형 SUV','실외: Black metallic, 실내:Leather Mocha','2018','2018년 01월','134,369','디젤','오토 A/T',6900,4670),
(1258,'777코2484','한해나','BMW','X3 (G01)','xDrive 20d','중형 SUV','실외: Black metallic, 실내:Leather Mocha','2018','2018년 05월','60,877','디젤','오토 A/T',6900,4699),
(1259,'777코2490','김가인','BMW','X3 (G01)','xDrive 20d M 스포츠','중형 SUV','실외: Black metallic, 실내:Leather Mocha','2020','2019년 12월','53,318','디젤','오토 A/T',6900,5100),
(1260,'777코2499','서제니','BMW','X3 (G01)','xDrive 20d M 스포츠','중형 SUV','실외: Black metallic, 실내:Leather Mocha','2018','2018년 06월','51,780','디젤','오토 A/T',6900,5100),
(1261,'777코2498','축채린','BMW','X3 (G01)','xDrive 20d M 스포츠','중형 SUV','실외: Black metallic, 실내:Leather Mocha','2018','2018년 05월','52,610','디젤','오토 A/T',6900,5200),
(1262,'777코2497','해혜윤','BMW','X3 (G01)','xDrive 20d M 스포츠','중형 SUV','실외: Black metallic, 실내:Leather Mocha','2019','2019년 08월','42,871','디젤','오토 A/T',6900,5250),
(1263,'777코2505','황범준','BMW','X3 (G01)','xDrive 20i M 스포츠','중형 SUV','실외: Black metallic, 실내:Leather Mocha','2021','2020년 12월','3,316','가솔린','오토 A/T',6900,5290),
(1264,'777코2532','강은유','BMW','X3 (G01)','xDrive 30d M 스포츠','중형 SUV','실외: Black metallic, 실내:Leather Mocha','2018','2017년 11월','56,058','디젤','오토 A/T',6900,5350),
(1265,'777코2531','을시진','BMW','X3 (G01)','xDrive 30d M 스포츠','중형 SUV','실외: Black metallic, 실내:Leather Mocha','2018','2017년 12월','42,102','디젤','오토 A/T',6900,5430),
(1266,'777코2535','한민지','BMW','X3 (G01)','xDrive 30d M 스포츠','중형 SUV','실외: Black metallic, 실내:Leather Mocha','2019','2019년 04월','65,357','디젤','오토 A/T',6900,5470),
(1267,'777코2496','권다민','BMW','X3 (G01)','xDrive 20d M 스포츠','중형 SUV','실외: Black metallic, 실내:Leather Mocha','2019','2019년 09월','37,093','디젤','오토 A/T',6900,5599),
(1268,'777코2494','신이담','BMW','X3 (G01)','xDrive 20d M 스포츠','중형 SUV','실외: Black metallic, 실내:Leather Mocha','2018','2018년 06월','17,387','디젤','오토 A/T',6900,5650),
(1269,'777코2495','오시안','BMW','X3 (G01)','xDrive 20d M 스포츠','중형 SUV','실외: Black metallic, 실내:Leather Mocha','2019','2019년 04월','28,311','디젤','오토 A/T',6900,5650),
(1270,'777코2506','한호윤','BMW','X3 (G01)','xDrive 20i M 스포츠','중형 SUV','실외: Black metallic, 실내:Leather Mocha','2021','2021년 06월','1,000','가솔린','오토 A/T',6900,5660),
(1271,'777코2508','서수현','BMW','X3 (G01)','xDrive 30d','중형 SUV','실외: Black metallic, 실내:Leather Mocha','2018','2018년 11월','42,916','디젤','오토 A/T',6900,5670),
(1272,'777코2534','정리현','BMW','X3 (G01)','xDrive 30d M 스포츠','중형 SUV','실외: Black metallic, 실내:Leather Mocha','2018','2018년 01월','42,101','디젤','오토 A/T',6900,5690),
(1273,'777코2504','김민주','BMW','X3 (G01)','xDrive 20i 럭셔리','중형 SUV','실외: Black metallic, 실내:Leather Mocha','2019','2019년 08월','29,441','가솔린','오토 A/T',6900,5700),
(1274,'777코2503','전이음','BMW','X3 (G01)','xDrive 20i 럭셔리','중형 SUV','실외: Black metallic, 실내:Leather Mocha','2020','2020년 04월','16,427','가솔린','오토 A/T',6900,5870),
(1275,'777코2502','홍보영','BMW','X3 (G01)','xDrive 20i 럭셔리','중형 SUV','실외: Black metallic, 실내:Leather Mocha','2020','2020년 04월','16,674','가솔린','오토 A/T',6900,5950),
(1276,'777코2509','전태건','BMW','X5 (G05)','xDrive 30d M 스포츠','준대형 SUV','실외: Black metallic, 실내:Leather Mocha','2021','2020년 11월','4,082','디젤+전기','오토 A/T',13600,9690),
(1277,'777코2510','홍시준','BMW','X5 (G05)','xDrive 30d M 스포츠','준대형 SUV','실외: Black metallic, 실내:Leather Mocha','2021','2020년 11월','4,087','디젤+전기','오토 A/T',13600,9690),
(1278,'777코2511','안민규','BMW','X5 (G05)','xDrive 30d M 스포츠','준대형 SUV','실외: Black metallic, 실내:Leather Mocha','2021','2020년 12월','7,740','디젤','오토 A/T',13600,9490),
(1279,'777코2512','조윤솔','BMW','X5 (G05)','xDrive 30d M 스포츠','준대형 SUV','실외: Black metallic, 실내:Leather Mocha','2020','2019년 10월','40,952','디젤','오토 A/T',13600,8690),
(1280,'777코2513','송재우','BMW','X5 (G05)','xDrive 30d M 스포츠','준대형 SUV','실외: Black metallic, 실내:Leather Mocha','2021','2021년 03월','4,028','디젤+전기','오토 A/T',13600,10290),
(1281,'777코2514','황이헌','BMW','X5 (G05)','xDrive 30d M 스포츠','준대형 SUV','실외: Black metallic, 실내:Leather Mocha','2021','2021년 01월','6,302','디젤+전기','오토 A/T',13600,10100),
(1282,'777코2515','최태영','BMW','X5 (G05)','xDrive 30d M 스포츠','준대형 SUV','실외: Black metallic, 실내:Leather Mocha','2021','2021년 05월','1,100','디젤','오토 A/T',13600,10042),
(1283,'777코2516','고아람','BMW','X5 (G05)','xDrive 30d M 스포츠','준대형 SUV','실외: Black metallic, 실내:Leather Mocha','2020','2020년 04월','8,187','디젤','오토 A/T',13600,9600),
(1284,'777코2517','황이한','BMW','X5 (G05)','xDrive 30d M 스포츠','준대형 SUV','실외: Black metallic, 실내:Leather Mocha','2020','2020년 09월','1,557','디젤','오토 A/T',13600,9300),
(1285,'777코2518','안한결','BMW','X5 (G05)','xDrive 30d M 스포츠','준대형 SUV','실외: Black metallic, 실내:Leather Mocha','2020','2020년 09월','1,554','디젤','오토 A/T',13600,9200),
(1286,'777코2519','송주안','BMW','X5 (G05)','xDrive 30d M 스포츠','준대형 SUV','실외: Black metallic, 실내:Leather Mocha','2020','2020년 09월','11,222','디젤','오토 A/T',13600,9050),
(1287,'777코2520','류시현','BMW','X5 (G05)','xDrive 30d M 스포츠','준대형 SUV','실외: Black metallic, 실내:Leather Mocha','2020','2020년 09월','17,792','디젤','오토 A/T',13600,8950),
(1288,'777코2521','류시온','BMW','X5 (G05)','xDrive 30d M 스포츠','준대형 SUV','실외: Black metallic, 실내:Leather Mocha','2020','2020년 08월','9,150','디젤','오토 A/T',13600,8900),
(1289,'777코2522','강조아','BMW','X5 (G05)','xDrive 30d M 스포츠','준대형 SUV','실외: Black metallic, 실내:Leather Mocha','2020','2020년 06월','21,300','디젤','오토 A/T',13600,8900),
(1290,'777코2523','서소현','BMW','X5 (G05)','xDrive 30d M 스포츠','준대형 SUV','실외: Black metallic, 실내:Leather Mocha','2019','2019년 04월','23,183','디젤','오토 A/T',13600,8790),
(1291,'777코2524','황여울','BMW','X5 (G05)','xDrive 30d M 스포츠','준대형 SUV','실외: Black metallic, 실내:Leather Mocha','2019','2019년 09월','28,510','디젤','오토 A/T',13600,8730),
(1292,'777코2525','안세라','BMW','X5 (G05)','xDrive 30d M 스포츠','준대형 SUV','실외: Black metallic, 실내:Leather Mocha','2019','2019년 09월','22,688','디젤','오토 A/T',13600,8550),
(1293,'777코2526','이리윤','BMW','X5 (G05)','xDrive 30d M 스포츠','준대형 SUV','실외: Black metallic, 실내:Leather Mocha','2019','2019년 08월','66,842','디젤','오토 A/T',13600,8090),
(1294,'777코2527','송연우','BMW','X5 (G05)','xDrive 30d M 스포츠','준대형 SUV','실외: Black metallic, 실내:Leather Mocha','2020','2020년 07월','6,316','디젤','오토 A/T',13600,7890),
(1295,'777코2528','전채연','BMW','X5 (G05)','xDrive 30d M 스포츠','준대형 SUV','실외: Black metallic, 실내:Leather Mocha','2019','2019년 02월','48,268','디젤','오토 A/T',13600,7690),
(1296,'777코2529','전하민','BMW','X5 (G05)','xDrive 30d M 스포츠','준대형 SUV','실외: Black metallic, 실내:Leather Mocha','2020','2020년 09월','16,912','디젤','오토 A/T',13600,7650),
(1297,'777코2530','안라현','BMW','X5 (G05)','xDrive 30d M 스포츠','준대형 SUV','실외: Black metallic, 실내:Leather Mocha','2020','2020년 05월','19,000','디젤','오토 A/T',13600,7390),
(1298,'777코2493','묘레나','BMW','X3 (G01)','xDrive 20d M 스포츠','중형 SUV','실외: Black metallic, 실내:Leather Mocha','2020','2020년 03월','18,889','디젤','오토 A/T',6900,6000),
(1299,'777코2492','전지훈','BMW','X3 (G01)','xDrive 20d M 스포츠','중형 SUV','실외: Black metallic, 실내:Leather Mocha','2020','2020년 08월','14,795','디젤','오토 A/T',6900,6200),
(1300,'777코2489','축유아','BMW','X3 (G01)','xDrive 20d M 스포츠','중형 SUV','실외: Black metallic, 실내:Leather Mocha','2020','2019년 11월','37,195','디젤','오토 A/T',6900,6280),
(1301,'777코2507','윤수진','BMW','X3 (G01)','xDrive 30d','중형 SUV','실외: Black metallic, 실내:Leather Mocha','2019','2019년 05월','26,464','디젤','오토 A/T',6900,6290),
(1302,'777코2559','송리오','BMW','X3 (G01)','xDrive 30i','중형 SUV','실외: Black metallic, 실내:Leather Mocha','2020','2020년 12월','19,818','가솔린','오토 A/T',6900,6290),
(1303,'777코2491','조아원','BMW','X3 (G01)','xDrive 20d M 스포츠','중형 SUV','실외: Black metallic, 실내:Leather Mocha','2020','2020년 06월','23,000','디젤','오토 A/T',6900,6400),
(1304,'777코2537','홍지현','BMW','X5 (G05)','xDrive 30d M 스포츠 퍼스트 에디션','준대형 SUV','실외: Black metallic, 실내:Leather Mocha','2019','2019년 02월','34,067','디젤','오토 A/T',13600,8490),
(1305,'777코2538','고재아','BMW','X5 (G05)','xDrive 30d M 스포츠 퍼스트 에디션','준대형 SUV','실외: Black metallic, 실내:Leather Mocha','2019','2019년 02월','46,200','디젤','오토 A/T',13600,8280),
(1306,'777코2539','류예담','BMW','X5 (G05)','xDrive 30d xLine','준대형 SUV','실외: Black metallic, 실내:Leather Mocha','2021','2021년 02월','1,459','디젤','오토 A/T',13600,9750),
(1307,'777코2540','무민수','BMW','X5 (G05)','xDrive 30d xLine','준대형 SUV','실외: Black metallic, 실내:Leather Mocha','2021','2021년 05월','3,002','디젤','오토 A/T',13600,9690),
(1308,'777코2541','홍유안','BMW','X5 (G05)','xDrive 30d xLine','준대형 SUV','실외: Black metallic, 실내:Leather Mocha','2020','2020년 09월','7,500','디젤','오토 A/T',13600,9201),
(1309,'777코2542','홍지한','BMW','X5 (G05)','xDrive 30d xLine','준대형 SUV','실외: Black metallic, 실내:Leather Mocha','2020','2020년 08월','7,436','디젤','오토 A/T',13600,9200),
(1310,'777코2543','고태윤','BMW','X5 (G05)','xDrive 30d xLine','준대형 SUV','실외: Black metallic, 실내:Leather Mocha','2020','2020년 09월','10,825','디젤','오토 A/T',13600,8999),
(1311,'777코2544','류루하','BMW','X5 (G05)','xDrive 30d xLine','준대형 SUV','실외: Black metallic, 실내:Leather Mocha','2020','2020년 02월','17,188','디젤','오토 A/T',13600,8950),
(1312,'777코2545','서서호','BMW','X5 (G05)','xDrive 30d xLine','준대형 SUV','실외: Black metallic, 실내:Leather Mocha','2020','2020년 09월','10,203','디젤','오토 A/T',13600,8900),
(1313,'777코2546','김율아','BMW','X5 (G05)','xDrive 30d xLine','준대형 SUV','실외: Black metallic, 실내:Leather Mocha','2020','2020년 03월','36,829','디젤','오토 A/T',13600,8777),
(1314,'777코2547','문하얀','BMW','X5 (G05)','xDrive 30d xLine','준대형 SUV','실외: Black metallic, 실내:Leather Mocha','2020','2020년 04월','25,000','디젤','오토 A/T',13600,8500),
(1315,'777코2548','송단비','BMW','X5 (G05)','xDrive 30d xLine','준대형 SUV','실외: Black metallic, 실내:Leather Mocha','2019','2019년 09월','15,737','디젤','오토 A/T',13600,8390),
(1316,'777코2549','류슬','BMW','X5 (G05)','xDrive 30d xLine','준대형 SUV','실외: Black metallic, 실내:Leather Mocha','2019','2019년 09월','27,885','디젤','오토 A/T',13600,8250),
(1317,'777코2550','임민경','BMW','X5 (G05)','xDrive 30d xLine','준대형 SUV','실외: Black metallic, 실내:Leather Mocha','2020','2020년 01월','22,614','디젤','오토 A/T',13600,8199),
(1318,'777코2551','장세인','BMW','X5 (G05)','xDrive 30d xLine','준대형 SUV','실외: Black metallic, 실내:Leather Mocha','2019','2019년 05월','33,245','디젤','오토 A/T',13600,8190),
(1319,'777코2552','윤다해','BMW','X5 (G05)','xDrive 30d xLine','준대형 SUV','실외: Black metallic, 실내:Leather Mocha','2019','2019년 10월','30,921','디젤','오토 A/T',13600,8000),
(1320,'777코2553','정혜린','BMW','X5 (G05)','xDrive 30d xLine','준대형 SUV','실외: Black metallic, 실내:Leather Mocha','2019','2019년 05월','37,781','디젤','오토 A/T',13600,7990),
(1321,'777코2554','배시율','BMW','X5 (G05)','xDrive 30d xLine','준대형 SUV','실외: Black metallic, 실내:Leather Mocha','2019','2019년 06월','58,737','디젤','오토 A/T',13600,7890),
(1322,'777코2555','정해리','BMW','X5 (G05)','xDrive 30d xLine','준대형 SUV','실외: Black metallic, 실내:Leather Mocha','2019','2019년 07월','44,497','디젤','오토 A/T',13600,7850),
(1323,'777코2556','한효주','BMW','X5 (G05)','xDrive 30d xLine','준대형 SUV','실외: Black metallic, 실내:Leather Mocha','2019','2019년 05월','69,512','디젤','오토 A/T',13600,7699),
(1324,'777코2557','강강윤','BMW','X5 (G05)','xDrive 30d xLine','준대형 SUV','실외: Black metallic, 실내:Leather Mocha','2021','2021년 05월','50','디젤','오토 A/T',13600,7582),
(1325,'777코2558','미아림','BMW','X5 (G05)','xDrive 30d xLine','준대형 SUV','실외: Black metallic, 실내:Leather Mocha','2019','2019년 05월','23,195','디젤','오토 A/T',13600,5280),
(1326,'777코2533','고하온','BMW','X3 (G01)','xDrive 30d M 스포츠','중형 SUV','실외: Black metallic, 실내:Leather Mocha','2020','2020년 08월','7,622','디젤','오토 A/T',6900,6900),
(1327,'777코2560','류민결','BMW','X5 (G05)','xDrive 40d xLine','준대형 SUV','실외: Black metallic, 실내:Leather Mocha','2021','2020년 12월','6,181','디젤','오토 A/T',13600,9600),
(1328,'777코2561','전지용','BMW','X5 (G05)','xDrive 40i M 스포츠','준대형 SUV','실외: Black metallic, 실내:Leather Mocha','2021','2020년 12월','7,503','가솔린','오토 A/T',13600,10890),
(1329,'777코2562','고해성','BMW','X5 (G05)','xDrive 40i M 스포츠','준대형 SUV','실외: Black metallic, 실내:Leather Mocha','2021','2020년 11월','7,728','가솔린','오토 A/T',13600,10500),
(1330,'777코2563','고산','BMW','X5 (G05)','xDrive 40i M 스포츠','준대형 SUV','실외: Black metallic, 실내:Leather Mocha','2020','2020년 10월','6,300','가솔린','오토 A/T',13600,11316),
(1331,'777코2564','안채우','BMW','X5 (G05)','xDrive 40i M 스포츠','준대형 SUV','실외: Black metallic, 실내:Leather Mocha','2021','2021년 01월','4,900','가솔린','오토 A/T',13600,11000),
(1332,'777코2565','송은후','BMW','X5 (G05)','xDrive 40i M 스포츠','준대형 SUV','실외: Black metallic, 실내:Leather Mocha','2021','2021년 01월','3,289','가솔린','오토 A/T',13600,10980),
(1333,'777코2566','류루이','BMW','X5 (G05)','xDrive 40i M 스포츠','준대형 SUV','실외: Black metallic, 실내:Leather Mocha','2021','2021년 01월','7,800','가솔린','오토 A/T',13600,10500),
(1334,'777코2567','양태인','BMW','X5 (G05)','xDrive 40i M 스포츠','준대형 SUV','실외: Black metallic, 실내:Leather Mocha','2020','2020년 04월','11,544','가솔린','오토 A/T',13600,9990),
(1335,'777코2568','류이현','BMW','X5 (G05)','xDrive 40i M 스포츠','준대형 SUV','실외: Black metallic, 실내:Leather Mocha','2020','2020년 07월','11,719','가솔린','오토 A/T',13600,9950),
(1336,'777코2569','손민','BMW','X5 (G05)','xDrive 40i M 스포츠','준대형 SUV','실외: Black metallic, 실내:Leather Mocha','2020','2020년 04월','6,550','가솔린','오토 A/T',13600,9900),
(1337,'777코2570','류민석','BMW','X5 (G05)','xDrive 40i M 스포츠','준대형 SUV','실외: Black metallic, 실내:Leather Mocha','2021','2021년 03월','1,243','가솔린','오토 A/T',13600,8791),
(1338,'777코2571','송은진','BMW','X5 (G05)','xDrive 40i xLine','준대형 SUV','실외: Black metallic, 실내:Leather Mocha','2020','2020년 05월','1,474','가솔린','오토 A/T',13600,9590),
(1339,'777코2572','배은호','BMW','X5 (G05)','xDrive 40i xLine','준대형 SUV','실외: Black metallic, 실내:Leather Mocha','2020','2020년 04월','22,333','가솔린','오토 A/T',13600,9200),
(1340,'777코2573','조세현','BMW','X5 (G05)','xDrive 40i xLine','준대형 SUV','실외: Black metallic, 실내:Leather Mocha','2020','2020년 04월','18,973','가솔린','오토 A/T',13600,8800),
(1341,'777코2574','류나예','BMW','X5 (G05)','xDrive 40i xLine','준대형 SUV','실외: Black metallic, 실내:Leather Mocha','2020','2020년 05월','1,905','가솔린','오토 A/T',13600,8370),
(1342,'777코2575','전인서','BMW','X5 (G05)','xDrive 40i xLine','준대형 SUV','실외: Black metallic, 실내:Leather Mocha','2020','2020년 02월','11,700','가솔린','오토 A/T',13600,7840),
(1343,'777코2576','전서한','BMW','X5 (G05)','xDrive 45e M 스포츠','준대형 SUV','실외: Black metallic, 실내:Leather Mocha','2021','2021년 01월','7,893','가솔린+전기','오토 A/T',13600,10600),
(1344,'777코2577','경시율','BMW','X5 (G05)','xDrive 45e M 스포츠','준대형 SUV','실외: Black metallic, 실내:Leather Mocha','2020','2020년 09월','2,050','가솔린+전기','오토 A/T',13600,10490),
(1345,'777코2578','홍재호','BMW','X5 (G05)','xDrive 45e xLine','준대형 SUV','실외: Black metallic, 실내:Leather Mocha','2021','2020년 12월','5,900','가솔린+전기','오토 A/T',13600,10200);
/*!40000 ALTER TABLE `test_cars` ENABLE KEYS */;
UNLOCK TABLES;

--
-- Table structure for table `test_insurance_histories`
--

DROP TABLE IF EXISTS `test_insurance_histories`;
/*!40101 SET @saved_cs_client     = @@character_set_client */;
/*!40101 SET character_set_client = utf8 */;
CREATE TABLE `test_insurance_histories` (
  `id` bigint(20) NOT NULL AUTO_INCREMENT,
  `history` varchar(50) NOT NULL,
  `test_car_id` bigint(20) NOT NULL,
  PRIMARY KEY (`id`),
  KEY `test_insurance_histories_test_car_id_eb20f66b_fk_test_cars_id` (`test_car_id`),
  CONSTRAINT `test_insurance_histories_test_car_id_eb20f66b_fk_test_cars_id` FOREIGN KEY (`test_car_id`) REFERENCES `test_cars` (`id`)
) ENGINE=InnoDB AUTO_INCREMENT=615 DEFAULT CHARSET=utf8mb4;
/*!40101 SET character_set_client = @saved_cs_client */;

--
-- Dumping data for table `test_insurance_histories`
--

LOCK TABLES `test_insurance_histories` WRITE;
/*!40000 ALTER TABLE `test_insurance_histories` DISABLE KEYS */;
INSERT INTO `test_insurance_histories` VALUES
(1,'2022년 05월 07일 [ 680만원 ]',161),
(2,'2022년 09월 22일 [ 958만원 ]',162),
(3,'2022년 06월 26일 [ 870만원 ]',435),
(4,'2022년 04월 30일 [ 645만원 ]',481),
(5,'2022년 06월 06일 [ 830만원 ]',483),
(6,'2022년 08월 07일 [ 912만원 ]',495),
(7,'2022년 09월 23일 [ 959만원 ]',497),
(8,'2022년 08월 08일 [ 913만원 ]',519),
(9,'2022년 05월 08일 [ 685만원 ]',520),
(10,'2022년 06월 27일 [ 871만원 ]',521),
(11,'2022년 05월 09일 [ 690만원 ]',528),
(12,'2022년 08월 09일 [ 914만원 ]',533),
(13,'2022년 10월 15일 [ 981만원 ]',545),
(14,'2022년 05월 10일 [ 695만원 ]',557),
(15,'2022년 05월 11일 [ 700만원 ]',558),
(16,'2022년 06월 07일 [ 835만원 ]',566),
(17,'2022년 06월 08일 [ 840만원 ]',571),
(18,'2022년 09월 24일 [ 960만원 ]',575),
(19,'2022년 08월 10일 [ 915만원 ]',577),
(20,'2022년 10월 16일 [ 982만원 ]',579),
(21,'2022년 08월 11일 [ 916만원 ]',581),
(22,'2022년 06월 09일 [ 845만원 ]',585),
(23,'2022년 10월 17일 [ 983만원 ]',588),
(24,'2022년 09월 25일 [ 961만원 ]',589),
(25,'2022년 10월 18일 [ 984만원 ]',591),
(26,'2022년 06월 28일 [ 872만원 ]',603),
(27,'2022년 06월 10일 [ 850만원 ]',604),
(28,'2022년 06월 29일 [ 873만원 ]',605),
(29,'2022년 08월 12일 [ 917만원 ]',607),
(30,'2022년 05월 12일 [ 705만원 ]',609),
(31,'2022년 05월 01일 [ 650만원 ]',621),
(32,'2022년 10월 19일 [ 985만원 ]',631),
(33,'2022년 08월 13일 [ 918만원 ]',632),
(34,'2022년 05월 13일 [ 710만원 ]',638),
(35,'2022년 09월 26일 [ 962만원 ]',640),
(36,'2022년 08월 14일 [ 919만원 ]',645),
(37,'2022년 09월 27일 [ 963만원 ]',650),
(38,'2022년 06월 11일 [ 855만원 ]',658),
(39,'2022년 05월 14일 [ 715만원 ]',660),
(40,'2022년 08월 15일 [ 920만원 ]',662),
(41,'2022년 08월 16일 [ 921만원 ]',665),
(42,'2022년 10월 20일 [ 986만원 ]',669),
(43,'2022년 09월 28일 [ 964만원 ]',672),
(44,'2022년 08월 17일 [ 922만원 ]',673),
(45,'2022년 08월 18일 [ 923만원 ]',675),
(46,'2022년 09월 29일 [ 965만원 ]',676),
(47,'2022년 05월 15일 [ 720만원 ]',677),
(48,'2022년 06월 30일 [ 874만원 ]',678),
(49,'2022년 08월 19일 [ 924만원 ]',684),
(50,'2022년 10월 21일 [ 987만원 ]',688),
(51,'2022년 07월 01일 [ 875만원 ]',690),
(52,'2022년 07월 02일 [ 876만원 ]',691),
(53,'2022년 09월 30일 [ 966만원 ]',692),
(54,'2022년 08월 20일 [ 925만원 ]',699),
(55,'2022년 05월 16일 [ 725만원 ]',700),
(56,'2022년 07월 03일 [ 877만원 ]',702),
(57,'2022년 08월 21일 [ 926만원 ]',703),
(58,'2022년 08월 22일 [ 927만원 ]',704),
(59,'2022년 08월 23일 [ 928만원 ]',705),
(60,'2022년 10월 22일 [ 988만원 ]',706),
(61,'2022년 10월 01일 [ 967만원 ]',708),
(62,'2022년 05월 17일 [ 730만원 ]',710),
(63,'2022년 08월 24일 [ 929만원 ]',716),
(64,'2022년 07월 04일 [ 878만원 ]',720),
(65,'2022년 07월 05일 [ 879만원 ]',723),
(66,'2022년 10월 23일 [ 989만원 ]',724),
(67,'2022년 07월 06일 [ 880만원 ]',725),
(68,'2022년 05월 18일 [ 735만원 ]',731),
(69,'2022년 10월 24일 [ 990만원 ]',732),
(70,'2022년 08월 25일 [ 930만원 ]',737),
(71,'2022년 05월 02일 [ 655만원 ]',741),
(72,'2022년 07월 07일 [ 881만원 ]',742),
(73,'2022년 10월 25일 [ 991만원 ]',743),
(74,'2022년 07월 08일 [ 882만원 ]',751),
(75,'2022년 06월 12일 [ 856만원 ]',754),
(76,'2022년 08월 26일 [ 931만원 ]',756),
(77,'2022년 10월 02일 [ 968만원 ]',757),
(78,'2022년 08월 27일 [ 932만원 ]',760),
(79,'2022년 06월 13일 [ 857만원 ]',763),
(80,'2022년 05월 19일 [ 740만원 ]',764),
(81,'2022년 06월 14일 [ 858만원 ]',768),
(82,'2022년 05월 20일 [ 745만원 ]',769),
(83,'2022년 07월 09일 [ 883만원 ]',773),
(84,'2022년 08월 28일 [ 933만원 ]',781),
(85,'2022년 05월 21일 [ 750만원 ]',783),
(86,'2022년 08월 29일 [ 934만원 ]',785),
(87,'2022년 08월 30일 [ 935만원 ]',788),
(88,'2022년 08월 31일 [ 936만원 ]',792),
(89,'2022년 09월 01일 [ 937만원 ]',793),
(90,'2022년 07월 10일 [ 884만원 ]',797),
(91,'2022년 06월 15일 [ 859만원 ]',802),
(92,'2022년 06월 16일 [ 860만원 ]',806),
(93,'2022년 05월 03일 [ 660만원 ]',807),
(94,'2022년 07월 11일 [ 885만원 ]',808),
(95,'2022년 06월 17일 [ 861만원 ]',809),
(96,'2022년 10월 26일 [ 992만원 ]',811),
(97,'2022년 09월 02일 [ 938만원 ]',814),
(98,'2022년 07월 12일 [ 886만원 ]',817),
(99,'2022년 05월 04일 [ 665만원 ]',820),
(100,'2022년 07월 13일 [ 887만원 ]',822),
(101,'2022년 07월 14일 [ 888만원 ]',823),
(102,'2022년 10월 03일 [ 969만원 ]',826),
(103,'2022년 09월 03일 [ 939만원 ]',827),
(104,'2022년 05월 22일 [ 755만원 ]',828),
(105,'2022년 09월 04일 [ 940만원 ]',829),
(106,'2022년 06월 18일 [ 862만원 ]',833),
(107,'2022년 10월 04일 [ 970만원 ]',838),
(108,'2022년 10월 27일 [ 993만원 ]',842),
(109,'2022년 05월 23일 [ 760만원 ]',846),
(110,'2022년 06월 19일 [ 863만원 ]',847),
(111,'2022년 07월 15일 [ 889만원 ]',850),
(112,'2022년 09월 05일 [ 941만원 ]',852),
(113,'2022년 09월 06일 [ 942만원 ]',853),
(114,'2022년 07월 16일 [ 890만원 ]',855),
(115,'2022년 10월 28일 [ 994만원 ]',856),
(116,'2022년 09월 07일 [ 943만원 ]',857),
(117,'2022년 05월 24일 [ 765만원 ]',860),
(118,'2022년 10월 29일 [ 995만원 ]',861),
(119,'2022년 09월 08일 [ 944만원 ]',862),
(120,'2022년 07월 17일 [ 891만원 ]',863),
(121,'2022년 09월 09일 [ 945만원 ]',867),
(122,'2022년 05월 05일 [ 670만원 ]',869),
(123,'2022년 10월 30일 [ 996만원 ]',872),
(124,'2022년 10월 05일 [ 971만원 ]',946),
(125,'2022년 10월 06일 [ 972만원 ]',955),
(126,'2022년 10월 07일 [ 973만원 ]',956),
(127,'2022년 05월 25일 [ 770만원 ]',968),
(128,'2022년 07월 18일 [ 892만원 ]',986),
(129,'2022년 03월 25일 [ 465만원 ]',987),
(130,'2022년 02월 09일 [ 245만원 ]',991),
(131,'2022년 01월 01일 [ 50만원 ]',1003),
(132,'2022년 05월 26일 [ 775만원 ]',1006),
(133,'2022년 03월 26일 [ 470만원 ]',1007),
(134,'2022년 03월 27일 [ 475만원 ]',1008),
(135,'2022년 06월 20일 [ 864만원 ]',1011),
(136,'2022년 10월 31일 [ 997만원 ]',1017),
(137,'2022년 07월 19일 [ 893만원 ]',1019),
(138,'2022년 09월 10일 [ 946만원 ]',1022),
(139,'2022년 09월 11일 [ 947만원 ]',1023),
(140,'2022년 03월 28일 [ 480만원 ]',1024),
(141,'2022년 03월 29일 [ 485만원 ]',1027),
(142,'2022년 09월 12일 [ 948만원 ]',1028),
(143,'2022년 07월 20일 [ 894만원 ]',1029),
(144,'2022년 03월 30일 [ 490만원 ]',1031),
(145,'2022년 07월 21일 [ 895만원 ]',1033),
(146,'2022년 03월 31일 [ 495만원 ]',1034),
(147,'2022년 01월 21일 [ 150만원 ]',1035),
(148,'2022년 04월 01일 [ 500만원 ]',1036),
(149,'2022년 07월 22일 [ 896만원 ]',1041),
(150,'2022년 09월 13일 [ 949만원 ]',1043),
(151,'2022년 04월 02일 [ 505만원 ]',1047),
(152,'2022년 10월 08일 [ 974만원 ]',1048),
(153,'2022년 03월 17일 [ 425만원 ]',1049),
(154,'2022년 03월 18일 [ 430만원 ]',1050),
(155,'2022년 02월 22일 [ 310만원 ]',1051),
(156,'2022년 03월 12일 [ 400만원 ]',1052),
(157,'2022년 09월 14일 [ 950만원 ]',1053),
(158,'2022년 10월 09일 [ 975만원 ]',1054),
(159,'2022년 11월 01일 [ 998만원 ]',1055),
(160,'2022년 04월 03일 [ 510만원 ]',1056),
(161,'2022년 02월 05일 [ 225만원 ]',1057),
(162,'2022년 03월 19일 [ 435만원 ]',1058),
(163,'2022년 05월 27일 [ 780만원 ]',1060),
(164,'2022년 01월 22일 [ 155만원 ]',1061),
(165,'2022년 02월 12일 [ 260만원 ]',1062),
(166,'2022년 04월 04일 [ 515만원 ]',1065),
(167,'2022년 07월 23일 [ 897만원 ]',1066),
(168,'2022년 04월 05일 [ 520만원 ]',1067),
(169,'2022년 01월 13일 [ 110만원 ]',1068),
(170,'2022년 09월 15일 [ 951만원 ]',1069),
(171,'2022년 01월 23일 [ 160만원 ]',1071),
(172,'2022년 04월 06일 [ 525만원 ]',1072),
(173,'2022년 05월 28일 [ 785만원 ]',1073),
(174,'2022년 11월 02일 [ 999만원 ]',1074),
(175,'2022년 02월 27일 [ 335만원 ]',1075),
(176,'2022년 01월 24일 [ 165만원 ]',1076),
(177,'2022년 01월 07일 [ 80만원 ]',1077),
(178,'2022년 06월 21일 [ 865만원 ]',1078),
(179,'2022년 07월 24일 [ 898만원 ]',1079),
(180,'2022년 07월 25일 [ 899만원 ]',1080),
(181,'2022년 05월 29일 [ 790만원 ]',1082),
(182,'2022년 06월 22일 [ 866만원 ]',1083),
(183,'2022년 04월 07일 [ 530만원 ]',1084),
(184,'2022년 04월 08일 [ 535만원 ]',1085),
(185,'2022년 06월 23일 [ 867만원 ]',1087),
(186,'2022년 01월 14일 [ 115만원 ]',1088),
(187,'2022년 03월 13일 [ 405만원 ]',1089),
(188,'2022년 02월 13일 [ 265만원 ]',1090),
(189,'2022년 09월 16일 [ 952만원 ]',1091),
(190,'2022년 02월 28일 [ 340만원 ]',1092),
(191,'2022년 10월 10일 [ 976만원 ]',1094),
(192,'2022년 03월 20일 [ 440만원 ]',1095),
(193,'2022년 03월 06일 [ 370만원 ]',1096),
(194,'2022년 07월 26일 [ 900만원 ]',1097),
(195,'2022년 02월 14일 [ 270만원 ]',1098),
(196,'2022년 09월 17일 [ 953만원 ]',1099),
(197,'2022년 04월 09일 [ 540만원 ]',1100),
(198,'2022년 01월 08일 [ 85만원 ]',1101),
(199,'2022년 03월 07일 [ 375만원 ]',1102),
(200,'2022년 01월 02일 [ 55만원 ]',1103),
(201,'2022년 04월 10일 [ 545만원 ]',1106),
(202,'2022년 04월 11일 [ 550만원 ]',1107),
(203,'2022년 05월 30일 [ 795만원 ]',1108),
(204,'2022년 04월 12일 [ 555만원 ]',1109),
(205,'2022년 02월 10일 [ 250만원 ]',1110),
(206,'2022년 03월 08일 [ 380만원 ]',1111),
(207,'2022년 01월 30일 [ 195만원 ]',1112),
(208,'2022년 04월 13일 [ 560만원 ]',1113),
(209,'2022년 01월 25일 [ 170만원 ]',1114),
(210,'2022년 02월 23일 [ 315만원 ]',1115),
(211,'2022년 01월 31일 [ 200만원 ]',1116),
(212,'2022년 02월 24일 [ 320만원 ]',1117),
(213,'2022년 01월 15일 [ 120만원 ]',1119),
(214,'2022년 01월 16일 [ 125만원 ]',1120),
(215,'2022년 03월 09일 [ 385만원 ]',1121),
(216,'2022년 04월 14일 [ 565만원 ]',1122),
(217,'2022년 03월 21일 [ 445만원 ]',1123),
(218,'2022년 03월 01일 [ 345만원 ]',1124),
(219,'2022년 03월 22일 [ 450만원 ]',1125),
(220,'2022년 07월 27일 [ 901만원 ]',1128),
(221,'2022년 04월 15일 [ 570만원 ]',1129),
(222,'2022년 09월 18일 [ 954만원 ]',1130),
(223,'2022년 04월 16일 [ 575만원 ]',1131),
(224,'2022년 04월 17일 [ 580만원 ]',1132),
(225,'2022년 04월 18일 [ 585만원 ]',1133),
(226,'2022년 01월 09일 [ 90만원 ]',1134),
(227,'2022년 10월 11일 [ 977만원 ]',1136),
(228,'2022년 10월 12일 [ 978만원 ]',1137),
(229,'2022년 03월 23일 [ 455만원 ]',1139),
(230,'2022년 01월 03일 [ 60만원 ]',1140),
(231,'2022년 07월 28일 [ 902만원 ]',1141),
(232,'2022년 07월 29일 [ 903만원 ]',1142),
(233,'2022년 01월 17일 [ 130만원 ]',1143),
(234,'2022년 03월 10일 [ 390만원 ]',1144),
(235,'2022년 04월 19일 [ 590만원 ]',1145),
(236,'2022년 01월 10일 [ 95만원 ]',1146),
(237,'2022년 04월 20일 [ 595만원 ]',1147),
(238,'2022년 02월 15일 [ 275만원 ]',1148),
(239,'2022년 04월 21일 [ 600만원 ]',1149),
(240,'2022년 01월 11일 [ 100만원 ]',1150),
(241,'2022년 01월 26일 [ 175만원 ]',1151),
(242,'2022년 01월 04일 [ 65만원 ]',1152),
(243,'2022년 01월 12일 [ 105만원 ]',1153),
(244,'2022년 01월 27일 [ 180만원 ]',1154),
(245,'2022년 01월 28일 [ 185만원 ]',1155),
(246,'2022년 02월 16일 [ 280만원 ]',1156),
(247,'2022년 02월 06일 [ 230만원 ]',1157),
(248,'2022년 03월 11일 [ 395만원 ]',1158),
(249,'2022년 03월 02일 [ 350만원 ]',1159),
(250,'2022년 05월 31일 [ 800만원 ]',1161),
(251,'2022년 01월 05일 [ 70만원 ]',1162),
(252,'2022년 02월 25일 [ 325만원 ]',1164),
(253,'2022년 02월 17일 [ 285만원 ]',1165),
(254,'2022년 04월 22일 [ 605만원 ]',1166),
(255,'2022년 03월 14일 [ 410만원 ]',1167),
(256,'2022년 02월 01일 [ 205만원 ]',1168),
(257,'2022년 03월 03일 [ 355만원 ]',1169),
(258,'2022년 02월 07일 [ 235만원 ]',1170),
(259,'2022년 03월 04일 [ 360만원 ]',1171),
(260,'2022년 01월 18일 [ 135만원 ]',1172),
(261,'2022년 03월 24일 [ 460만원 ]',1173),
(262,'2022년 02월 18일 [ 290만원 ]',1174),
(263,'2022년 04월 23일 [ 610만원 ]',1175),
(264,'2022년 02월 26일 [ 330만원 ]',1176),
(265,'2022년 04월 24일 [ 615만원 ]',1177),
(266,'2022년 01월 19일 [ 140만원 ]',1178),
(267,'2022년 02월 19일 [ 295만원 ]',1179),
(268,'2022년 03월 15일 [ 415만원 ]',1180),
(269,'2022년 04월 25일 [ 620만원 ]',1181),
(270,'2022년 03월 05일 [ 365만원 ]',1182),
(271,'2022년 02월 02일 [ 210만원 ]',1183),
(272,'2022년 04월 26일 [ 625만원 ]',1184),
(273,'2022년 01월 29일 [ 190만원 ]',1185),
(274,'2022년 02월 20일 [ 300만원 ]',1186),
(275,'2022년 01월 06일 [ 75만원 ]',1187),
(276,'2022년 06월 01일 [ 805만원 ]',1210),
(277,'2022년 09월 19일 [ 955만원 ]',1212),
(278,'2022년 06월 02일 [ 810만원 ]',1213),
(279,'2022년 07월 30일 [ 904만원 ]',1214),
(280,'2022년 05월 06일 [ 675만원 ]',1217),
(281,'2022년 11월 03일 [ 1000만원 ]',1218),
(282,'2022년 07월 31일 [ 905만원 ]',1219),
(283,'2022년 08월 01일 [ 906만원 ]',1220),
(284,'2022년 09월 20일 [ 956만원 ]',1221),
(285,'2022년 06월 03일 [ 815만원 ]',1222),
(286,'2022년 06월 24일 [ 868만원 ]',1225),
(287,'2022년 06월 25일 [ 869만원 ]',1226),
(288,'2022년 08월 02일 [ 907만원 ]',1227),
(289,'2022년 09월 21일 [ 957만원 ]',1228),
(290,'2022년 08월 03일 [ 908만원 ]',1229),
(291,'2022년 06월 04일 [ 820만원 ]',1230),
(292,'2022년 10월 13일 [ 979만원 ]',1231),
(293,'2022년 10월 14일 [ 980만원 ]',1232),
(294,'2022년 08월 04일 [ 909만원 ]',1233),
(295,'2022년 08월 05일 [ 910만원 ]',1234),
(296,'2022년 06월 05일 [ 825만원 ]',1235),
(297,'2022년 08월 06일 [ 911만원 ]',1238),
(298,'2022년 02월 21일 [ 305만원 ]',1239),
(299,'2022년 03월 16일 [ 420만원 ]',1240),
(300,'2022년 02월 03일 [ 215만원 ]',1241),
(301,'2022년 04월 27일 [ 630만원 ]',1242),
(302,'2022년 02월 11일 [ 255만원 ]',1243),
(303,'2022년 04월 28일 [ 635만원 ]',1244),
(304,'2022년 02월 04일 [ 220만원 ]',1246),
(305,'2022년 04월 29일 [ 640만원 ]',1247),
(306,'2022년 01월 20일 [ 145만원 ]',1248),
(307,'2022년 02월 08일 [ 240만원 ]',1249),
(308,'2022년 7월 중고차 구매',1003),
(309,'2022년 7월 중고차 구매',1103),
(310,'2022년 7월 중고차 구매',1140),
(311,'2022년 7월 중고차 구매',1152),
(312,'2022년 7월 중고차 구매',1162),
(313,'2022년 7월 중고차 구매',1187),
(314,'2022년 7월 중고차 구매',1077),
(315,'2022년 7월 중고차 구매',1101),
(316,'2022년 7월 중고차 구매',1134),
(317,'2022년 7월 중고차 구매',1146),
(318,'2022년 7월 중고차 구매',1150),
(319,'2022년 7월 중고차 구매',1153),
(320,'2022년 7월 중고차 구매',1068),
(321,'2022년 7월 중고차 구매',1088),
(322,'2022년 7월 중고차 구매',1119),
(323,'2022년 7월 중고차 구매',1120),
(324,'2022년 7월 중고차 구매',1143),
(325,'2022년 7월 중고차 구매',1172),
(326,'2022년 7월 중고차 구매',1178),
(327,'2022년 7월 중고차 구매',1248),
(328,'2022년 7월 중고차 구매',1035),
(329,'2022년 7월 중고차 구매',1061),
(330,'2022년 7월 중고차 구매',1071),
(331,'2022년 7월 중고차 구매',1076),
(332,'2022년 7월 중고차 구매',1114),
(333,'2022년 7월 중고차 구매',1151),
(334,'2022년 7월 중고차 구매',1154),
(335,'2022년 7월 중고차 구매',1155),
(336,'2022년 7월 중고차 구매',1185),
(337,'2022년 7월 중고차 구매',1112),
(338,'2022년 7월 중고차 구매',1116),
(339,'2022년 7월 중고차 구매',1168),
(340,'2022년 7월 중고차 구매',1183),
(341,'2022년 7월 중고차 구매',1241),
(342,'2022년 7월 중고차 구매',1246),
(343,'2022년 7월 중고차 구매',1057),
(344,'2022년 7월 중고차 구매',1157),
(345,'2022년 7월 중고차 구매',1170),
(346,'2022년 7월 중고차 구매',1249),
(347,'2022년 7월 중고차 구매',991),
(348,'2022년 7월 중고차 구매',1110),
(349,'2022년 7월 중고차 구매',1243),
(350,'2022년 7월 중고차 구매',1062),
(351,'2022년 7월 중고차 구매',1090),
(352,'2022년 7월 중고차 구매',1098),
(353,'2022년 7월 중고차 구매',1148),
(354,'2022년 7월 중고차 구매',1156),
(355,'2022년 7월 중고차 구매',1165),
(356,'2022년 7월 중고차 구매',1174),
(357,'2022년 7월 중고차 구매',1179),
(358,'2022년 7월 중고차 구매',1186),
(359,'2022년 7월 중고차 구매',1239),
(360,'2022년 7월 중고차 구매',1051),
(361,'2022년 7월 중고차 구매',1115),
(362,'2022년 7월 중고차 구매',1117),
(363,'2022년 7월 중고차 구매',1164),
(364,'2022년 7월 중고차 구매',1176),
(365,'2022년 7월 중고차 구매',1075),
(366,'2022년 7월 중고차 구매',1092),
(367,'2022년 7월 중고차 구매',1124),
(368,'2022년 7월 중고차 구매',1159),
(369,'2022년 7월 중고차 구매',1169),
(370,'2022년 7월 중고차 구매',1171),
(371,'2022년 7월 중고차 구매',1182),
(372,'2022년 7월 중고차 구매',1096),
(373,'2022년 7월 중고차 구매',1102),
(374,'2022년 7월 중고차 구매',1111),
(375,'2022년 7월 중고차 구매',1121),
(376,'2022년 7월 중고차 구매',1144),
(377,'2022년 7월 중고차 구매',1158),
(378,'2022년 7월 중고차 구매',1052),
(379,'2022년 7월 중고차 구매',1089),
(380,'2022년 7월 중고차 구매',1167),
(381,'2022년 7월 중고차 구매',1180),
(382,'2022년 7월 중고차 구매',1240),
(383,'2022년 7월 중고차 구매',1049),
(384,'2022년 7월 중고차 구매',1050),
(385,'2022년 7월 중고차 구매',1058),
(386,'2022년 7월 중고차 구매',1095),
(387,'2022년 7월 중고차 구매',1123),
(388,'2022년 7월 중고차 구매',1125),
(389,'2022년 7월 중고차 구매',1139),
(390,'2022년 7월 중고차 구매',1173),
(391,'2022년 7월 중고차 구매',987),
(392,'2022년 7월 중고차 구매',1007),
(393,'2022년 7월 중고차 구매',1008),
(394,'2022년 7월 중고차 구매',1024),
(395,'2022년 7월 중고차 구매',1027),
(396,'2022년 7월 중고차 구매',1031),
(397,'2022년 7월 중고차 구매',1034),
(398,'2022년 7월 중고차 구매',1036),
(399,'2022년 7월 중고차 구매',1047),
(400,'2022년 7월 중고차 구매',1056),
(401,'2022년 7월 중고차 구매',1065),
(402,'2022년 7월 중고차 구매',1067),
(403,'2022년 7월 중고차 구매',1072),
(404,'2022년 7월 중고차 구매',1084),
(405,'2022년 7월 중고차 구매',1085),
(406,'2022년 7월 중고차 구매',1100),
(407,'2022년 7월 중고차 구매',1106),
(408,'2022년 7월 중고차 구매',1107),
(409,'2022년 7월 중고차 구매',1109),
(410,'2022년 7월 중고차 구매',1113),
(411,'2022년 7월 중고차 구매',1122),
(412,'2022년 7월 중고차 구매',1129),
(413,'2022년 7월 중고차 구매',1131),
(414,'2022년 7월 중고차 구매',1132),
(415,'2022년 7월 중고차 구매',1133),
(416,'2022년 7월 중고차 구매',1145),
(417,'2022년 7월 중고차 구매',1147),
(418,'2022년 7월 중고차 구매',1149),
(419,'2022년 7월 중고차 구매',1166),
(420,'2022년 7월 중고차 구매',1175),
(421,'2022년 7월 중고차 구매',1177),
(422,'2022년 7월 중고차 구매',1181),
(423,'2022년 7월 중고차 구매',1184),
(424,'2022년 7월 중고차 구매',1242),
(425,'2022년 7월 중고차 구매',1244),
(426,'2022년 7월 중고차 구매',1247),
(427,'2022년 7월 중고차 구매',481),
(428,'2022년 7월 중고차 구매',621),
(429,'2022년 7월 중고차 구매',741),
(430,'2022년 7월 중고차 구매',807),
(431,'2022년 7월 중고차 구매',820),
(432,'2022년 7월 중고차 구매',869),
(433,'2022년 7월 중고차 구매',1217),
(434,'2022년 7월 중고차 구매',161),
(435,'2022년 7월 중고차 구매',520),
(436,'2022년 7월 중고차 구매',528),
(437,'2022년 7월 중고차 구매',557),
(438,'2022년 7월 중고차 구매',558),
(439,'2022년 7월 중고차 구매',609),
(440,'2022년 7월 중고차 구매',638),
(441,'2022년 7월 중고차 구매',660),
(442,'2022년 7월 중고차 구매',677),
(443,'2022년 7월 중고차 구매',700),
(444,'2022년 7월 중고차 구매',710),
(445,'2022년 7월 중고차 구매',731),
(446,'2022년 7월 중고차 구매',764),
(447,'2022년 7월 중고차 구매',769),
(448,'2022년 7월 중고차 구매',783),
(449,'2022년 7월 중고차 구매',828),
(450,'2022년 7월 중고차 구매',846),
(451,'2022년 7월 중고차 구매',860),
(452,'2022년 7월 중고차 구매',968),
(453,'2022년 7월 중고차 구매',1006),
(454,'2022년 7월 중고차 구매',1060),
(455,'2022년 7월 중고차 구매',1073),
(456,'2022년 7월 중고차 구매',1082),
(457,'2022년 7월 중고차 구매',1108),
(458,'2022년 7월 중고차 구매',1161),
(459,'2022년 7월 중고차 구매',1210),
(460,'2022년 7월 중고차 구매',1213),
(461,'2022년 7월 중고차 구매',1222),
(462,'2022년 7월 중고차 구매',1230),
(463,'2022년 7월 중고차 구매',1235),
(464,'2022년 7월 중고차 구매',483),
(465,'2022년 7월 중고차 구매',566),
(466,'2022년 7월 중고차 구매',571),
(467,'2022년 7월 중고차 구매',585),
(468,'2022년 7월 중고차 구매',604),
(469,'2022년 7월 중고차 구매',658),
(470,'2022년 7월 중고차 구매',754),
(471,'2022년 7월 중고차 구매',763),
(472,'2022년 7월 중고차 구매',768),
(473,'2022년 7월 중고차 구매',802),
(474,'2022년 7월 중고차 구매',806),
(475,'2022년 7월 중고차 구매',809),
(476,'2022년 7월 중고차 구매',833),
(477,'2022년 7월 중고차 구매',847),
(478,'2022년 7월 중고차 구매',1011),
(479,'2022년 7월 중고차 구매',1078),
(480,'2022년 7월 중고차 구매',1083),
(481,'2022년 7월 중고차 구매',1087),
(482,'2022년 7월 중고차 구매',1225),
(483,'2022년 7월 중고차 구매',1226),
(484,'2022년 7월 중고차 구매',435),
(485,'2022년 7월 중고차 구매',521),
(486,'2022년 7월 중고차 구매',603),
(487,'2022년 7월 중고차 구매',605),
(488,'2022년 7월 중고차 구매',678),
(489,'2022년 7월 중고차 구매',690),
(490,'2022년 7월 중고차 구매',691),
(491,'2022년 7월 중고차 구매',702),
(492,'2022년 7월 중고차 구매',720),
(493,'2022년 7월 중고차 구매',723),
(494,'2022년 7월 중고차 구매',725),
(495,'2022년 7월 중고차 구매',742),
(496,'2022년 7월 중고차 구매',751),
(497,'2022년 7월 중고차 구매',773),
(498,'2022년 7월 중고차 구매',797),
(499,'2022년 7월 중고차 구매',808),
(500,'2022년 7월 중고차 구매',817),
(501,'2022년 7월 중고차 구매',822),
(502,'2022년 7월 중고차 구매',823),
(503,'2022년 7월 중고차 구매',850),
(504,'2022년 7월 중고차 구매',855),
(505,'2022년 7월 중고차 구매',863),
(506,'2022년 7월 중고차 구매',986),
(507,'2022년 7월 중고차 구매',1019),
(508,'2022년 7월 중고차 구매',1029),
(509,'2022년 7월 중고차 구매',1033),
(510,'2022년 7월 중고차 구매',1041),
(511,'2022년 7월 중고차 구매',1066),
(512,'2022년 7월 중고차 구매',1079),
(513,'2022년 7월 중고차 구매',1080),
(514,'2022년 7월 중고차 구매',1097),
(515,'2022년 7월 중고차 구매',1128),
(516,'2022년 7월 중고차 구매',1141),
(517,'2022년 7월 중고차 구매',1142),
(518,'2022년 7월 중고차 구매',1214),
(519,'2022년 7월 중고차 구매',1219),
(520,'2022년 7월 중고차 구매',1220),
(521,'2022년 7월 중고차 구매',1227),
(522,'2022년 7월 중고차 구매',1229),
(523,'2022년 7월 중고차 구매',1233),
(524,'2022년 7월 중고차 구매',1234),
(525,'2022년 7월 중고차 구매',1238),
(526,'2022년 7월 중고차 구매',495),
(527,'2022년 7월 중고차 구매',519),
(528,'2022년 7월 중고차 구매',533),
(529,'2022년 7월 중고차 구매',577),
(530,'2022년 7월 중고차 구매',581),
(531,'2022년 7월 중고차 구매',607),
(532,'2022년 7월 중고차 구매',632),
(533,'2022년 7월 중고차 구매',645),
(534,'2022년 7월 중고차 구매',662),
(535,'2022년 7월 중고차 구매',665),
(536,'2022년 7월 중고차 구매',673),
(537,'2022년 7월 중고차 구매',675),
(538,'2022년 7월 중고차 구매',684),
(539,'2022년 7월 중고차 구매',699),
(540,'2022년 7월 중고차 구매',703),
(541,'2022년 7월 중고차 구매',704),
(542,'2022년 7월 중고차 구매',705),
(543,'2022년 7월 중고차 구매',716),
(544,'2022년 7월 중고차 구매',737),
(545,'2022년 7월 중고차 구매',756),
(546,'2022년 7월 중고차 구매',760),
(547,'2022년 7월 중고차 구매',781),
(548,'2022년 7월 중고차 구매',785),
(549,'2022년 7월 중고차 구매',788),
(550,'2022년 7월 중고차 구매',792),
(551,'2022년 7월 중고차 구매',793),
(552,'2022년 7월 중고차 구매',814),
(553,'2022년 7월 중고차 구매',827),
(554,'2022년 7월 중고차 구매',829),
(555,'2022년 7월 중고차 구매',852),
(556,'2022년 7월 중고차 구매',853),
(557,'2022년 7월 중고차 구매',857),
(558,'2022년 7월 중고차 구매',862),
(559,'2022년 7월 중고차 구매',867),
(560,'2022년 7월 중고차 구매',1022),
(561,'2022년 7월 중고차 구매',1023),
(562,'2022년 7월 중고차 구매',1028),
(563,'2022년 7월 중고차 구매',1043),
(564,'2022년 7월 중고차 구매',1053),
(565,'2022년 7월 중고차 구매',1069),
(566,'2022년 7월 중고차 구매',1091),
(567,'2022년 7월 중고차 구매',1099),
(568,'2022년 7월 중고차 구매',1130),
(569,'2022년 7월 중고차 구매',1212),
(570,'2022년 7월 중고차 구매',1221),
(571,'2022년 7월 중고차 구매',1228),
(572,'2022년 7월 중고차 구매',162),
(573,'2022년 7월 중고차 구매',497),
(574,'2022년 7월 중고차 구매',575),
(575,'2022년 7월 중고차 구매',589),
(576,'2022년 7월 중고차 구매',640),
(577,'2022년 7월 중고차 구매',650),
(578,'2022년 7월 중고차 구매',672),
(579,'2022년 7월 중고차 구매',676),
(580,'2022년 7월 중고차 구매',692),
(581,'2022년 7월 중고차 구매',708),
(582,'2022년 7월 중고차 구매',757),
(583,'2022년 7월 중고차 구매',826),
(584,'2022년 7월 중고차 구매',838),
(585,'2022년 7월 중고차 구매',946),
(586,'2022년 7월 중고차 구매',955),
(587,'2022년 7월 중고차 구매',956),
(588,'2022년 7월 중고차 구매',1048),
(589,'2022년 7월 중고차 구매',1054),
(590,'2022년 7월 중고차 구매',1094),
(591,'2022년 7월 중고차 구매',1136),
(592,'2022년 7월 중고차 구매',1137),
(593,'2022년 7월 중고차 구매',1231),
(594,'2022년 7월 중고차 구매',1232),
(595,'2022년 7월 중고차 구매',545),
(596,'2022년 7월 중고차 구매',579),
(597,'2022년 7월 중고차 구매',588),
(598,'2022년 7월 중고차 구매',591),
(599,'2022년 7월 중고차 구매',631),
(600,'2022년 7월 중고차 구매',669),
(601,'2022년 7월 중고차 구매',688),
(602,'2022년 7월 중고차 구매',706),
(603,'2022년 7월 중고차 구매',724),
(604,'2022년 7월 중고차 구매',732),
(605,'2022년 7월 중고차 구매',743),
(606,'2022년 7월 중고차 구매',811),
(607,'2022년 7월 중고차 구매',842),
(608,'2022년 7월 중고차 구매',856),
(609,'2022년 7월 중고차 구매',861),
(610,'2022년 7월 중고차 구매',872),
(611,'2022년 7월 중고차 구매',1017),
(612,'2022년 7월 중고차 구매',1055),
(613,'2022년 7월 중고차 구매',1074),
(614,'2022년 7월 중고차 구매',1218);
/*!40000 ALTER TABLE `test_insurance_histories` ENABLE KEYS */;
UNLOCK TABLES;

--
-- Table structure for table `test_transaction_histories`
--

DROP TABLE IF EXISTS `test_transaction_histories`;
/*!40101 SET @saved_cs_client     = @@character_set_client */;
/*!40101 SET character_set_client = utf8 */;
CREATE TABLE `test_transaction_histories` (
  `id` bigint(20) NOT NULL AUTO_INCREMENT,
  `history` varchar(50) NOT NULL,
  `test_car_id` bigint(20) NOT NULL,
  PRIMARY KEY (`id`),
  KEY `test_transaction_histories_test_car_id_0db1d4ff_fk_test_cars_id` (`test_car_id`),
  CONSTRAINT `test_transaction_histories_test_car_id_0db1d4ff_fk_test_cars_id` FOREIGN KEY (`test_car_id`) REFERENCES `test_cars` (`id`)
) ENGINE=InnoDB AUTO_INCREMENT=615 DEFAULT CHARSET=utf8mb4;
/*!40101 SET character_set_client = @saved_cs_client */;

--
-- Dumping data for table `test_transaction_histories`
--

LOCK TABLES `test_transaction_histories` WRITE;
/*!40000 ALTER TABLE `test_transaction_histories` DISABLE KEYS */;
INSERT INTO `test_transaction_histories` VALUES
(1,'2022년 6월 인천 연수구에서 신차 출고',1003),
(2,'2022년 6월 인천 연수구에서 신차 출고',1103),
(3,'2022년 6월 인천 연수구에서 신차 출고',1140),
(4,'2022년 6월 인천 연수구에서 신차 출고',1152),
(5,'2022년 6월 인천 연수구에서 신차 출고',1162),
(6,'2022년 6월 인천 연수구에서 신차 출고',1187),
(7,'2022년 6월 인천 연수구에서 신차 출고',1077),
(8,'2022년 6월 인천 연수구에서 신차 출고',1101),
(9,'2022년 6월 인천 연수구에서 신차 출고',1134),
(10,'2022년 6월 인천 연수구에서 신차 출고',1146),
(11,'2022년 6월 인천 연수구에서 신차 출고',1150),
(12,'2022년 6월 인천 연수구에서 신차 출고',1153),
(13,'2022년 6월 인천 연수구에서 신차 출고',1068),
(14,'2022년 6월 인천 연수구에서 신차 출고',1088),
(15,'2022년 6월 인천 연수구에서 신차 출고',1119),
(16,'2022년 6월 인천 연수구에서 신차 출고',1120),
(17,'2022년 6월 인천 연수구에서 신차 출고',1143),
(18,'2022년 6월 인천 연수구에서 신차 출고',1172),
(19,'2022년 6월 인천 연수구에서 신차 출고',1178),
(20,'2022년 6월 인천 연수구에서 신차 출고',1248),
(21,'2022년 6월 인천 연수구에서 신차 출고',1035),
(22,'2022년 6월 인천 연수구에서 신차 출고',1061),
(23,'2022년 6월 인천 연수구에서 신차 출고',1071),
(24,'2022년 6월 인천 연수구에서 신차 출고',1076),
(25,'2022년 6월 인천 연수구에서 신차 출고',1114),
(26,'2022년 6월 인천 연수구에서 신차 출고',1151),
(27,'2022년 6월 인천 연수구에서 신차 출고',1154),
(28,'2022년 6월 인천 연수구에서 신차 출고',1155),
(29,'2022년 6월 인천 연수구에서 신차 출고',1185),
(30,'2022년 6월 인천 연수구에서 신차 출고',1112),
(31,'2022년 6월 인천 연수구에서 신차 출고',1116),
(32,'2022년 6월 인천 연수구에서 신차 출고',1168),
(33,'2022년 6월 인천 연수구에서 신차 출고',1183),
(34,'2022년 6월 인천 연수구에서 신차 출고',1241),
(35,'2022년 6월 인천 연수구에서 신차 출고',1246),
(36,'2022년 6월 인천 연수구에서 신차 출고',1057),
(37,'2022년 6월 인천 연수구에서 신차 출고',1157),
(38,'2022년 6월 인천 연수구에서 신차 출고',1170),
(39,'2022년 6월 인천 연수구에서 신차 출고',1249),
(40,'2022년 6월 인천 연수구에서 신차 출고',991),
(41,'2022년 6월 인천 연수구에서 신차 출고',1110),
(42,'2022년 6월 인천 연수구에서 신차 출고',1243),
(43,'2022년 6월 인천 연수구에서 신차 출고',1062),
(44,'2022년 6월 인천 연수구에서 신차 출고',1090),
(45,'2022년 6월 인천 연수구에서 신차 출고',1098),
(46,'2022년 6월 인천 연수구에서 신차 출고',1148),
(47,'2022년 6월 인천 연수구에서 신차 출고',1156),
(48,'2022년 6월 인천 연수구에서 신차 출고',1165),
(49,'2022년 6월 인천 연수구에서 신차 출고',1174),
(50,'2022년 6월 인천 연수구에서 신차 출고',1179),
(51,'2022년 6월 인천 연수구에서 신차 출고',1186),
(52,'2022년 6월 인천 연수구에서 신차 출고',1239),
(53,'2022년 6월 인천 연수구에서 신차 출고',1051),
(54,'2022년 6월 인천 연수구에서 신차 출고',1115),
(55,'2022년 6월 인천 연수구에서 신차 출고',1117),
(56,'2022년 6월 인천 연수구에서 신차 출고',1164),
(57,'2022년 6월 인천 연수구에서 신차 출고',1176),
(58,'2022년 6월 인천 연수구에서 신차 출고',1075),
(59,'2022년 6월 인천 연수구에서 신차 출고',1092),
(60,'2022년 6월 인천 연수구에서 신차 출고',1124),
(61,'2022년 6월 인천 연수구에서 신차 출고',1159),
(62,'2022년 6월 인천 연수구에서 신차 출고',1169),
(63,'2022년 6월 인천 연수구에서 신차 출고',1171),
(64,'2022년 6월 인천 연수구에서 신차 출고',1182),
(65,'2022년 6월 인천 연수구에서 신차 출고',1096),
(66,'2022년 6월 인천 연수구에서 신차 출고',1102),
(67,'2022년 6월 인천 연수구에서 신차 출고',1111),
(68,'2022년 6월 인천 연수구에서 신차 출고',1121),
(69,'2022년 6월 인천 연수구에서 신차 출고',1144),
(70,'2022년 6월 인천 연수구에서 신차 출고',1158),
(71,'2022년 6월 인천 연수구에서 신차 출고',1052),
(72,'2022년 6월 인천 연수구에서 신차 출고',1089),
(73,'2022년 6월 인천 연수구에서 신차 출고',1167),
(74,'2022년 6월 인천 연수구에서 신차 출고',1180),
(75,'2022년 6월 인천 연수구에서 신차 출고',1240),
(76,'2022년 6월 인천 연수구에서 신차 출고',1049),
(77,'2022년 6월 인천 연수구에서 신차 출고',1050),
(78,'2022년 6월 인천 연수구에서 신차 출고',1058),
(79,'2022년 6월 인천 연수구에서 신차 출고',1095),
(80,'2022년 6월 인천 연수구에서 신차 출고',1123),
(81,'2022년 6월 인천 연수구에서 신차 출고',1125),
(82,'2022년 6월 인천 연수구에서 신차 출고',1139),
(83,'2022년 6월 인천 연수구에서 신차 출고',1173),
(84,'2022년 6월 인천 연수구에서 신차 출고',987),
(85,'2022년 6월 인천 연수구에서 신차 출고',1007),
(86,'2022년 6월 인천 연수구에서 신차 출고',1008),
(87,'2022년 6월 인천 연수구에서 신차 출고',1024),
(88,'2022년 6월 인천 연수구에서 신차 출고',1027),
(89,'2022년 6월 인천 연수구에서 신차 출고',1031),
(90,'2022년 6월 인천 연수구에서 신차 출고',1034),
(91,'2022년 6월 인천 연수구에서 신차 출고',1036),
(92,'2022년 6월 인천 연수구에서 신차 출고',1047),
(93,'2022년 6월 인천 연수구에서 신차 출고',1056),
(94,'2022년 6월 인천 연수구에서 신차 출고',1065),
(95,'2022년 6월 인천 연수구에서 신차 출고',1067),
(96,'2022년 6월 인천 연수구에서 신차 출고',1072),
(97,'2022년 6월 인천 연수구에서 신차 출고',1084),
(98,'2022년 6월 인천 연수구에서 신차 출고',1085),
(99,'2022년 6월 인천 연수구에서 신차 출고',1100),
(100,'2022년 6월 인천 연수구에서 신차 출고',1106),
(101,'2022년 6월 인천 연수구에서 신차 출고',1107),
(102,'2022년 6월 인천 연수구에서 신차 출고',1109),
(103,'2022년 6월 인천 연수구에서 신차 출고',1113),
(104,'2022년 6월 인천 연수구에서 신차 출고',1122),
(105,'2022년 6월 인천 연수구에서 신차 출고',1129),
(106,'2022년 6월 인천 연수구에서 신차 출고',1131),
(107,'2022년 6월 인천 연수구에서 신차 출고',1132),
(108,'2022년 6월 인천 연수구에서 신차 출고',1133),
(109,'2022년 6월 인천 연수구에서 신차 출고',1145),
(110,'2022년 6월 인천 연수구에서 신차 출고',1147),
(111,'2022년 6월 인천 연수구에서 신차 출고',1149),
(112,'2022년 6월 인천 연수구에서 신차 출고',1166),
(113,'2022년 6월 인천 연수구에서 신차 출고',1175),
(114,'2022년 6월 인천 연수구에서 신차 출고',1177),
(115,'2022년 6월 인천 연수구에서 신차 출고',1181),
(116,'2022년 6월 인천 연수구에서 신차 출고',1184),
(117,'2022년 6월 인천 연수구에서 신차 출고',1242),
(118,'2022년 6월 인천 연수구에서 신차 출고',1244),
(119,'2022년 6월 인천 연수구에서 신차 출고',1247),
(120,'2022년 6월 인천 연수구에서 신차 출고',481),
(121,'2022년 6월 인천 연수구에서 신차 출고',621),
(122,'2022년 6월 인천 연수구에서 신차 출고',741),
(123,'2022년 6월 인천 연수구에서 신차 출고',807),
(124,'2022년 6월 인천 연수구에서 신차 출고',820),
(125,'2022년 6월 인천 연수구에서 신차 출고',869),
(126,'2022년 6월 인천 연수구에서 신차 출고',1217),
(127,'2022년 6월 인천 연수구에서 신차 출고',161),
(128,'2022년 6월 인천 연수구에서 신차 출고',520),
(129,'2022년 6월 인천 연수구에서 신차 출고',528),
(130,'2022년 6월 인천 연수구에서 신차 출고',557),
(131,'2022년 6월 인천 연수구에서 신차 출고',558),
(132,'2022년 6월 인천 연수구에서 신차 출고',609),
(133,'2022년 6월 인천 연수구에서 신차 출고',638),
(134,'2022년 6월 인천 연수구에서 신차 출고',660),
(135,'2022년 6월 인천 연수구에서 신차 출고',677),
(136,'2022년 6월 인천 연수구에서 신차 출고',700),
(137,'2022년 6월 인천 연수구에서 신차 출고',710),
(138,'2022년 6월 인천 연수구에서 신차 출고',731),
(139,'2022년 6월 인천 연수구에서 신차 출고',764),
(140,'2022년 6월 인천 연수구에서 신차 출고',769),
(141,'2022년 6월 인천 연수구에서 신차 출고',783),
(142,'2022년 6월 인천 연수구에서 신차 출고',828),
(143,'2022년 6월 인천 연수구에서 신차 출고',846),
(144,'2022년 6월 인천 연수구에서 신차 출고',860),
(145,'2022년 6월 인천 연수구에서 신차 출고',968),
(146,'2022년 6월 인천 연수구에서 신차 출고',1006),
(147,'2022년 6월 인천 연수구에서 신차 출고',1060),
(148,'2022년 6월 인천 연수구에서 신차 출고',1073),
(149,'2022년 6월 인천 연수구에서 신차 출고',1082),
(150,'2022년 6월 인천 연수구에서 신차 출고',1108),
(151,'2022년 6월 인천 연수구에서 신차 출고',1161),
(152,'2022년 6월 인천 연수구에서 신차 출고',1210),
(153,'2022년 6월 인천 연수구에서 신차 출고',1213),
(154,'2022년 6월 인천 연수구에서 신차 출고',1222),
(155,'2022년 6월 인천 연수구에서 신차 출고',1230),
(156,'2022년 6월 인천 연수구에서 신차 출고',1235),
(157,'2022년 6월 인천 연수구에서 신차 출고',483),
(158,'2022년 6월 인천 연수구에서 신차 출고',566),
(159,'2022년 6월 인천 연수구에서 신차 출고',571),
(160,'2022년 6월 인천 연수구에서 신차 출고',585),
(161,'2022년 6월 인천 연수구에서 신차 출고',604),
(162,'2022년 6월 인천 연수구에서 신차 출고',658),
(163,'2022년 6월 인천 연수구에서 신차 출고',754),
(164,'2022년 6월 인천 연수구에서 신차 출고',763),
(165,'2022년 6월 인천 연수구에서 신차 출고',768),
(166,'2022년 6월 인천 연수구에서 신차 출고',802),
(167,'2022년 6월 인천 연수구에서 신차 출고',806),
(168,'2022년 6월 인천 연수구에서 신차 출고',809),
(169,'2022년 6월 인천 연수구에서 신차 출고',833),
(170,'2022년 6월 인천 연수구에서 신차 출고',847),
(171,'2022년 6월 인천 연수구에서 신차 출고',1011),
(172,'2022년 6월 인천 연수구에서 신차 출고',1078),
(173,'2022년 6월 인천 연수구에서 신차 출고',1083),
(174,'2022년 6월 인천 연수구에서 신차 출고',1087),
(175,'2022년 6월 인천 연수구에서 신차 출고',1225),
(176,'2022년 6월 인천 연수구에서 신차 출고',1226),
(177,'2022년 6월 인천 연수구에서 신차 출고',435),
(178,'2022년 6월 인천 연수구에서 신차 출고',521),
(179,'2022년 6월 인천 연수구에서 신차 출고',603),
(180,'2022년 6월 인천 연수구에서 신차 출고',605),
(181,'2022년 6월 인천 연수구에서 신차 출고',678),
(182,'2022년 6월 인천 연수구에서 신차 출고',690),
(183,'2022년 6월 인천 연수구에서 신차 출고',691),
(184,'2022년 6월 인천 연수구에서 신차 출고',702),
(185,'2022년 6월 인천 연수구에서 신차 출고',720),
(186,'2022년 6월 인천 연수구에서 신차 출고',723),
(187,'2022년 6월 인천 연수구에서 신차 출고',725),
(188,'2022년 6월 인천 연수구에서 신차 출고',742),
(189,'2022년 6월 인천 연수구에서 신차 출고',751),
(190,'2022년 6월 인천 연수구에서 신차 출고',773),
(191,'2022년 6월 인천 연수구에서 신차 출고',797),
(192,'2022년 6월 인천 연수구에서 신차 출고',808),
(193,'2022년 6월 인천 연수구에서 신차 출고',817),
(194,'2022년 6월 인천 연수구에서 신차 출고',822),
(195,'2022년 6월 인천 연수구에서 신차 출고',823),
(196,'2022년 6월 인천 연수구에서 신차 출고',850),
(197,'2022년 6월 인천 연수구에서 신차 출고',855),
(198,'2022년 6월 인천 연수구에서 신차 출고',863),
(199,'2022년 6월 인천 연수구에서 신차 출고',986),
(200,'2022년 6월 인천 연수구에서 신차 출고',1019),
(201,'2022년 6월 인천 연수구에서 신차 출고',1029),
(202,'2022년 6월 인천 연수구에서 신차 출고',1033),
(203,'2022년 6월 인천 연수구에서 신차 출고',1041),
(204,'2022년 6월 인천 연수구에서 신차 출고',1066),
(205,'2022년 6월 인천 연수구에서 신차 출고',1079),
(206,'2022년 6월 인천 연수구에서 신차 출고',1080),
(207,'2022년 6월 인천 연수구에서 신차 출고',1097),
(208,'2022년 6월 인천 연수구에서 신차 출고',1128),
(209,'2022년 6월 인천 연수구에서 신차 출고',1141),
(210,'2022년 6월 인천 연수구에서 신차 출고',1142),
(211,'2022년 6월 인천 연수구에서 신차 출고',1214),
(212,'2022년 6월 인천 연수구에서 신차 출고',1219),
(213,'2022년 6월 인천 연수구에서 신차 출고',1220),
(214,'2022년 6월 인천 연수구에서 신차 출고',1227),
(215,'2022년 6월 인천 연수구에서 신차 출고',1229),
(216,'2022년 6월 인천 연수구에서 신차 출고',1233),
(217,'2022년 6월 인천 연수구에서 신차 출고',1234),
(218,'2022년 6월 인천 연수구에서 신차 출고',1238),
(219,'2022년 6월 인천 연수구에서 신차 출고',495),
(220,'2022년 6월 인천 연수구에서 신차 출고',519),
(221,'2022년 6월 인천 연수구에서 신차 출고',533),
(222,'2022년 6월 인천 연수구에서 신차 출고',577),
(223,'2022년 6월 인천 연수구에서 신차 출고',581),
(224,'2022년 6월 인천 연수구에서 신차 출고',607),
(225,'2022년 6월 인천 연수구에서 신차 출고',632),
(226,'2022년 6월 인천 연수구에서 신차 출고',645),
(227,'2022년 6월 인천 연수구에서 신차 출고',662),
(228,'2022년 6월 인천 연수구에서 신차 출고',665),
(229,'2022년 6월 인천 연수구에서 신차 출고',673),
(230,'2022년 6월 인천 연수구에서 신차 출고',675),
(231,'2022년 6월 인천 연수구에서 신차 출고',684),
(232,'2022년 6월 인천 연수구에서 신차 출고',699),
(233,'2022년 6월 인천 연수구에서 신차 출고',703),
(234,'2022년 6월 인천 연수구에서 신차 출고',704),
(235,'2022년 6월 인천 연수구에서 신차 출고',705),
(236,'2022년 6월 인천 연수구에서 신차 출고',716),
(237,'2022년 6월 인천 연수구에서 신차 출고',737),
(238,'2022년 6월 인천 연수구에서 신차 출고',756),
(239,'2022년 6월 인천 연수구에서 신차 출고',760),
(240,'2022년 6월 인천 연수구에서 신차 출고',781),
(241,'2022년 6월 인천 연수구에서 신차 출고',785),
(242,'2022년 6월 인천 연수구에서 신차 출고',788),
(243,'2022년 6월 인천 연수구에서 신차 출고',792),
(244,'2022년 6월 인천 연수구에서 신차 출고',793),
(245,'2022년 6월 인천 연수구에서 신차 출고',814),
(246,'2022년 6월 인천 연수구에서 신차 출고',827),
(247,'2022년 6월 인천 연수구에서 신차 출고',829),
(248,'2022년 6월 인천 연수구에서 신차 출고',852),
(249,'2022년 6월 인천 연수구에서 신차 출고',853),
(250,'2022년 6월 인천 연수구에서 신차 출고',857),
(251,'2022년 6월 인천 연수구에서 신차 출고',862),
(252,'2022년 6월 인천 연수구에서 신차 출고',867),
(253,'2022년 6월 인천 연수구에서 신차 출고',1022),
(254,'2022년 6월 인천 연수구에서 신차 출고',1023),
(255,'2022년 6월 인천 연수구에서 신차 출고',1028),
(256,'2022년 6월 인천 연수구에서 신차 출고',1043),
(257,'2022년 6월 인천 연수구에서 신차 출고',1053),
(258,'2022년 6월 인천 연수구에서 신차 출고',1069),
(259,'2022년 6월 인천 연수구에서 신차 출고',1091),
(260,'2022년 6월 인천 연수구에서 신차 출고',1099),
(261,'2022년 6월 인천 연수구에서 신차 출고',1130),
(262,'2022년 6월 인천 연수구에서 신차 출고',1212),
(263,'2022년 6월 인천 연수구에서 신차 출고',1221),
(264,'2022년 6월 인천 연수구에서 신차 출고',1228),
(265,'2022년 6월 인천 연수구에서 신차 출고',162),
(266,'2022년 6월 인천 연수구에서 신차 출고',497),
(267,'2022년 6월 인천 연수구에서 신차 출고',575),
(268,'2022년 6월 인천 연수구에서 신차 출고',589),
(269,'2022년 6월 인천 연수구에서 신차 출고',640),
(270,'2022년 6월 인천 연수구에서 신차 출고',650),
(271,'2022년 6월 인천 연수구에서 신차 출고',672),
(272,'2022년 6월 인천 연수구에서 신차 출고',676),
(273,'2022년 6월 인천 연수구에서 신차 출고',692),
(274,'2022년 6월 인천 연수구에서 신차 출고',708),
(275,'2022년 6월 인천 연수구에서 신차 출고',757),
(276,'2022년 6월 인천 연수구에서 신차 출고',826),
(277,'2022년 6월 인천 연수구에서 신차 출고',838),
(278,'2022년 6월 인천 연수구에서 신차 출고',946),
(279,'2022년 6월 인천 연수구에서 신차 출고',955),
(280,'2022년 6월 인천 연수구에서 신차 출고',956),
(281,'2022년 6월 인천 연수구에서 신차 출고',1048),
(282,'2022년 6월 인천 연수구에서 신차 출고',1054),
(283,'2022년 6월 인천 연수구에서 신차 출고',1094),
(284,'2022년 6월 인천 연수구에서 신차 출고',1136),
(285,'2022년 6월 인천 연수구에서 신차 출고',1137),
(286,'2022년 6월 인천 연수구에서 신차 출고',1231),
(287,'2022년 6월 인천 연수구에서 신차 출고',1232),
(288,'2022년 6월 인천 연수구에서 신차 출고',545),
(289,'2022년 6월 인천 연수구에서 신차 출고',579),
(290,'2022년 6월 인천 연수구에서 신차 출고',588),
(291,'2022년 6월 인천 연수구에서 신차 출고',591),
(292,'2022년 6월 인천 연수구에서 신차 출고',631),
(293,'2022년 6월 인천 연수구에서 신차 출고',669),
(294,'2022년 6월 인천 연수구에서 신차 출고',688),
(295,'2022년 6월 인천 연수구에서 신차 출고',706),
(296,'2022년 6월 인천 연수구에서 신차 출고',724),
(297,'2022년 6월 인천 연수구에서 신차 출고',732),
(298,'2022년 6월 인천 연수구에서 신차 출고',743),
(299,'2022년 6월 인천 연수구에서 신차 출고',811),
(300,'2022년 6월 인천 연수구에서 신차 출고',842),
(301,'2022년 6월 인천 연수구에서 신차 출고',856),
(302,'2022년 6월 인천 연수구에서 신차 출고',861),
(303,'2022년 6월 인천 연수구에서 신차 출고',872),
(304,'2022년 6월 인천 연수구에서 신차 출고',1017),
(305,'2022년 6월 인천 연수구에서 신차 출고',1055),
(306,'2022년 6월 인천 연수구에서 신차 출고',1074),
(307,'2022년 6월 인천 연수구에서 신차 출고',1218),
(308,'2022년 7월 중고차 구매',1003),
(309,'2022년 7월 중고차 구매',1103),
(310,'2022년 7월 중고차 구매',1140),
(311,'2022년 7월 중고차 구매',1152),
(312,'2022년 7월 중고차 구매',1162),
(313,'2022년 7월 중고차 구매',1187),
(314,'2022년 7월 중고차 구매',1077),
(315,'2022년 7월 중고차 구매',1101),
(316,'2022년 7월 중고차 구매',1134),
(317,'2022년 7월 중고차 구매',1146),
(318,'2022년 7월 중고차 구매',1150),
(319,'2022년 7월 중고차 구매',1153),
(320,'2022년 7월 중고차 구매',1068),
(321,'2022년 7월 중고차 구매',1088),
(322,'2022년 7월 중고차 구매',1119),
(323,'2022년 7월 중고차 구매',1120),
(324,'2022년 7월 중고차 구매',1143),
(325,'2022년 7월 중고차 구매',1172),
(326,'2022년 7월 중고차 구매',1178),
(327,'2022년 7월 중고차 구매',1248),
(328,'2022년 7월 중고차 구매',1035),
(329,'2022년 7월 중고차 구매',1061),
(330,'2022년 7월 중고차 구매',1071),
(331,'2022년 7월 중고차 구매',1076),
(332,'2022년 7월 중고차 구매',1114),
(333,'2022년 7월 중고차 구매',1151),
(334,'2022년 7월 중고차 구매',1154),
(335,'2022년 7월 중고차 구매',1155),
(336,'2022년 7월 중고차 구매',1185),
(337,'2022년 7월 중고차 구매',1112),
(338,'2022년 7월 중고차 구매',1116),
(339,'2022년 7월 중고차 구매',1168),
(340,'2022년 7월 중고차 구매',1183),
(341,'2022년 7월 중고차 구매',1241),
(342,'2022년 7월 중고차 구매',1246),
(343,'2022년 7월 중고차 구매',1057),
(344,'2022년 7월 중고차 구매',1157),
(345,'2022년 7월 중고차 구매',1170),
(346,'2022년 7월 중고차 구매',1249),
(347,'2022년 7월 중고차 구매',991),
(348,'2022년 7월 중고차 구매',1110),
(349,'2022년 7월 중고차 구매',1243),
(350,'2022년 7월 중고차 구매',1062),
(351,'2022년 7월 중고차 구매',1090),
(352,'2022년 7월 중고차 구매',1098),
(353,'2022년 7월 중고차 구매',1148),
(354,'2022년 7월 중고차 구매',1156),
(355,'2022년 7월 중고차 구매',1165),
(356,'2022년 7월 중고차 구매',1174),
(357,'2022년 7월 중고차 구매',1179),
(358,'2022년 7월 중고차 구매',1186),
(359,'2022년 7월 중고차 구매',1239),
(360,'2022년 7월 중고차 구매',1051),
(361,'2022년 7월 중고차 구매',1115),
(362,'2022년 7월 중고차 구매',1117),
(363,'2022년 7월 중고차 구매',1164),
(364,'2022년 7월 중고차 구매',1176),
(365,'2022년 7월 중고차 구매',1075),
(366,'2022년 7월 중고차 구매',1092),
(367,'2022년 7월 중고차 구매',1124),
(368,'2022년 7월 중고차 구매',1159),
(369,'2022년 7월 중고차 구매',1169),
(370,'2022년 7월 중고차 구매',1171),
(371,'2022년 7월 중고차 구매',1182),
(372,'2022년 7월 중고차 구매',1096),
(373,'2022년 7월 중고차 구매',1102),
(374,'2022년 7월 중고차 구매',1111),
(375,'2022년 7월 중고차 구매',1121),
(376,'2022년 7월 중고차 구매',1144),
(377,'2022년 7월 중고차 구매',1158),
(378,'2022년 7월 중고차 구매',1052),
(379,'2022년 7월 중고차 구매',1089),
(380,'2022년 7월 중고차 구매',1167),
(381,'2022년 7월 중고차 구매',1180),
(382,'2022년 7월 중고차 구매',1240),
(383,'2022년 7월 중고차 구매',1049),
(384,'2022년 7월 중고차 구매',1050),
(385,'2022년 7월 중고차 구매',1058),
(386,'2022년 7월 중고차 구매',1095),
(387,'2022년 7월 중고차 구매',1123),
(388,'2022년 7월 중고차 구매',1125),
(389,'2022년 7월 중고차 구매',1139),
(390,'2022년 7월 중고차 구매',1173),
(391,'2022년 7월 중고차 구매',987),
(392,'2022년 7월 중고차 구매',1007),
(393,'2022년 7월 중고차 구매',1008),
(394,'2022년 7월 중고차 구매',1024),
(395,'2022년 7월 중고차 구매',1027),
(396,'2022년 7월 중고차 구매',1031),
(397,'2022년 7월 중고차 구매',1034),
(398,'2022년 7월 중고차 구매',1036),
(399,'2022년 7월 중고차 구매',1047),
(400,'2022년 7월 중고차 구매',1056),
(401,'2022년 7월 중고차 구매',1065),
(402,'2022년 7월 중고차 구매',1067),
(403,'2022년 7월 중고차 구매',1072),
(404,'2022년 7월 중고차 구매',1084),
(405,'2022년 7월 중고차 구매',1085),
(406,'2022년 7월 중고차 구매',1100),
(407,'2022년 7월 중고차 구매',1106),
(408,'2022년 7월 중고차 구매',1107),
(409,'2022년 7월 중고차 구매',1109),
(410,'2022년 7월 중고차 구매',1113),
(411,'2022년 7월 중고차 구매',1122),
(412,'2022년 7월 중고차 구매',1129),
(413,'2022년 7월 중고차 구매',1131),
(414,'2022년 7월 중고차 구매',1132),
(415,'2022년 7월 중고차 구매',1133),
(416,'2022년 7월 중고차 구매',1145),
(417,'2022년 7월 중고차 구매',1147),
(418,'2022년 7월 중고차 구매',1149),
(419,'2022년 7월 중고차 구매',1166),
(420,'2022년 7월 중고차 구매',1175),
(421,'2022년 7월 중고차 구매',1177),
(422,'2022년 7월 중고차 구매',1181),
(423,'2022년 7월 중고차 구매',1184),
(424,'2022년 7월 중고차 구매',1242),
(425,'2022년 7월 중고차 구매',1244),
(426,'2022년 7월 중고차 구매',1247),
(427,'2022년 7월 중고차 구매',481),
(428,'2022년 7월 중고차 구매',621),
(429,'2022년 7월 중고차 구매',741),
(430,'2022년 7월 중고차 구매',807),
(431,'2022년 7월 중고차 구매',820),
(432,'2022년 7월 중고차 구매',869),
(433,'2022년 7월 중고차 구매',1217),
(434,'2022년 7월 중고차 구매',161),
(435,'2022년 7월 중고차 구매',520),
(436,'2022년 7월 중고차 구매',528),
(437,'2022년 7월 중고차 구매',557),
(438,'2022년 7월 중고차 구매',558),
(439,'2022년 7월 중고차 구매',609),
(440,'2022년 7월 중고차 구매',638),
(441,'2022년 7월 중고차 구매',660),
(442,'2022년 7월 중고차 구매',677),
(443,'2022년 7월 중고차 구매',700),
(444,'2022년 7월 중고차 구매',710),
(445,'2022년 7월 중고차 구매',731),
(446,'2022년 7월 중고차 구매',764),
(447,'2022년 7월 중고차 구매',769),
(448,'2022년 7월 중고차 구매',783),
(449,'2022년 7월 중고차 구매',828),
(450,'2022년 7월 중고차 구매',846),
(451,'2022년 7월 중고차 구매',860),
(452,'2022년 7월 중고차 구매',968),
(453,'2022년 7월 중고차 구매',1006),
(454,'2022년 7월 중고차 구매',1060),
(455,'2022년 7월 중고차 구매',1073),
(456,'2022년 7월 중고차 구매',1082),
(457,'2022년 7월 중고차 구매',1108),
(458,'2022년 7월 중고차 구매',1161),
(459,'2022년 7월 중고차 구매',1210),
(460,'2022년 7월 중고차 구매',1213),
(461,'2022년 7월 중고차 구매',1222),
(462,'2022년 7월 중고차 구매',1230),
(463,'2022년 7월 중고차 구매',1235),
(464,'2022년 7월 중고차 구매',483),
(465,'2022년 7월 중고차 구매',566),
(466,'2022년 7월 중고차 구매',571),
(467,'2022년 7월 중고차 구매',585),
(468,'2022년 7월 중고차 구매',604),
(469,'2022년 7월 중고차 구매',658),
(470,'2022년 7월 중고차 구매',754),
(471,'2022년 7월 중고차 구매',763),
(472,'2022년 7월 중고차 구매',768),
(473,'2022년 7월 중고차 구매',802),
(474,'2022년 7월 중고차 구매',806),
(475,'2022년 7월 중고차 구매',809),
(476,'2022년 7월 중고차 구매',833),
(477,'2022년 7월 중고차 구매',847),
(478,'2022년 7월 중고차 구매',1011),
(479,'2022년 7월 중고차 구매',1078),
(480,'2022년 7월 중고차 구매',1083),
(481,'2022년 7월 중고차 구매',1087),
(482,'2022년 7월 중고차 구매',1225),
(483,'2022년 7월 중고차 구매',1226),
(484,'2022년 7월 중고차 구매',435),
(485,'2022년 7월 중고차 구매',521),
(486,'2022년 7월 중고차 구매',603),
(487,'2022년 7월 중고차 구매',605),
(488,'2022년 7월 중고차 구매',678),
(489,'2022년 7월 중고차 구매',690),
(490,'2022년 7월 중고차 구매',691),
(491,'2022년 7월 중고차 구매',702),
(492,'2022년 7월 중고차 구매',720),
(493,'2022년 7월 중고차 구매',723),
(494,'2022년 7월 중고차 구매',725),
(495,'2022년 7월 중고차 구매',742),
(496,'2022년 7월 중고차 구매',751),
(497,'2022년 7월 중고차 구매',773),
(498,'2022년 7월 중고차 구매',797),
(499,'2022년 7월 중고차 구매',808),
(500,'2022년 7월 중고차 구매',817),
(501,'2022년 7월 중고차 구매',822),
(502,'2022년 7월 중고차 구매',823),
(503,'2022년 7월 중고차 구매',850),
(504,'2022년 7월 중고차 구매',855),
(505,'2022년 7월 중고차 구매',863),
(506,'2022년 7월 중고차 구매',986),
(507,'2022년 7월 중고차 구매',1019),
(508,'2022년 7월 중고차 구매',1029),
(509,'2022년 7월 중고차 구매',1033),
(510,'2022년 7월 중고차 구매',1041),
(511,'2022년 7월 중고차 구매',1066),
(512,'2022년 7월 중고차 구매',1079),
(513,'2022년 7월 중고차 구매',1080),
(514,'2022년 7월 중고차 구매',1097),
(515,'2022년 7월 중고차 구매',1128),
(516,'2022년 7월 중고차 구매',1141),
(517,'2022년 7월 중고차 구매',1142),
(518,'2022년 7월 중고차 구매',1214),
(519,'2022년 7월 중고차 구매',1219),
(520,'2022년 7월 중고차 구매',1220),
(521,'2022년 7월 중고차 구매',1227),
(522,'2022년 7월 중고차 구매',1229),
(523,'2022년 7월 중고차 구매',1233),
(524,'2022년 7월 중고차 구매',1234),
(525,'2022년 7월 중고차 구매',1238),
(526,'2022년 7월 중고차 구매',495),
(527,'2022년 7월 중고차 구매',519),
(528,'2022년 7월 중고차 구매',533),
(529,'2022년 7월 중고차 구매',577),
(530,'2022년 7월 중고차 구매',581),
(531,'2022년 7월 중고차 구매',607),
(532,'2022년 7월 중고차 구매',632),
(533,'2022년 7월 중고차 구매',645),
(534,'2022년 7월 중고차 구매',662),
(535,'2022년 7월 중고차 구매',665),
(536,'2022년 7월 중고차 구매',673),
(537,'2022년 7월 중고차 구매',675),
(538,'2022년 7월 중고차 구매',684),
(539,'2022년 7월 중고차 구매',699),
(540,'2022년 7월 중고차 구매',703),
(541,'2022년 7월 중고차 구매',704),
(542,'2022년 7월 중고차 구매',705),
(543,'2022년 7월 중고차 구매',716),
(544,'2022년 7월 중고차 구매',737),
(545,'2022년 7월 중고차 구매',756),
(546,'2022년 7월 중고차 구매',760),
(547,'2022년 7월 중고차 구매',781),
(548,'2022년 7월 중고차 구매',785),
(549,'2022년 7월 중고차 구매',788),
(550,'2022년 7월 중고차 구매',792),
(551,'2022년 7월 중고차 구매',793),
(552,'2022년 7월 중고차 구매',814),
(553,'2022년 7월 중고차 구매',827),
(554,'2022년 7월 중고차 구매',829),
(555,'2022년 7월 중고차 구매',852),
(556,'2022년 7월 중고차 구매',853),
(557,'2022년 7월 중고차 구매',857),
(558,'2022년 7월 중고차 구매',862),
(559,'2022년 7월 중고차 구매',867),
(560,'2022년 7월 중고차 구매',1022),
(561,'2022년 7월 중고차 구매',1023),
(562,'2022년 7월 중고차 구매',1028),
(563,'2022년 7월 중고차 구매',1043),
(564,'2022년 7월 중고차 구매',1053),
(565,'2022년 7월 중고차 구매',1069),
(566,'2022년 7월 중고차 구매',1091),
(567,'2022년 7월 중고차 구매',1099),
(568,'2022년 7월 중고차 구매',1130),
(569,'2022년 7월 중고차 구매',1212),
(570,'2022년 7월 중고차 구매',1221),
(571,'2022년 7월 중고차 구매',1228),
(572,'2022년 7월 중고차 구매',162),
(573,'2022년 7월 중고차 구매',497),
(574,'2022년 7월 중고차 구매',575),
(575,'2022년 7월 중고차 구매',589),
(576,'2022년 7월 중고차 구매',640),
(577,'2022년 7월 중고차 구매',650),
(578,'2022년 7월 중고차 구매',672),
(579,'2022년 7월 중고차 구매',676),
(580,'2022년 7월 중고차 구매',692),
(581,'2022년 7월 중고차 구매',708),
(582,'2022년 7월 중고차 구매',757),
(583,'2022년 7월 중고차 구매',826),
(584,'2022년 7월 중고차 구매',838),
(585,'2022년 7월 중고차 구매',946),
(586,'2022년 7월 중고차 구매',955),
(587,'2022년 7월 중고차 구매',956),
(588,'2022년 7월 중고차 구매',1048),
(589,'2022년 7월 중고차 구매',1054),
(590,'2022년 7월 중고차 구매',1094),
(591,'2022년 7월 중고차 구매',1136),
(592,'2022년 7월 중고차 구매',1137),
(593,'2022년 7월 중고차 구매',1231),
(594,'2022년 7월 중고차 구매',1232),
(595,'2022년 7월 중고차 구매',545),
(596,'2022년 7월 중고차 구매',579),
(597,'2022년 7월 중고차 구매',588),
(598,'2022년 7월 중고차 구매',591),
(599,'2022년 7월 중고차 구매',631),
(600,'2022년 7월 중고차 구매',669),
(601,'2022년 7월 중고차 구매',688),
(602,'2022년 7월 중고차 구매',706),
(603,'2022년 7월 중고차 구매',724),
(604,'2022년 7월 중고차 구매',732),
(605,'2022년 7월 중고차 구매',743),
(606,'2022년 7월 중고차 구매',811),
(607,'2022년 7월 중고차 구매',842),
(608,'2022년 7월 중고차 구매',856),
(609,'2022년 7월 중고차 구매',861),
(610,'2022년 7월 중고차 구매',872),
(611,'2022년 7월 중고차 구매',1017),
(612,'2022년 7월 중고차 구매',1055),
(613,'2022년 7월 중고차 구매',1074),
(614,'2022년 7월 중고차 구매',1218);
/*!40000 ALTER TABLE `test_transaction_histories` ENABLE KEYS */;
UNLOCK TABLES;

--
-- Table structure for table `transaction_histories`
--

DROP TABLE IF EXISTS `transaction_histories`;
/*!40101 SET @saved_cs_client     = @@character_set_client */;
/*!40101 SET character_set_client = utf8 */;
CREATE TABLE `transaction_histories` (
  `id` bigint(20) NOT NULL AUTO_INCREMENT,
  `history` varchar(50) NOT NULL,
  `car_id` bigint(20) NOT NULL,
  PRIMARY KEY (`id`),
  KEY `transaction_histories_car_id_0650c13f_fk_cars_id` (`car_id`),
  CONSTRAINT `transaction_histories_car_id_0650c13f_fk_cars_id` FOREIGN KEY (`car_id`) REFERENCES `cars` (`id`)
) ENGINE=InnoDB AUTO_INCREMENT=53 DEFAULT CHARSET=utf8mb4;
/*!40101 SET character_set_client = @saved_cs_client */;

--
-- Dumping data for table `transaction_histories`
--

LOCK TABLES `transaction_histories` WRITE;
/*!40000 ALTER TABLE `transaction_histories` DISABLE KEYS */;
INSERT INTO `transaction_histories` VALUES
(1,'2022년 6월 인천 연수구에서 신차 출고',1),
(2,'2022년 7월 중고차 구매',1),
(3,'2022년 6월 인천 연수구에서 신차 출고',2),
(4,'2022년 7월 중고차 구매',2),
(5,'2022년 6월 인천 연수구에서 신차 출고',3),
(6,'2022년 7월 중고차 구매',3),
(7,'2022년 6월 인천 연수구에서 신차 출고',4),
(8,'2022년 7월 중고차 구매',4),
(9,'2022년 6월 인천 연수구에서 신차 출고',5),
(10,'2022년 7월 중고차 구매',5),
(11,'2022년 6월 인천 연수구에서 신차 출고',7),
(12,'2022년 7월 중고차 구매',7),
(47,'2022년 6월 인천 연수구에서 신차 출고',15),
(48,'2022년 7월 중고차 구매',15),
(49,'2022년 6월 인천 연수구에서 신차 출고',18),
(50,'2022년 7월 중고차 구매',18),
(51,'2022년 6월 인천 연수구에서 신차 출고',21),
(52,'2022년 7월 중고차 구매',21);
/*!40000 ALTER TABLE `transaction_histories` ENABLE KEYS */;
UNLOCK TABLES;

--
-- Table structure for table `user_notifications`
--

DROP TABLE IF EXISTS `user_notifications`;
/*!40101 SET @saved_cs_client     = @@character_set_client */;
/*!40101 SET character_set_client = utf8 */;
CREATE TABLE `user_notifications` (
  `id` bigint(20) NOT NULL AUTO_INCREMENT,
  `created_at` datetime(6) NOT NULL,
  `updated_at` datetime(6) NOT NULL,
  `content` varchar(100) NOT NULL,
  `read` tinyint(1) NOT NULL,
  `sales_process_id` bigint(20) NOT NULL,
  PRIMARY KEY (`id`),
  KEY `user_notifications_sales_process_id_df9a4148_fk_sales_process_id` (`sales_process_id`),
  CONSTRAINT `user_notifications_sales_process_id_df9a4148_fk_sales_process_id` FOREIGN KEY (`sales_process_id`) REFERENCES `sales_process` (`id`)
) ENGINE=InnoDB AUTO_INCREMENT=28 DEFAULT CHARSET=utf8mb4;
/*!40101 SET character_set_client = @saved_cs_client */;

--
-- Dumping data for table `user_notifications`
--

LOCK TABLES `user_notifications` WRITE;
/*!40000 ALTER TABLE `user_notifications` DISABLE KEYS */;
INSERT INTO `user_notifications` VALUES
(1,'2022-07-12 08:36:19.155284','2022-07-12 08:36:19.155306','차량의 견적요청이 접수 되었습니다.',1,5),
(2,'2022-07-12 08:46:34.395021','2022-07-12 08:46:34.395068','차량 판매를 위해 담당SC가 배정되었습니다.',1,5),
(3,'2022-07-12 08:48:36.383000','2022-07-12 08:48:36.383052','차량의 견적요청이 접수 되었습니다.',0,6),
(9,'2022-07-12 09:03:21.277123','2022-07-12 09:03:21.277193','차량 판매를 위해 SC 상담이 진행중입니다.',1,5),
(10,'2022-07-12 09:03:34.767049','2022-07-12 09:03:34.767082','차량의 판매 요청이 진행중입니다.',1,5),
(11,'2022-07-12 09:03:43.724189','2022-07-12 09:03:43.724215','차량이 판매 완료 되었습니다.',1,5),
(12,'2022-07-12 09:35:58.035476','2022-07-12 09:35:58.035534','차량의 견적요청이 접수 되었습니다.',0,7),
(13,'2022-07-13 17:50:37.321759','2022-07-13 17:50:37.321796','차량 판매를 위해 담당SC가 배정되었습니다.',0,6),
(14,'2022-07-13 17:55:52.269483','2022-07-13 17:55:52.269524','차량 판매를 위해 담당SC가 배정되었습니다.',0,7),
(15,'2022-07-13 18:01:59.809684','2022-07-13 18:01:59.809741','상담이 종료 되었습니다.',0,5),
(16,'2022-07-13 18:07:12.970482','2022-07-13 18:07:12.970534','차량이 판매 완료 되었습니다.',0,6),
(17,'2022-07-13 18:07:29.061650','2022-07-13 18:07:29.061696','상담이 종료 되었습니다.',0,6),
(18,'2022-07-13 18:08:06.143941','2022-07-13 18:08:06.143995','차량의 판매 요청이 진행중입니다.',0,7),
(19,'2022-07-13 18:08:20.022724','2022-07-13 18:08:20.022790','차량이 판매 완료 되었습니다.',0,7),
(20,'2022-07-13 18:08:58.045335','2022-07-13 18:08:58.045415','상담이 종료 되었습니다.',0,7),
(21,'2022-07-13 18:14:05.277818','2022-07-13 18:14:05.277848','차량이 판매 완료 되었습니다.',0,5),
(22,'2022-07-13 18:15:09.519315','2022-07-13 18:15:09.519363','차량이 판매 완료 되었습니다.',0,5),
(23,'2022-07-13 18:15:19.837635','2022-07-13 18:15:19.837681','차량이 판매 완료 되었습니다.',0,5),
(24,'2022-07-13 19:56:55.294448','2022-07-13 19:56:55.294505','차량의 견적요청이 접수 되었습니다.',0,8),
(25,'2022-07-13 20:00:06.463840','2022-07-13 20:00:06.463898','차량의 견적요청이 접수 되었습니다.',0,9),
(26,'2022-07-13 20:27:06.408014','2022-07-13 20:27:06.408060','차량 판매를 위해 담당SC가 배정되었습니다.',0,9),
(27,'2022-07-13 20:30:38.417149','2022-07-13 20:30:38.417201','차량 판매를 위해 담당SC가 배정되었습니다.',0,8);
/*!40000 ALTER TABLE `user_notifications` ENABLE KEYS */;
UNLOCK TABLES;
/*!40103 SET TIME_ZONE=@OLD_TIME_ZONE */;

/*!40101 SET SQL_MODE=@OLD_SQL_MODE */;
/*!40014 SET FOREIGN_KEY_CHECKS=@OLD_FOREIGN_KEY_CHECKS */;
/*!40014 SET UNIQUE_CHECKS=@OLD_UNIQUE_CHECKS */;
/*!40101 SET CHARACTER_SET_CLIENT=@OLD_CHARACTER_SET_CLIENT */;
/*!40101 SET CHARACTER_SET_RESULTS=@OLD_CHARACTER_SET_RESULTS */;
/*!40101 SET COLLATION_CONNECTION=@OLD_COLLATION_CONNECTION */;
/*!40111 SET SQL_NOTES=@OLD_SQL_NOTES */;

-- Dump completed on 2022-07-13 23:25:56
